trade_id,trader_id,company_id,ticker,trade_timestamp,action,instrument,order_type,quantity,price,trade_value,volume_ratio,volume_zscore_30d,trade_frequency_1h,trade_frequency_24h,buy_sell_ratio,hours_to_next_event,hours_since_last_event,is_pre_event_window,peer_group_deviation,unusual_instrument_flag,after_hours_flag,consecutive_profitable_trades,price_impact_proxy,network_risk,pnl_pct,fraud_probability,anomaly_score,rule_engine_score,risk_score,severity,is_anomalous,anomaly_type
TRD0081719,TRD0418,CMP004,KQZJ,2025-12-09 12:41:53,SELL,ETF,Bracket Order,62790,107.96,6778808.4,7.2463,5.8284,3,14,2.5119,3620.89,11.89,False,3.7768,False,False,3,0.799,0.2915,0.94,0.8229,0.6038,0.5961,67.0,Medium,True,spoofing
TRD0007426,TRD0203,CMP025,JXOT,2025-11-27 10:42:40,BUY,Equity,Market,5243,236.83,1241699.69,1.0569,0.1763,1,1,0.9829,62.88,416.13,False,-0.1289,False,False,0,0.0221,0.1169,-1.19,0.1498,0.0962,0.0143,11.01,Low,False,none
TRD0070820,TRD0024,CMP045,BPXM,2026-05-25 11:50:18,BUY,ETF,Market,114897,268.64,30865930.08,0.7856,-0.7981,1,5,1.3278,159.39,802.49,False,0.3539,False,False,0,0.0276,0.1403,-1.21,0.1063,0.1042,0.068,10.33,Low,False,none
TRD0102537,TRD0041,CMP038,UXVA,2026-02-19 15:44:40,SELL,Equity,Market,207798,660.05,137157069.9,7.4487,4.3043,2,4,2.6413,42.7,1054.25,True,3.3768,False,False,7,0.0265,0.862,0.56,0.9687,0.8686,0.7917,90.14,Critical,True,pump_and_dump
TRD0048977,TRD0003,CMP056,ASGU,2025-11-15 13:31:58,SELL,Equity,Bracket Order,215045,790.96,170091993.2,7.9827,3.5264,3,12,2.0796,19.71,9999.0,True,4.6808,False,False,5,1.0032,0.2248,2.88,0.5978,0.9432,0.4971,64.9,Medium,True,spoofing
TRD0011709,TRD0110,CMP058,JGPO,2026-05-02 14:03:56,SELL,Futures,Stop-Loss,12669,348.84,4419453.96,1.1504,-0.1479,2,4,0.7783,231.93,654.57,False,0.4083,True,False,5,0.1076,0.2277,0.82,0.1942,0.1074,0.0229,14.58,Low,False,none
TRD0094162,TRD0391,CMP022,TTZR,2026-05-15 08:21:02,SELL,ETF,Cover Order,135611,414.26,56178212.86,8.2195,4.9872,1,14,3.7499,1.77,1678.9,True,3.0211,False,True,0,0.9197,0.2387,-5.12,0.5734,0.7242,0.2467,53.62,Medium,True,front_running
TRD0035312,TRD0184,CMP025,JXOT,2025-11-10 10:39:00,BUY,Futures,Market,1230600,257.24,316559544.0,7.317,3.6228,5,20,1.9482,470.94,8.07,False,3.8148,True,False,2,0.4238,0.8894,0.78,0.859,0.8756,0.7884,85.64,Critical,True,pump_and_dump
TRD0084629,TRD0080,CMP037,BUYO,2025-10-01 13:43:39,SELL,ETF,Cover Order,4527,253.43,1147277.61,1.0521,-0.5447,1,19,1.9588,2999.71,9999.0,False,0.4613,False,False,5,0.0658,0.2697,0.27,0.1502,0.01,0.0539,10.56,Low,False,none
TRD0076217,TRD0372,CMP005,QSGC,2026-02-28 12:36:33,SELL,Equity,Cover Order,336586,102.25,34415918.5,10.201,5.5885,5,18,2.3073,32.48,1462.48,True,4.0686,False,False,0,0.8425,0.5577,-4.9,0.9526,0.8981,0.8527,88.18,Critical,True,insider_trading
TRD0117049,TRD0115,CMP019,ADNW,2026-05-26 14:51:28,BUY,Equity,Stop-Loss,22117,22.43,496084.31,1.2134,-0.2507,5,4,0.7789,91.41,354.04,False,-1.0102,False,False,3,0.0355,0.134,6.52,0.0152,0.4216,0.0577,15.54,Low,False,none
TRD0054056,TRD0475,CMP025,JXOT,2026-01-28 13:59:19,BUY,Equity,Cover Order,613874,229.11,140644672.14,2.2279,-1.9946,4,19,0.6503,83.31,1428.4,False,-0.6848,False,False,0,0.1248,0.8184,-6.74,0.0452,0.1909,0.0424,16.58,Low,False,none
TRD0066675,TRD0061,CMP042,EKVN,2026-02-24 11:14:54,BUY,Equity,Stop-Loss,187205,211.07,39513359.35,0.801,-0.9709,2,19,1.5597,81.21,569.55,False,0.207,False,False,0,0.069,0.2803,-0.62,0.0647,0.0924,0.0247,8.86,Low,False,none
TRD0044350,TRD0393,CMP034,SIHG,2025-11-09 12:36:16,SELL,ETF,Bracket Order,6356,298.25,1895677.0,0.8241,-0.1216,5,23,1.2431,443.64,197.58,False,0.2707,False,False,0,0.0572,0.2266,-2.63,0.0461,0.1749,0.1215,11.41,Low,False,none
TRD0033919,TRD0240,CMP034,SIHG,2026-02-27 12:19:22,BUY,Futures,Stop-Loss,11591,295.37,3423633.67,0.9817,0.6443,3,20,0.7273,112.84,81.74,False,-0.1239,True,False,2,0.0321,0.6469,2.98,0.2172,0.0334,0.0102,17.4,Low,False,none
TRD0057487,TRD0156,CMP023,OTXX,2026-04-25 11:14:11,BUY,ETF,Cover Order,10555,3181.19,33577460.45,0.784,0.6039,1,24,0.5878,127.94,2729.83,False,0.6958,False,False,5,0.0197,0.0661,4.39,0.1931,0.011,0.098,11.15,Low,False,none
TRD0085349,TRD0178,CMP052,QXXS,2026-06-09 18:01:59,BUY,Equity,Market,366718,1771.48,649633602.64,8.0604,4.53,3,8,3.3557,42.85,1345.72,True,3.9171,False,True,6,1.039,0.1375,5.43,0.7147,0.6213,0.7773,63.83,Medium,True,pump_and_dump
TRD0082621,TRD0210,CMP024,GGME,2026-01-15 11:57:15,SELL,ETF,Limit,168717,49.85,8410542.45,6.7624,4.1696,3,8,3.7039,10.7,420.29,True,3.3662,False,False,3,0.8673,0.8977,5.83,0.6101,0.6108,0.5488,62.99,Medium,True,insider_trading
TRD0049146,TRD0452,CMP007,PZVF,2026-03-19 14:54:54,BUY,Equity,Market,23521,41.4,973769.4,1.2612,-0.4648,2,18,1.6295,9999.0,118.45,False,0.1752,False,False,4,0.0121,0.0701,4.52,0.0242,0.3791,0.0295,13.61,Low,False,none
TRD0050940,TRD0361,CMP017,FNLM,2025-10-09 14:35:11,BUY,ETF,Cover Order,79287,623.66,49448130.42,2.1004,-1.0617,3,8,1.1512,3678.68,9999.0,False,0.9124,False,False,6,0.0628,0.1152,0.3,0.0644,0.0847,0.0186,6.87,Low,False,none
TRD0036670,TRD0397,CMP055,NKNY,2026-01-21 18:39:00,BUY,ETF,Cover Order,1210384,1098.57,1329691550.88,7.5118,4.3854,1,21,3.5497,1465.68,9.81,False,3.5678,False,True,4,0.5049,0.3764,3.21,0.8769,0.7117,0.5414,72.7,High,True,spoofing
TRD0041145,TRD0087,CMP015,WXZK,2026-03-14 10:01:16,BUY,Equity,Bracket Order,84143,584.13,49150450.59,0.6965,-1.3856,3,21,1.3727,1138.75,362.73,False,0.2526,False,False,3,0.0205,0.0972,5.14,0.0723,0.1554,0.075,10.01,Low,False,none
TRD0105123,TRD0189,CMP034,SIHG,2026-03-04 12:05:47,SELL,Equity,Market,178664,307.38,54917740.32,11.6393,3.2881,2,8,2.6528,114.11,6.94,False,2.9135,False,False,6,0.1119,0.3276,3.15,0.8212,0.8058,0.7036,74.96,High,True,insider_trading
TRD0029153,TRD0045,CMP004,KQZJ,2026-05-08 16:25:29,BUY,Options,Bracket Order,71549,115.22,8243875.78,5.6637,3.492,2,17,2.5057,17.16,3615.61,True,2.6603,True,True,3,0.6431,0.788,3.33,0.9642,0.8639,0.7453,88.37,Critical,True,circular_trading
TRD0000917,TRD0053,CMP018,YGCX,2026-05-16 11:56:40,SELL,ETF,Cover Order,6626,753.95,4995672.7,1.011,0.3049,3,11,1.3948,797.58,176.92,False,-0.0215,False,False,1,0.0605,0.2471,0.51,0.0017,0.1048,0.1239,7.55,Low,False,none
TRD0026157,TRD0309,CMP021,TXFE,2025-12-15 13:51:29,BUY,ETF,Bracket Order,46732,126.14,5894774.48,1.2216,0.1828,3,4,0.9942,435.92,395.14,False,0.1115,False,False,1,0.0399,0.2159,4.47,0.0313,0.1538,0.0304,8.64,Low,False,none
TRD0074505,TRD0248,CMP044,UDJH,2026-05-30 09:43:29,SELL,Options,Market,664760,27.85,18513566.0,9.7687,3.9189,1,3,3.8604,11.15,478.87,True,4.973,True,False,6,0.4301,0.4378,2.49,0.6673,0.6855,0.494,62.38,Medium,True,insider_trading
TRD0078523,TRD0355,CMP028,EZAB,2025-12-18 13:43:17,SELL,Equity,Bracket Order,16625,1943.8,32315675.0,0.9494,1.0183,5,9,1.6781,2828.63,1057.61,False,-0.3574,False,False,0,0.0628,0.1691,-2.24,0.0682,0.1467,0.0201,9.46,Low,False,none
TRD0017957,TRD0042,CMP048,JGWJ,2026-05-22 12:20:59,BUY,Options,Cover Order,867534,113.48,98447758.32,8.4668,3.6779,1,13,1.5754,29.37,878.69,True,2.5049,True,False,3,0.2047,0.4561,3.78,0.4722,0.8156,0.7298,61.22,Medium,True,insider_trading
TRD0090140,TRD0266,CMP035,AQPF,2026-05-04 13:06:16,BUY,Equity,Bracket Order,6355,1020.78,6487056.9,0.9076,1.1801,3,10,0.8822,802.08,330.91,False,-0.5101,False,False,1,0.1045,0.5211,3.44,0.028,0.0169,0.13,8.93,Low,False,none
TRD0081326,TRD0255,CMP003,NCBQ,2026-02-15 13:43:41,BUY,Options,Limit,103566,89.46,9265014.36,3.6414,6.7116,2,19,3.1912,982.52,4.39,False,4.7454,True,False,2,0.0205,0.8046,7.3,0.7699,0.7266,0.2511,68.26,Medium,True,front_running
TRD0077256,TRD0222,CMP005,QSGC,2026-01-10 11:47:48,BUY,Equity,Market,16100,103.73,1670053.0,0.816,0.1765,4,11,1.9243,1209.29,285.67,False,0.8871,False,False,4,0.109,0.7021,0.87,0.1473,0.0314,0.0338,15.1,Low,False,none
TRD0102907,TRD0369,CMP010,VTWH,2026-02-25 10:47:38,BUY,Equity,Limit,22434,62.65,1405490.1,1.0443,-0.3102,4,15,1.2722,62.07,2436.13,False,-1.9697,False,False,2,0.0918,0.5509,4.3,0.0527,0.0176,0.0244,8.77,Low,False,none
TRD0028842,TRD0225,CMP055,NKNY,2026-01-05 09:34:01,SELL,Futures,Bracket Order,244910,1079.25,264319117.5,8.8069,4.3268,4,2,2.6768,49.2,220.88,False,4.739,True,False,6,0.8639,0.3988,1.79,0.8386,0.792,0.8004,77.49,High,True,insider_trading
TRD0030909,TRD0084,CMP001,LMTI,2026-04-07 14:27:49,SELL,ETF,Limit,7608,323.43,2460655.44,0.7236,0.3167,3,13,1.8939,416.36,685.44,False,1.4367,False,False,5,0.1024,0.2018,2.08,0.1565,0.0062,0.0272,9.65,Low,False,none
TRD0078553,TRD0132,CMP057,PNYK,2025-11-01 14:31:09,SELL,ETF,Limit,30592,57.38,1755368.96,1.0903,0.8927,1,18,0.6372,265.17,9999.0,False,-0.6821,False,False,2,0.069,0.0439,0.5,0.046,0.0508,0.0909,5.4,Low,False,none
TRD0025150,TRD0252,CMP001,LMTI,2026-03-09 11:18:20,SELL,Equity,Market,232445,356.04,82759717.8,6.5751,2.8249,5,7,2.0822,13.72,199.61,True,4.1327,False,False,5,0.3661,0.7888,6.56,0.9092,0.588,0.8418,79.07,High,True,spoofing
TRD0018672,TRD0475,CMP014,DJHR,2026-04-15 13:39:53,SELL,ETF,Stop-Loss,3015035,121.37,365934797.95,10.2773,3.9289,1,8,1.7726,36.68,1446.95,True,2.3988,False,False,4,0.4844,0.8184,2.31,0.6396,0.5969,0.7174,65.63,Medium,True,spoofing
TRD0098558,TRD0248,CMP036,UCCA,2025-12-04 17:27:06,BUY,ETF,Bracket Order,206339,175.01,36111388.39,3.411,3.4264,4,16,2.3225,35.67,128.09,True,3.4067,False,True,1,0.4003,0.4378,7.73,0.8252,0.6903,0.7655,73.7,High,True,pump_and_dump
TRD0109140,TRD0326,CMP056,ASGU,2025-11-14 11:22:08,SELL,Equity,Cover Order,214005,741.96,158783149.8,7.3167,6.6222,5,7,1.6984,45.88,9999.0,True,4.4077,False,False,4,0.7087,0.391,1.54,0.7366,0.5086,0.7613,63.73,Medium,True,layering
TRD0077769,TRD0184,CMP042,EKVN,2025-12-29 13:48:27,SELL,ETF,Limit,690640,217.99,150552613.6,4.761,2.6318,2,18,2.6933,23.35,1400.58,True,4.2816,False,False,3,0.2055,0.8894,1.68,0.8599,0.815,0.898,85.51,Critical,True,insider_trading
TRD0027714,TRD0351,CMP028,EZAB,2026-04-17 10:34:12,SELL,Futures,Bracket Order,144966,1913.41,277379394.06,3.2351,3.414,1,17,2.5626,38.17,48.22,True,4.1924,True,False,6,0.0285,0.6234,5.25,0.565,0.8422,0.6843,67.19,Medium,True,layering
TRD0105506,TRD0184,CMP005,QSGC,2026-06-16 09:41:23,BUY,Equity,Bracket Order,779168,148.66,115831114.88,6.2044,3.7455,1,10,2.771,44.53,2556.6,True,4.5966,False,False,6,0.6243,0.8894,6.12,0.7571,0.8878,0.8757,82.73,High,True,pump_and_dump
TRD0104353,TRD0042,CMP052,QXXS,2025-11-18 18:52:12,SELL,Equity,Stop-Loss,945993,1785.46,1689032661.78,7.6325,3.6202,2,19,3.6488,257.34,0.17,False,4.4205,False,True,0,0.4881,0.4561,-1.87,0.5488,0.5487,0.428,52.14,Medium,True,insider_trading
TRD0084128,TRD0487,CMP042,EKVN,2026-05-21 07:43:04,SELL,Equity,Stop-Loss,24840,272.3,6763932.0,1.0539,0.2023,1,7,0.9859,439.59,455.5,False,-0.5425,False,True,0,0.0836,0.1843,-9.54,0.0671,0.0233,0.0024,5.6,Low,False,none
TRD0058244,TRD0042,CMP023,OTXX,2025-11-22 18:18:46,SELL,ETF,Bracket Order,853609,3161.39,2698590956.51,6.4896,4.6707,4,23,2.2071,11.79,9999.0,True,3.3133,False,True,3,0.4172,0.4561,4.18,0.8827,0.5722,0.4882,68.77,Medium,True,wash_trading
TRD0113373,TRD0324,CMP044,UDJH,2026-01-18 16:04:14,BUY,ETF,Cover Order,71579,69.07,4943961.53,9.7211,3.4198,5,11,3.9925,651.09,9.85,False,3.7355,False,True,6,0.0528,0.186,1.81,0.8836,0.4892,0.2018,59.32,Medium,True,layering
TRD0059735,TRD0301,CMP059,RFEI,2026-01-23 09:27:11,BUY,ETF,Bracket Order,94529,96.63,9134337.27,0.8699,-0.5466,2,5,0.9332,159.92,1012.09,False,-0.0685,False,False,2,0.0762,0.3262,6.17,0.1609,0.0345,0.0815,12.76,Low,False,none
TRD0023534,TRD0390,CMP045,BPXM,2026-01-29 09:33:15,SELL,ETF,Stop-Loss,59285,249.76,14807021.6,6.6709,3.2395,5,6,3.5549,37.86,9999.0,True,4.0664,False,False,4,0.5996,0.6803,5.87,0.8565,0.8188,0.9206,83.72,High,True,layering
TRD0026186,TRD0160,CMP042,EKVN,2025-10-31 09:09:33,BUY,Options,Bracket Order,80178,233.04,18684681.12,9.3354,4.9163,1,21,2.7025,20.07,9999.0,True,3.6203,True,False,0,0.3332,0.1215,-0.01,0.9705,0.9658,0.7621,85.29,Critical,True,insider_trading
TRD0063435,TRD0204,CMP050,MCCS,2025-11-29 12:16:10,BUY,Equity,Bracket Order,23126,91.81,2123198.06,0.9808,0.0603,3,7,1.3474,359.9,9999.0,False,-0.5882,False,False,4,0.0703,0.2099,3.6,0.0754,0.0027,0.0314,6.04,Low,False,none
TRD0089836,TRD0359,CMP013,RXNL,2025-11-11 12:39:08,BUY,Options,Stop-Loss,88601,134.65,11930124.65,11.5058,3.62,3,24,3.6661,30.97,9999.0,True,4.5879,True,False,7,0.66,0.3502,5.07,0.8471,0.7878,0.5978,74.22,High,True,front_running
TRD0071383,TRD0123,CMP002,JBDO,2025-12-13 10:30:32,BUY,Equity,Limit,34898,73.13,2552090.74,0.6706,0.3958,4,19,1.8572,1649.01,250.87,False,0.5301,False,False,4,0.1124,0.241,0.24,0.0609,0.0819,0.0414,8.23,Low,False,none
TRD0076725,TRD0166,CMP048,JGWJ,2026-03-04 15:15:13,SELL,Equity,Market,50590,127.62,6456295.8,1.1617,-0.6951,3,7,1.8954,225.66,866.28,False,-0.5583,False,False,2,0.0509,0.2331,5.4,0.0585,0.0209,0.011,5.76,Low,False,none
TRD0102570,TRD0071,CMP003,NCBQ,2025-10-22 15:25:28,BUY,Options,Limit,36858,109.2,4024893.6,1.3642,-0.3754,4,3,0.8004,2665.13,9999.0,False,0.0327,True,False,1,0.0099,0.2838,1.29,0.0659,0.1815,0.0933,12.65,Low,False,none
TRD0096777,TRD0244,CMP033,CHAM,2026-05-02 10:30:00,BUY,Equity,Stop-Loss,1168,1352.81,1580082.08,1.2844,1.1775,4,1,1.6603,9999.0,211.13,False,-0.6009,False,False,3,0.0339,0.056,9.15,0.0097,0.0087,0.0046,1.33,Low,False,none
TRD0085044,TRD0402,CMP040,PWVJ,2025-11-06 12:59:34,SELL,ETF,Market,13838,54.91,759844.58,0.7794,0.4878,2,17,1.8079,2001.04,9999.0,False,-0.1721,False,False,4,0.0421,0.0902,1.25,0.0571,0.1158,0.0191,7.23,Low,False,none
TRD0029774,TRD0045,CMP025,JXOT,2026-01-31 07:37:15,SELL,Equity,Bracket Order,120386,245.69,29577636.34,8.6628,6.9846,3,10,2.6873,17.67,1494.03,True,2.4137,False,True,3,0.0972,0.788,3.36,0.6602,0.7028,0.5327,66.66,Medium,True,insider_trading
TRD0084303,TRD0385,CMP017,FNLM,2026-05-08 11:49:24,BUY,ETF,Stop-Loss,91244,628.71,57366015.24,7.8798,4.6965,2,22,2.3761,20.77,578.0,True,4.2234,False,False,1,0.8313,0.69,5.9,0.9519,0.5368,0.7001,76.34,High,True,wash_trading
TRD0067490,TRD0306,CMP004,KQZJ,2026-06-17 12:57:29,SELL,Equity,Bracket Order,216678,87.65,18991826.7,9.5402,6.9857,3,6,3.9963,9999.0,3.44,False,2.49,False,False,0,0.7725,0.078,-3.13,0.6802,0.6877,0.4905,59.38,Medium,True,insider_trading
TRD0036080,TRD0041,CMP007,PZVF,2026-03-13 12:48:32,BUY,Futures,Bracket Order,281623,46.06,12971555.38,11.8718,5.5868,2,7,2.4846,27.66,1050.79,True,3.374,True,False,2,0.8045,0.862,4.25,0.9813,0.8557,0.8635,91.4,Critical,True,wash_trading
TRD0012402,TRD0372,CMP022,TTZR,2025-12-17 13:04:30,BUY,ETF,Bracket Order,323151,435.15,140619157.65,11.5155,3.2816,5,23,2.271,33.01,9999.0,True,4.0336,False,False,7,0.8139,0.5577,2.89,0.4146,0.573,0.7542,52.74,Medium,True,insider_trading
TRD0024358,TRD0442,CMP034,SIHG,2026-04-03 12:55:32,BUY,Equity,Limit,23259,310.08,7212150.72,0.9298,0.1918,2,13,0.7548,1052.91,606.71,False,0.4545,False,False,0,0.0627,0.116,-1.61,0.0156,0.0771,0.1067,5.78,Low,False,none
TRD0118505,TRD0063,CMP030,FHSA,2025-12-08 16:48:05,BUY,Equity,Limit,375921,156.12,58688786.52,10.0347,3.9634,1,18,2.5955,33.03,9999.0,True,2.3426,False,True,4,0.8441,0.6313,1.26,0.9313,0.9198,0.686,86.11,Critical,True,front_running
TRD0012491,TRD0293,CMP017,FNLM,2026-06-08 09:12:35,SELL,ETF,Stop-Loss,15375,621.87,9561251.25,0.9106,0.2825,1,2,1.1223,9999.0,92.24,False,0.0473,False,False,3,0.0721,0.0936,2.4,0.0147,0.166,0.0079,6.7,Low,False,none
TRD0042748,TRD0056,CMP048,JGWJ,2025-12-27 12:08:24,SELL,Equity,Stop-Loss,1860,116.57,216820.2,1.1929,-0.3714,1,5,1.8494,744.83,839.27,False,-0.527,False,False,1,0.0704,0.4084,5.91,0.1341,0.0123,0.047,11.19,Low,False,none
TRD0097818,TRD0311,CMP020,IARJ,2026-03-18 13:18:11,BUY,Options,Bracket Order,88077,1072.41,94454655.57,7.2658,3.2285,2,11,1.6612,32.71,351.63,True,4.7782,True,False,4,1.0475,0.1389,3.06,0.6699,0.8709,0.4759,64.8,Medium,True,insider_trading
TRD0018381,TRD0472,CMP034,SIHG,2026-04-08 10:11:17,SELL,ETF,Stop-Loss,25506,285.19,7274056.14,0.974,-0.8299,1,19,0.5469,935.65,723.98,False,0.6721,False,False,0,0.0342,0.2599,-3.47,0.0519,0.0914,0.0972,9.13,Low,False,none
TRD0079371,TRD0062,CMP053,SVJO,2026-01-10 15:51:20,BUY,Equity,Market,2508,12.5,31350.0,0.8587,-0.5524,2,6,1.2404,117.61,9999.0,False,-1.3427,False,False,0,0.0674,0.2077,-0.72,0.0704,0.0122,0.1236,7.46,Low,False,none
TRD0071804,TRD0388,CMP040,PWVJ,2026-05-07 09:14:24,SELL,ETF,Market,47948,14.07,674628.36,1.3083,-0.8844,3,14,0.6835,9999.0,972.56,False,0.4309,False,False,5,0.09,0.1024,2.09,0.1136,0.0311,0.0784,8.24,Low,False,none
TRD0082769,TRD0164,CMP008,OIUY,2025-10-24 15:05:32,SELL,ETF,Bracket Order,32766,886.58,29049680.28,0.9592,0.2789,4,7,0.7392,1351.91,9999.0,False,-0.7508,False,False,4,0.0852,0.1522,2.91,0.0953,0.0604,0.1736,10.23,Low,False,none
TRD0002282,TRD0412,CMP051,NQWS,2026-02-01 11:33:20,BUY,ETF,Limit,425320,1.12,476358.4,5.9799,5.5362,5,5,2.1865,10.88,1571.96,True,4.9094,False,False,5,0.5613,0.5609,2.62,0.9783,0.9124,0.5699,85.55,Critical,True,pump_and_dump
TRD0059446,TRD0222,CMP053,SVJO,2026-03-01 10:06:09,SELL,Equity,Market,72544,55.64,4036348.16,4.7442,5.5808,4,22,1.8884,31.0,1076.64,True,3.6318,False,False,6,0.5166,0.7021,6.55,0.9389,0.9449,0.6605,87.53,Critical,True,insider_trading
TRD0083037,TRD0065,CMP003,NCBQ,2025-10-28 11:29:18,BUY,ETF,Bracket Order,6922,111.48,771664.56,1.1534,-0.1973,3,22,1.7587,2525.07,9999.0,False,0.6073,False,False,2,0.0501,0.1531,1.97,0.0653,0.0558,0.1067,7.74,Low,False,none
TRD0045947,TRD0210,CMP054,SCIM,2026-06-11 13:36:17,BUY,Equity,Bracket Order,52516,192.03,10084647.48,3.0008,3.2565,5,17,3.9169,54.35,387.89,False,4.723,False,False,0,0.3485,0.8977,-0.79,0.5278,0.7931,0.753,67.82,Medium,True,wash_trading
TRD0070497,TRD0147,CMP007,PZVF,2026-02-17 12:18:44,BUY,ETF,Stop-Loss,99923,13.28,1326977.44,1.0366,-1.4047,5,6,1.4536,604.16,474.29,False,0.047,False,False,6,0.0293,0.1613,4.23,0.4113,0.1055,0.0032,23.33,Low,False,none
TRD0016512,TRD0316,CMP005,QSGC,2026-06-17 12:32:19,BUY,ETF,Cover Order,219014,116.46,25506370.44,11.8736,3.91,4,8,3.1605,17.68,2583.45,True,2.7901,False,False,6,0.8976,0.1358,1.84,0.8168,0.7773,0.4527,68.22,Medium,True,insider_trading
TRD0103959,TRD0336,CMP011,CGLO,2025-11-05 13:48:55,SELL,Options,Limit,441703,53.77,23750370.31,11.1796,5.4004,2,23,3.426,20.06,48.83,True,3.4897,True,False,6,0.8867,0.7178,5.06,0.9363,0.9394,0.7644,88.96,Critical,True,spoofing
TRD0017572,TRD0203,CMP004,KQZJ,2026-06-16 07:34:17,SELL,Options,Stop-Loss,51420,122.01,6273754.2,8.7234,3.8477,2,6,1.6164,25.95,909.99,True,2.1187,True,True,1,0.5677,0.1169,4.98,0.8781,0.6069,0.4928,66.28,Medium,True,wash_trading
TRD0027243,TRD0397,CMP059,RFEI,2026-03-04 14:32:59,BUY,ETF,Cover Order,86485,84.11,7274253.35,0.5578,-0.4361,2,9,0.5522,43.65,805.17,True,0.3022,False,False,2,0.0948,0.3764,1.21,0.1497,0.2306,0.1713,19.99,Low,False,none
TRD0076767,TRD0210,CMP002,JBDO,2026-02-23 14:55:31,BUY,Equity,Limit,132784,95.66,12702117.44,5.5037,6.6808,4,8,2.3283,47.65,83.4,True,2.5517,False,False,3,0.1713,0.8977,0.76,0.9473,0.757,0.4435,80.97,High,True,insider_trading
TRD0050678,TRD0388,CMP034,SIHG,2026-05-29 15:04:11,SELL,ETF,Limit,34429,316.81,10907451.49,0.9774,0.6475,1,15,1.2836,9999.0,293.23,False,0.9165,False,False,4,0.0718,0.1024,1.34,0.0094,0.1267,0.0058,5.34,Low,False,none
TRD0086998,TRD0207,CMP054,SCIM,2026-06-14 15:36:53,BUY,ETF,Stop-Loss,150601,158.58,23882306.58,8.7514,4.7101,3,14,1.6293,9999.0,19.66,False,2.8337,False,False,0,0.8163,0.5604,-3.61,0.9792,0.8539,0.5837,84.04,High,True,insider_trading
TRD0018196,TRD0162,CMP026,UGLJ,2025-12-09 14:14:46,BUY,ETF,Market,21111,1542.52,32564139.72,0.7886,1.2039,1,10,1.8273,340.94,934.16,False,-1.1429,False,False,4,0.053,0.2769,5.53,0.1259,0.0425,0.0329,10.2,Low,False,none
TRD0102634,TRD0369,CMP057,PNYK,2025-12-08 15:41:52,SELL,ETF,Limit,107621,60.61,6522908.81,4.3898,5.5932,4,2,2.2461,22.35,624.0,True,2.1625,False,False,1,1.0975,0.5509,1.95,0.7362,0.6204,0.8191,69.54,Medium,True,circular_trading
TRD0112395,TRD0228,CMP035,AQPF,2026-06-06 14:32:11,SELL,ETF,Limit,16395,1078.84,17687581.8,4.3394,4.993,3,4,3.5048,8.65,1124.34,True,2.1553,False,False,6,0.1823,0.2181,8.15,0.9209,0.4284,0.9412,70.59,High,True,insider_trading
TRD0114085,TRD0312,CMP025,JXOT,2025-11-08 12:07:25,SELL,Futures,Bracket Order,597542,213.09,127330224.78,9.7547,6.7489,1,10,2.7063,38.46,9999.0,True,3.2933,True,False,6,0.0634,0.7761,0.15,0.8798,0.7188,0.6396,78.51,High,True,insider_trading
TRD0015245,TRD0473,CMP017,FNLM,2026-03-18 12:33:44,SELL,Equity,Cover Order,35139,647.15,22740203.85,0.8953,0.151,1,5,0.7987,645.26,159.3,False,0.8645,False,False,6,0.0054,0.2398,2.72,0.2697,0.1161,0.0051,18.09,Low,False,none
TRD0110369,TRD0255,CMP055,NKNY,2026-01-07 14:30:30,BUY,ETF,Stop-Loss,96599,1097.08,105976830.92,3.1784,5.2338,1,14,3.1656,330.33,3.74,False,2.9196,False,False,0,0.2324,0.8046,-1.22,0.8637,0.8327,0.6863,82.19,High,True,layering
TRD0094008,TRD0369,CMP042,EKVN,2026-06-08 15:03:49,BUY,ETF,Market,170301,235.24,40061607.24,7.0326,6.065,2,11,1.6861,0.24,894.85,True,4.8485,False,False,7,0.7152,0.5509,1.15,0.891,0.9354,0.6686,83.7,High,True,layering
TRD0013954,TRD0385,CMP000,SPDZ,2026-01-24 16:59:03,SELL,Equity,Bracket Order,54675,483.53,26437002.75,4.5636,6.4749,2,17,1.9851,24.98,17.73,True,4.3804,False,True,0,0.0128,0.69,-0.5,0.7885,0.8813,0.9342,82.83,High,True,layering
TRD0068255,TRD0359,CMP044,UDJH,2025-11-25 12:01:27,SELL,Equity,Limit,8328,45.39,378007.92,1.4435,1.1732,2,20,1.8704,857.29,9999.0,False,-0.8174,False,False,0,0.0415,0.3502,-0.52,0.0674,0.0208,0.0534,7.96,Low,False,none
TRD0064533,TRD0359,CMP031,NGEI,2026-03-21 12:34:10,SELL,ETF,Stop-Loss,10484,441.08,4624282.72,1.4666,-0.6046,3,10,1.7473,326.82,1163.17,False,-0.0917,False,False,0,0.0483,0.3502,-0.44,0.0409,0.2388,0.0706,13.57,Low,False,none
TRD0084698,TRD0243,CMP020,IARJ,2026-03-31 11:22:21,BUY,ETF,Limit,25038,1078.44,27001980.72,1.3142,-0.3083,4,21,1.3157,393.28,277.36,False,-0.9937,False,False,1,0.0958,0.2698,2.15,0.1032,0.2333,0.0494,15.08,Low,False,none
TRD0045716,TRD0250,CMP006,XBFQ,2025-11-26 15:37:26,BUY,ETF,Cover Order,40663,62.68,2548756.84,1.1081,0.7865,1,3,0.6761,1965.0,9999.0,False,-1.2812,False,False,0,0.0642,0.1792,-4.56,0.1515,0.0617,0.0511,11.23,Low,False,none
TRD0056825,TRD0483,CMP044,UDJH,2025-12-29 10:37:12,BUY,ETF,Limit,180052,48.92,8808143.84,7.1103,2.6946,5,19,3.712,42.7,9999.0,True,2.7171,False,False,0,0.1964,0.1801,-0.3,0.664,0.6384,0.8478,63.55,Medium,True,pump_and_dump
TRD0014821,TRD0028,CMP033,CHAM,2026-03-29 10:30:43,SELL,Equity,Market,8924,1365.8,12188399.2,1.1404,0.7633,2,6,1.8067,604.86,1701.88,False,0.9277,False,False,0,0.1244,0.4399,-1.38,0.0159,0.0115,0.0523,6.24,Low,False,none
TRD0103978,TRD0255,CMP022,TTZR,2026-03-04 15:03:50,BUY,Futures,Market,124745,376.74,46996431.3,5.2529,2.5071,4,22,1.6633,42.39,419.77,True,3.4369,True,False,6,0.9271,0.8046,5.04,0.8892,0.702,0.5939,78.03,High,True,pump_and_dump
TRD0027226,TRD0248,CMP043,QBPR,2025-11-23 14:35:38,SELL,ETF,Cover Order,61123,449.11,27450950.53,1.2333,-1.0059,3,8,1.6614,1585.3,9999.0,False,1.5936,False,False,3,0.0004,0.4378,1.64,0.0732,0.0371,0.1716,11.36,Low,False,none
TRD0078767,TRD0099,CMP051,NQWS,2026-03-03 15:43:17,BUY,ETF,Cover Order,16063,5.07,81439.41,0.7842,0.1008,5,18,0.8645,1465.52,713.28,False,-1.1103,False,False,5,0.0566,0.2542,3.71,0.0049,0.0233,0.0325,3.95,Low,False,none
TRD0067390,TRD0097,CMP047,VBOF,2026-01-30 14:33:46,SELL,ETF,Market,602279,288.75,173908061.25,11.8034,4.0516,4,9,3.3663,47.96,2128.99,True,2.5152,False,False,7,0.2312,0.8788,2.36,0.6523,0.9072,0.8224,77.69,High,True,front_running
TRD0050336,TRD0041,CMP006,XBFQ,2026-02-14 13:47:15,BUY,ETF,Stop-Loss,91015,57.95,5274319.25,4.5603,6.336,3,21,2.281,46.84,9999.0,True,3.7444,False,False,5,0.4521,0.862,0.08,0.9565,0.8436,0.6666,86.97,Critical,True,spoofing
TRD0038635,TRD0462,CMP021,TXFE,2026-01-10 09:30:26,BUY,Options,Market,329733,79.2,26114853.6,9.7674,6.259,2,4,2.2369,16.9,183.72,True,3.6142,True,False,1,0.3983,0.5748,2.96,0.8748,0.9384,0.8682,86.29,Critical,True,front_running
TRD0106593,TRD0063,CMP027,BNLN,2025-12-28 07:45:13,SELL,Equity,Market,338423,287.51,97299996.73,11.6341,6.8663,4,1,2.7732,30.33,290.04,True,2.2133,False,True,4,0.0016,0.6313,4.05,0.7432,0.9418,0.7387,79.09,High,True,insider_trading
TRD0097011,TRD0398,CMP004,KQZJ,2026-04-02 10:17:13,SELL,ETF,Bracket Order,20208,130.19,2630879.52,1.3561,-0.1166,2,1,0.7688,887.3,2745.48,False,-0.3963,False,False,1,0.0914,0.152,6.27,0.0408,0.0976,0.0182,6.56,Low,False,none
TRD0000181,TRD0326,CMP051,NQWS,2026-04-15 14:15:45,SELL,ETF,Market,31278,11.99,375023.22,0.7957,-1.4294,2,5,1.5694,434.98,1743.82,False,0.2359,False,False,6,0.032,0.391,3.47,0.098,0.0476,0.1111,11.41,Low,False,none
TRD0015408,TRD0379,CMP022,TTZR,2026-03-09 09:50:02,BUY,ETF,Limit,15955,424.86,6778641.3,0.9429,0.4019,3,4,1.0675,1608.29,72.38,False,-0.722,False,False,1,0.0584,0.0015,5.75,0.043,0.3562,0.0245,13.0,Low,False,none
TRD0074647,TRD0300,CMP059,RFEI,2025-12-13 14:13:04,SELL,Options,Stop-Loss,15387,95.99,1476998.13,0.8615,0.2253,3,3,0.6868,1139.16,32.85,False,-0.2716,True,False,5,0.0727,0.1297,2.07,0.1724,0.2084,0.043,15.95,Low,False,none
TRD0000569,TRD0021,CMP042,EKVN,2026-06-07 16:15:54,BUY,Equity,Stop-Loss,332513,245.98,81791547.74,8.7644,3.4038,3,24,2.8825,23.04,872.05,True,4.8581,False,True,6,0.7279,0.1835,4.22,0.6112,0.8165,0.3884,59.66,Medium,True,insider_trading
TRD0099664,TRD0165,CMP038,UXVA,2026-03-20 11:08:01,SELL,Equity,Limit,83215,647.04,53843433.6,0.8679,-0.958,5,3,1.152,1176.16,648.69,False,-1.2258,False,False,7,0.0167,0.3813,3.68,0.039,0.0776,0.0196,8.19,Low,False,none
TRD0009034,TRD0248,CMP031,NGEI,2026-01-10 15:48:08,SELL,Equity,Limit,410030,468.56,192123656.8,6.942,3.6124,2,20,2.7304,513.6,7.6,False,3.1488,False,False,7,0.4418,0.4378,2.84,0.6749,0.6962,0.4773,62.79,Medium,True,front_running
TRD0105247,TRD0222,CMP050,MCCS,2026-04-25 13:45:56,BUY,ETF,Bracket Order,105007,73.58,7726415.06,7.008,5.7177,3,19,1.8423,32.65,839.85,True,3.8188,False,False,0,0.2912,0.7021,-1.04,0.8418,0.9442,0.8608,86.14,Critical,True,layering
TRD0021645,TRD0359,CMP045,BPXM,2026-04-21 10:44:37,BUY,ETF,Bracket Order,68402,260.71,17833085.42,8.9177,5.0466,5,1,3.3228,14.61,1931.33,True,2.4884,False,False,6,0.6127,0.3502,3.82,0.8409,0.6465,0.5588,69.12,Medium,True,insider_trading
TRD0001745,TRD0090,CMP002,JBDO,2026-02-25 13:41:08,BUY,Equity,Limit,32863,133.25,4378994.75,4.8155,5.1095,5,23,2.12,0.89,130.16,True,4.5497,False,False,1,0.4535,0.6416,3.2,0.8445,0.9254,0.5061,79.77,High,True,spoofing
TRD0096959,TRD0001,CMP034,SIHG,2026-06-07 14:40:23,BUY,Equity,Stop-Loss,7534,306.07,2305931.38,0.9193,0.4468,1,4,1.74,9999.0,508.83,False,-0.338,False,False,2,0.0296,0.1914,1.33,0.0628,0.0098,0.0854,6.32,Low,False,none
TRD0115792,TRD0296,CMP024,GGME,2026-01-12 13:14:00,BUY,Equity,Market,27180,54.66,1485658.8,1.1312,-0.4891,1,24,0.5323,81.42,349.57,False,-0.1867,False,False,0,0.0003,0.2512,-4.18,0.0141,0.0161,0.0018,3.66,Low,False,none
TRD0111536,TRD0045,CMP028,EZAB,2026-04-18 11:49:19,SELL,Futures,Market,129553,1932.21,250323602.13,9.6432,3.578,2,9,3.8497,12.91,73.47,True,4.6618,True,False,1,0.0879,0.788,6.42,0.2866,0.8446,0.7237,56.97,Medium,True,circular_trading
TRD0040284,TRD0372,CMP032,MXGK,2026-05-18 09:37:18,BUY,Equity,Bracket Order,181328,1147.77,208122838.56,7.103,3.5647,2,4,2.1344,46.34,1923.23,True,2.7019,False,False,5,0.4289,0.5577,2.19,0.7903,0.4904,0.5005,63.36,Medium,True,insider_trading
TRD0060123,TRD0255,CMP039,JDXM,2026-06-04 17:11:28,SELL,Equity,Cover Order,297502,90.75,26998306.5,9.8528,6.7957,5,15,3.2302,24.76,708.04,True,2.3709,False,True,1,0.5694,0.8046,1.9,0.7004,0.6914,0.68,70.51,High,True,circular_trading
TRD0032903,TRD0316,CMP006,XBFQ,2026-03-31 11:15:39,SELL,Equity,Market,81192,45.44,3689364.48,4.5777,4.6238,5,24,3.1855,8.54,252.94,True,4.054,False,False,7,0.7589,0.1358,6.69,0.8486,0.8044,0.7777,75.34,High,True,insider_trading
TRD0049927,TRD0246,CMP049,JIRH,2026-04-09 09:03:48,BUY,Equity,Market,4364,185.14,807950.96,1.1294,0.1207,5,15,0.9522,9999.0,1704.51,False,-0.1173,False,False,0,0.099,0.2383,-2.25,0.1021,0.0463,0.0097,8.51,Low,False,none
TRD0011059,TRD0134,CMP057,PNYK,2026-02-26 12:22:06,BUY,Futures,Bracket Order,27859,70.95,1976596.05,1.0857,-1.0071,5,4,1.6615,1437.14,832.06,False,-0.8523,True,False,4,0.0361,0.2712,2.32,0.0452,0.0226,0.0605,6.33,Low,False,none
TRD0113535,TRD0057,CMP030,FHSA,2026-04-22 11:54:03,BUY,ETF,Limit,4333,165.03,715074.99,0.7048,-0.1565,1,1,1.9615,1401.15,2756.87,False,0.4234,False,False,3,0.0728,0.0846,0.79,0.0094,0.1189,0.0072,4.94,Low,False,none
TRD0026264,TRD0210,CMP057,PNYK,2025-11-10 17:51:25,BUY,Equity,Bracket Order,223481,66.79,14926295.99,11.9998,5.5185,3,18,2.6842,45.84,9999.0,True,4.9847,False,True,3,0.7169,0.8977,0.23,0.9286,0.7242,0.7054,83.07,High,True,insider_trading
TRD0073633,TRD0210,CMP003,NCBQ,2026-02-15 07:44:12,SELL,Equity,Bracket Order,98847,110.86,10958178.42,4.4119,3.7577,1,7,2.2578,1.6,111.18,True,2.1379,False,True,6,0.4994,0.8977,1.85,0.883,0.9614,0.83,90.0,Critical,True,front_running
TRD0108423,TRD0172,CMP037,BUYO,2026-01-13 11:21:42,BUY,ETF,Cover Order,28876,248.61,7178862.36,0.828,0.9028,5,14,1.891,506.07,9999.0,False,-0.7964,False,False,4,0.0295,0.2672,7.72,0.0058,0.0078,0.0002,3.17,Low,False,none
TRD0097939,TRD0015,CMP014,DJHR,2026-06-27 14:05:46,SELL,Equity,Bracket Order,21891,131.35,2875382.85,0.9178,0.8879,4,20,1.4006,9999.0,1445.73,False,-0.4946,False,False,1,0.0667,0.1579,0.12,0.0985,0.1417,0.0267,10.66,Low,False,none
TRD0114350,TRD0045,CMP014,DJHR,2026-04-26 15:08:23,BUY,Equity,Limit,70190,157.56,11059136.4,5.6729,4.4783,4,9,3.7989,41.22,228.79,True,2.4187,False,False,5,0.4073,0.788,3.02,0.9086,0.8913,0.6838,85.76,Critical,True,circular_trading
TRD0075479,TRD0062,CMP004,KQZJ,2026-05-08 09:11:58,BUY,Equity,Stop-Loss,25396,109.47,2780100.12,11.5144,3.5003,5,23,3.0081,24.38,3608.39,True,4.7889,False,False,6,0.4288,0.2077,5.87,0.7747,0.8664,0.6739,73.04,High,True,insider_trading
TRD0037815,TRD0193,CMP024,GGME,2026-01-31 12:19:58,SELL,ETF,Limit,16594,61.41,1019037.54,0.9372,-1.0159,1,12,0.7226,1309.81,61.2,False,0.5748,False,False,0,0.0077,0.3166,-2.73,0.1622,0.0103,0.0098,10.92,Low,False,none
TRD0011794,TRD0342,CMP027,BNLN,2026-02-20 14:32:56,BUY,Equity,Cover Order,7118,253.98,1807829.64,0.9592,0.4957,5,24,1.0851,2761.56,1272.47,False,0.3205,False,False,1,0.0486,0.1083,0.85,0.0665,0.0939,0.0463,7.59,Low,False,none
TRD0070994,TRD0179,CMP021,TXFE,2025-11-21 10:04:15,SELL,ETF,Bracket Order,60730,57.15,3470719.5,11.835,2.6616,3,18,3.0614,52.5,329.9,False,4.7612,False,False,5,0.4332,0.6332,5.83,0.6751,0.8384,0.4054,67.94,Medium,True,layering
TRD0004388,TRD0097,CMP002,JBDO,2026-05-28 14:23:56,BUY,Futures,Cover Order,455418,75.45,34361288.1,11.0733,4.1655,2,14,2.512,9999.0,7.49,False,2.9267,True,False,0,0.5403,0.8788,-8.04,0.9761,0.963,0.7997,93.6,Critical,True,insider_trading
TRD0036147,TRD0477,CMP056,ASGU,2025-11-16 15:42:45,SELL,ETF,Stop-Loss,344344,731.23,251794663.12,7.4673,2.5211,5,12,2.5402,2823.1,6.47,False,4.4968,False,False,2,0.0639,0.025,3.37,0.9296,0.8091,0.8865,79.65,High,True,layering
TRD0046186,TRD0091,CMP038,UXVA,2026-05-25 09:27:11,SELL,Equity,Market,95450,650.28,62069226.0,1.0021,-0.0867,2,11,1.0072,14.75,406.16,True,1.0066,False,False,0,0.0228,0.1658,-4.84,0.0622,0.2119,0.1104,12.47,Low,False,none
TRD0109188,TRD0432,CMP037,BUYO,2026-06-20 09:13:14,SELL,Equity,Market,35103,253.8,8909141.4,0.8196,-0.146,5,20,0.5881,9999.0,778.52,False,0.3462,False,False,4,0.0179,0.1924,1.15,0.1983,0.0974,0.0592,14.66,Low,False,none
TRD0052342,TRD0340,CMP054,SCIM,2025-12-29 12:42:40,SELL,Equity,Bracket Order,34006,149.79,5093758.74,1.1251,1.421,5,10,0.9993,3549.0,1410.92,False,-1.2051,False,False,6,0.0118,0.1967,5.84,0.0117,0.0038,0.2772,6.77,Low,False,none
TRD0016577,TRD0401,CMP048,JGWJ,2025-12-01 11:14:36,BUY,ETF,Limit,847,105.26,89155.22,0.6758,0.5212,1,17,1.7896,1369.73,214.38,False,0.7614,False,False,7,0.0397,0.3051,4.38,0.1022,0.0028,0.0923,9.12,Low,False,none
TRD0053164,TRD0329,CMP013,RXNL,2026-01-23 14:02:18,BUY,ETF,Cover Order,7829,83.39,652860.31,0.8515,1.9472,5,6,0.9704,969.27,370.69,False,-0.1218,False,False,0,0.1407,0.2294,-1.07,0.0316,0.0153,0.0594,5.07,Low,False,none
TRD0101980,TRD0484,CMP044,UDJH,2026-02-06 13:46:28,BUY,Equity,Cover Order,90050,4.32,389016.0,1.5116,0.6291,4,2,1.6592,197.39,463.56,False,0.4744,False,False,0,0.0014,0.0693,-0.01,0.0816,0.11,0.1519,9.94,Low,False,none
TRD0076268,TRD0414,CMP005,QSGC,2026-06-16 11:53:21,BUY,Futures,Market,8777,160.04,1404671.08,9.0137,3.629,4,23,1.6965,42.33,2558.8,True,2.2811,True,False,1,0.094,0.8918,4.91,0.8598,0.8376,0.6107,81.9,High,True,wash_trading
TRD0041346,TRD0079,CMP032,MXGK,2026-04-30 09:47:05,BUY,ETF,Cover Order,4747,1148.08,5449935.76,0.8523,-0.5406,1,11,1.8001,478.18,1491.4,False,0.1526,False,False,3,0.0461,0.0359,1.08,0.0752,0.2565,0.0957,12.87,Low,False,none
TRD0078629,TRD0090,CMP010,VTWH,2026-04-22 10:42:45,SELL,Equity,Bracket Order,3320,89.66,297671.2,0.6271,1.4647,5,14,1.3523,9999.0,832.07,False,-0.4534,False,False,0,0.0016,0.6416,-0.2,0.1755,0.2926,0.0106,23.25,Low,False,none
TRD0011020,TRD0475,CMP055,NKNY,2026-01-05 14:18:09,SELL,Options,Market,1087237,1101.03,1197080554.11,4.0884,5.9232,2,11,1.8488,44.46,225.61,True,4.8845,True,False,1,0.0924,0.8184,3.04,0.6631,0.6931,0.5642,67.28,Medium,True,insider_trading
TRD0084486,TRD0382,CMP028,EZAB,2026-01-05 09:39:36,BUY,Equity,Cover Order,29526,1952.87,57660439.62,1.0111,-1.7807,1,3,0.7229,2400.7,1485.55,False,-0.0187,False,False,0,0.0068,0.1306,-4.01,0.0453,0.1393,0.0208,7.84,Low,False,none
TRD0019388,TRD0226,CMP027,BNLN,2026-03-02 12:59:45,BUY,ETF,Market,18457,319.91,5904578.87,1.0547,-0.2348,4,11,0.8705,2523.11,1510.92,False,-0.3318,False,False,0,0.0868,0.2349,-2.72,0.0329,0.0315,0.0816,6.0,Low,False,none
TRD0113305,TRD0359,CMP056,ASGU,2025-11-16 09:31:22,BUY,ETF,Cover Order,62205,726.51,45192554.55,8.6248,3.1671,4,24,3.9452,2829.29,0.28,False,4.9701,False,False,2,0.2252,0.3502,2.49,0.7117,0.6268,0.6967,64.78,Medium,True,insider_trading
TRD0117910,TRD0398,CMP027,BNLN,2025-11-04 14:06:41,BUY,Equity,Cover Order,19372,296.05,5735080.6,1.6442,0.9004,5,3,1.5624,86.1,9999.0,False,1.8971,False,False,4,0.029,0.152,1.66,0.202,0.05,0.0136,12.31,Low,False,none
TRD0021335,TRD0460,CMP024,GGME,2026-01-16 13:07:20,BUY,Equity,Cover Order,81262,52.59,4273568.58,0.6728,0.0566,2,16,1.5953,298.01,14.47,False,-0.9653,False,False,0,0.0096,0.1403,-6.96,0.0285,0.0308,0.0384,4.19,Low,False,none
TRD0001291,TRD0097,CMP043,QBPR,2026-05-20 18:24:29,BUY,ETF,Stop-Loss,525574,440.13,231320884.62,11.0763,6.0465,1,3,1.8119,29.76,114.33,True,3.0418,False,True,6,0.2448,0.8788,3.35,0.9502,0.9511,0.705,90.66,Critical,True,insider_trading
TRD0045816,TRD0346,CMP003,NCBQ,2026-03-10 09:37:45,BUY,ETF,Limit,41613,82.13,3417675.69,1.5442,-1.0758,1,3,0.5925,434.62,552.29,False,0.3037,False,False,0,0.0674,0.0967,-3.73,0.0411,0.0642,0.0442,5.41,Low,False,none
TRD0038195,TRD0476,CMP043,QBPR,2026-05-15 10:38:47,SELL,Equity,Market,174365,430.9,75133878.5,5.0793,5.472,4,17,3.0134,13.43,2562.75,True,3.445,False,False,7,0.1299,0.0473,3.43,0.7408,0.8515,0.6458,69.04,Medium,True,pump_and_dump
TRD0116049,TRD0020,CMP001,LMTI,2026-06-11 11:20:20,SELL,ETF,Cover Order,20802,325.03,6761274.06,1.9768,-0.3603,1,17,1.1336,254.37,1140.52,False,0.7776,False,False,0,0.019,0.1082,-5.07,0.0582,0.0505,0.0619,6.14,Low,False,none
TRD0094841,TRD0263,CMP042,EKVN,2026-05-18 15:48:25,SELL,ETF,Cover Order,31810,229.56,7302303.6,1.069,0.1523,4,2,1.0936,503.5,391.59,False,0.0481,False,False,7,0.0582,0.3414,1.12,0.0423,0.003,0.0127,5.6,Low,False,none
TRD0052732,TRD0262,CMP017,FNLM,2026-06-10 09:47:44,BUY,Equity,Market,21347,613.06,13086991.82,0.5616,0.5349,4,20,1.4728,9999.0,140.83,False,1.5855,False,False,0,0.0706,0.2461,-6.69,0.0173,0.3204,0.0726,13.94,Low,False,none
TRD0041204,TRD0041,CMP042,EKVN,2026-06-09 12:31:44,BUY,Equity,Stop-Loss,178643,204.33,36502124.19,6.4118,5.1686,1,12,3.2722,26.72,21.22,True,4.5547,False,False,7,0.8079,0.862,4.98,0.6024,0.8713,0.8009,73.88,High,True,pump_and_dump
TRD0106463,TRD0372,CMP023,OTXX,2025-12-31 08:12:18,BUY,ETF,Market,74282,3147.0,233765454.0,3.1432,4.8867,2,1,2.3185,6.07,914.11,True,2.8493,False,True,2,0.8843,0.5577,8.09,0.6598,0.9126,0.5362,70.69,High,True,insider_trading
TRD0091564,TRD0190,CMP017,FNLM,2026-05-08 15:29:35,BUY,ETF,Bracket Order,39274,626.97,24623619.78,3.8478,6.1245,5,22,1.8907,17.1,581.67,True,2.0153,False,False,1,0.1913,0.3117,4.67,0.6922,0.8544,0.6257,69.28,Medium,True,insider_trading
TRD0106197,TRD0196,CMP041,LXML,2025-11-02 10:02:00,SELL,ETF,Limit,17654,456.21,8053931.34,1.873,-0.5034,3,11,1.9377,918.8,9999.0,False,-1.4613,False,False,2,0.0645,0.4032,8.37,0.0147,0.0024,0.2047,7.84,Low,False,none
TRD0118241,TRD0385,CMP041,LXML,2026-01-07 17:05:12,BUY,Options,Limit,74120,468.79,34746714.8,5.8037,4.7602,4,20,3.3265,633.41,3.97,False,2.3986,True,True,3,0.7541,0.69,3.41,0.9304,0.7202,0.8795,83.57,High,True,insider_trading
TRD0068758,TRD0464,CMP045,BPXM,2026-01-29 12:10:03,SELL,Options,Bracket Order,422780,284.82,120416199.6,11.5115,4.1031,5,1,3.3636,35.24,9999.0,True,3.4872,True,False,4,0.0076,0.0305,3.69,0.5232,0.5677,0.7711,52.45,Medium,True,front_running
TRD0099985,TRD0210,CMP001,LMTI,2025-12-21 17:03:38,BUY,ETF,Cover Order,165112,375.84,62055694.08,7.643,5.9993,3,21,1.6714,43.4,9999.0,True,4.2807,False,True,4,0.2236,0.8977,3.54,0.9022,0.7102,0.5401,78.98,High,True,circular_trading
TRD0093307,TRD0113,CMP025,JXOT,2025-12-01 10:12:19,BUY,ETF,Limit,22863,232.59,5317705.17,0.7743,-0.5015,1,9,0.6844,1479.09,32.61,False,-1.4255,False,False,0,0.0897,0.2624,-2.25,0.0304,0.0443,0.0106,5.48,Low,False,none
TRD0022494,TRD0384,CMP015,WXZK,2026-04-30 09:08:52,SELL,Equity,Market,11986,584.25,7002820.5,0.8846,0.8282,4,7,1.3414,11.62,1489.86,True,1.1068,False,False,4,0.1758,0.1359,3.49,0.0607,0.2129,0.0712,11.55,Low,False,none
TRD0005495,TRD0443,CMP044,UDJH,2025-10-16 13:10:57,BUY,ETF,Stop-Loss,1480,33.94,50231.2,0.656,-0.1163,1,8,1.3238,1816.14,9999.0,False,0.5713,False,False,0,0.1221,0.4591,-6.59,0.1461,0.0633,0.1286,14.99,Low,False,none
TRD0050285,TRD0475,CMP049,JIRH,2026-01-27 18:35:21,BUY,Futures,Bracket Order,1498521,186.69,279758885.49,4.3943,4.7977,5,11,3.9803,13.96,9999.0,True,2.6764,True,True,0,0.7102,0.8184,-0.19,0.9144,0.9166,0.8911,90.2,Critical,True,pump_and_dump
TRD0012485,TRD0180,CMP029,OPWR,2026-02-28 13:59:01,BUY,ETF,Limit,24546,64.73,1588862.58,1.2542,1.4573,5,24,1.8467,58.27,1251.96,False,-0.1476,False,False,7,0.0618,0.0771,2.27,0.1197,0.0687,0.1131,9.91,Low,False,none
TRD0088433,TRD0041,CMP007,PZVF,2026-03-14 13:40:09,BUY,Equity,Limit,144413,7.28,1051326.64,5.9874,5.5521,5,24,3.947,2.8,1075.65,True,2.1293,False,False,0,0.9076,0.862,-0.28,0.9652,0.8272,0.7215,87.69,Critical,True,wash_trading
TRD0058124,TRD0042,CMP051,NQWS,2025-11-26 18:03:27,BUY,Futures,Cover Order,1165818,6.68,7787664.24,10.529,6.9739,5,18,2.2771,29.54,9999.0,True,4.5021,True,True,7,1.0071,0.4561,0.21,0.6556,0.9426,0.9461,76.53,High,True,insider_trading
TRD0038426,TRD0414,CMP007,PZVF,2026-01-02 16:09:39,SELL,Options,Cover Order,4851,1.68,8149.68,6.0352,3.8917,2,13,3.1182,19.52,9999.0,True,3.0857,True,True,5,0.5094,0.8918,3.47,0.7008,0.9553,0.3492,74.35,High,True,insider_trading
TRD0029082,TRD0146,CMP019,ADNW,2026-05-10 16:16:21,BUY,Equity,Cover Order,980967,42.12,41318330.04,11.4978,6.2787,4,8,2.0768,28.54,434.95,True,2.3535,False,True,2,0.5385,0.2545,0.77,0.9355,0.7844,0.6902,78.53,High,True,insider_trading
TRD0012460,TRD0154,CMP007,PZVF,2026-05-17 09:37:08,SELL,Equity,Bracket Order,6417,29.28,187889.76,1.059,0.7238,5,15,1.8219,9999.0,1529.15,False,1.7133,False,False,0,0.0031,0.3488,-2.43,0.0892,0.0369,0.0218,8.94,Low,False,none
TRD0046107,TRD0465,CMP020,IARJ,2026-03-10 09:17:02,BUY,ETF,Limit,8760,1061.13,9295498.8,0.7058,0.8115,4,1,1.7,228.73,155.61,False,0.6882,False,False,1,0.0857,0.1448,0.38,0.0238,0.1634,0.0664,8.42,Low,False,none
TRD0034614,TRD0312,CMP019,ADNW,2026-06-20 18:19:52,BUY,Equity,Bracket Order,353112,26.7,9428090.4,5.7204,5.9653,4,18,3.0072,16.82,512.06,True,2.6112,False,True,7,0.7934,0.7761,2.6,0.5573,0.7315,0.8576,67.65,Medium,True,insider_trading
TRD0090422,TRD0439,CMP009,QWEI,2026-02-15 13:28:43,BUY,ETF,Market,37879,137.71,5216317.09,0.6583,-0.8055,3,6,1.5225,398.09,1789.44,False,-0.5094,False,False,3,0.0254,0.0721,0.82,0.0071,0.0621,0.005,2.98,Low,False,none
TRD0108295,TRD0182,CMP057,PNYK,2026-06-29 11:27:05,SELL,Equity,Cover Order,10937,62.07,678859.59,0.7692,0.9588,2,6,1.0668,9999.0,367.82,False,0.2078,False,False,3,0.0635,0.2187,1.57,0.1716,0.0222,0.0203,10.88,Low,False,none
TRD0099623,TRD0042,CMP016,FWEI,2026-01-31 14:55:15,BUY,Equity,Limit,92439,834.42,77132950.38,0.6732,-1.2187,1,2,0.7767,185.45,1109.61,False,1.0492,False,False,0,0.0642,0.4561,-1.95,0.083,0.0518,0.0358,10.39,Low,False,none
TRD0000385,TRD0024,CMP044,UDJH,2025-12-08 10:43:39,BUY,Equity,Stop-Loss,153815,10.18,1565836.7,0.9573,0.0706,3,7,0.9746,546.59,9999.0,False,0.6795,False,False,0,0.0585,0.1403,-2.34,0.0087,0.0231,0.0126,2.68,Low,False,none
TRD0067807,TRD0090,CMP014,DJHR,2026-02-12 12:00:13,SELL,Equity,Limit,64396,133.69,8609101.24,10.7721,6.3312,2,16,2.126,42.71,9999.0,True,2.5445,False,False,3,0.1357,0.6416,6.61,0.7486,0.8061,0.7405,75.39,High,True,spoofing
TRD0101865,TRD0095,CMP030,FHSA,2026-04-25 12:36:33,BUY,Equity,Bracket Order,8037,140.04,1125501.48,1.2332,1.2496,1,4,1.4791,1328.45,2829.58,False,0.1272,False,False,3,0.0965,0.04,2.25,0.0158,0.0639,0.0317,3.5,Low,False,none
TRD0095961,TRD0222,CMP057,PNYK,2026-04-25 13:28:03,SELL,ETF,Market,230476,67.97,15665453.72,11.7753,6.871,1,8,1.8534,44.04,2225.16,True,3.1193,False,False,4,0.793,0.7021,1.2,0.6571,0.7278,0.3532,63.72,Medium,True,spoofing
TRD0003367,TRD0417,CMP037,BUYO,2025-11-23 10:59:19,SELL,Equity,Cover Order,28904,244.37,7063270.48,0.9391,0.9254,5,17,0.7946,1730.44,9999.0,False,-0.3984,False,False,5,0.0334,0.1572,1.82,0.017,0.1194,0.0007,5.93,Low,False,none
TRD0009522,TRD0410,CMP019,ADNW,2026-05-01 09:44:44,BUY,ETF,Cover Order,54426,12.95,704816.7,0.5757,-1.1985,2,2,0.531,251.07,212.43,False,0.3751,False,False,6,0.0278,0.4317,2.64,0.2092,0.093,0.0031,16.57,Low,False,none
TRD0033937,TRD0248,CMP022,TTZR,2025-12-18 12:43:42,BUY,Equity,Market,223503,421.19,94137228.57,4.6442,6.1037,5,18,2.6228,9.36,9999.0,True,3.9275,False,False,0,0.3854,0.4378,-0.3,0.6324,0.8152,0.6342,66.8,Medium,True,insider_trading
TRD0033534,TRD0318,CMP040,PWVJ,2026-01-22 12:57:17,BUY,ETF,Cover Order,538155,44.31,23845648.05,1.6452,-0.8217,1,14,1.4623,153.07,9999.0,False,-0.4669,False,False,0,0.0169,0.2249,-0.78,0.0661,0.0381,0.1498,8.61,Low,False,none
TRD0050869,TRD0401,CMP024,GGME,2026-03-25 14:22:09,BUY,Equity,Stop-Loss,13395,30.0,401850.0,11.5247,4.7782,4,2,1.8913,35.78,1335.24,True,3.9643,False,False,7,0.7457,0.3051,5.18,0.6091,0.8661,0.724,67.3,Medium,True,insider_trading
TRD0020864,TRD0045,CMP008,OIUY,2026-05-21 11:15:04,BUY,Equity,Limit,42525,910.83,38733045.75,3.6758,2.8538,2,8,1.7646,32.2,635.64,True,3.1395,False,False,4,0.5989,0.788,6.98,0.9328,0.9557,0.4929,85.92,Critical,True,wash_trading
TRD0019304,TRD0095,CMP007,PZVF,2025-12-18 12:21:46,BUY,ETF,Bracket Order,7110,47.91,340640.1,1.0212,0.8689,2,21,1.08,383.31,9999.0,False,0.2465,False,False,0,0.0364,0.04,-2.91,0.0049,0.0506,0.0071,2.24,Low,False,none
TRD0029295,TRD0312,CMP017,FNLM,2026-02-11 10:07:36,BUY,Equity,Limit,38490,598.29,23028182.1,0.8018,-0.6355,5,21,0.9686,683.14,9999.0,False,0.2713,False,False,0,0.0525,0.7761,-1.63,0.0423,0.0024,0.0151,9.96,Low,False,none
TRD0048685,TRD0434,CMP017,FNLM,2026-06-03 09:28:00,SELL,ETF,Bracket Order,326113,600.63,195873251.19,11.1558,2.7748,2,10,3.3082,27.5,600.87,True,2.0738,False,False,4,0.5253,0.2833,2.8,0.6572,0.5729,0.8909,62.96,Medium,True,insider_trading
TRD0086372,TRD0041,CMP036,UCCA,2026-06-06 16:20:21,BUY,ETF,Stop-Loss,124203,131.14,16287981.42,4.9981,5.7301,3,12,3.101,8.74,1063.18,True,4.2677,False,True,2,0.0772,0.862,7.05,0.9261,0.8921,0.6823,87.29,Critical,True,pump_and_dump
TRD0035249,TRD0125,CMP036,UCCA,2025-11-01 15:16:31,SELL,ETF,Stop-Loss,19923,100.99,2012023.77,1.5378,0.9252,2,2,1.359,309.44,9999.0,False,-1.0433,False,False,3,0.0098,0.3011,1.44,0.2768,0.123,0.0054,19.24,Low,False,none
TRD0084615,TRD0445,CMP054,SCIM,2026-05-08 10:28:36,SELL,Equity,Stop-Loss,20567,141.7,2914343.9,0.9327,0.2709,5,6,1.8794,431.24,4528.68,False,-0.826,False,False,6,0.0551,0.1605,5.51,0.125,0.1629,0.0097,12.26,Low,False,none
TRD0037929,TRD0097,CMP049,JIRH,2026-01-27 14:31:01,BUY,Equity,Limit,387559,221.41,85809438.19,7.338,3.8851,5,17,1.9435,18.04,9999.0,True,4.9493,False,False,7,0.5918,0.8788,8.01,0.4685,0.8186,0.5951,63.36,Medium,True,insider_trading
TRD0092237,TRD0048,CMP007,PZVF,2026-04-16 10:08:01,BUY,ETF,Market,15330,59.49,911981.7,1.1678,1.1804,1,23,0.5036,9999.0,785.66,False,0.1263,False,False,0,0.1183,0.0957,-2.6,0.1619,0.1646,0.0323,13.66,Low,False,none
TRD0012816,TRD0018,CMP018,YGCX,2026-04-14 16:47:08,SELL,Equity,Bracket Order,86977,755.91,65746784.07,7.7562,5.4193,3,19,1.7503,0.33,1054.02,True,2.4065,False,True,0,0.7838,0.0315,-3.21,0.6517,0.8737,0.7084,66.48,Medium,True,layering
TRD0108259,TRD0439,CMP005,QSGC,2026-01-26 14:12:28,SELL,Equity,Limit,77804,111.64,8686038.56,1.3513,0.0819,3,14,1.9799,822.88,672.08,False,0.2692,False,False,0,0.0582,0.0721,-1.91,0.0065,0.052,0.0701,3.62,Low,False,none
TRD0062352,TRD0173,CMP053,SVJO,2026-06-24 09:58:00,BUY,ETF,Stop-Loss,24243,77.06,1868165.58,0.4043,0.7467,1,23,0.8721,9999.0,346.45,False,1.0368,False,False,7,0.0061,0.1751,5.91,0.0181,0.27,0.0307,11.13,Low,False,none
TRD0032781,TRD0377,CMP054,SCIM,2026-02-10 08:13:15,BUY,ETF,Market,5760,205.65,1184544.0,1.1208,1.447,1,4,1.3722,2521.49,2438.43,False,0.7106,False,True,3,0.0127,0.1981,4.15,0.0095,0.2513,0.0169,10.2,Low,False,none
TRD0067261,TRD0420,CMP021,TXFE,2025-10-07 13:48:34,BUY,ETF,Limit,1768,106.62,188504.16,1.2648,1.6517,1,17,1.3888,746.36,9999.0,False,0.3423,False,False,0,0.1177,0.1695,-3.68,0.0176,0.0276,0.0389,3.9,Low,False,none
TRD0095361,TRD0494,CMP022,TTZR,2026-02-14 12:45:56,BUY,Equity,Limit,118860,404.84,48119282.4,7.3449,5.89,3,7,1.5051,14.53,1382.68,True,2.6467,False,False,2,0.4337,0.1402,7.47,0.697,0.9065,0.6623,69.9,Medium,True,pump_and_dump
TRD0075585,TRD0094,CMP037,BUYO,2025-11-03 12:50:29,SELL,Equity,Cover Order,22382,239.91,5369665.62,0.8509,1.1351,4,17,1.9316,2208.59,9999.0,False,-0.872,False,False,0,0.0003,0.0596,-1.43,0.2,0.0331,0.0696,11.63,Low,False,none
TRD0075326,TRD0390,CMP039,JDXM,2026-03-13 12:03:49,SELL,Options,Market,61680,115.09,7098751.2,6.2349,6.1957,4,12,3.5636,1289.08,4.16,False,4.194,True,False,4,0.8781,0.6803,1.62,0.8982,0.9327,0.8612,88.12,Critical,True,wash_trading
TRD0008298,TRD0359,CMP027,BNLN,2025-10-28 17:43:32,SELL,ETF,Limit,5330,267.84,1427587.2,0.9077,1.9615,4,2,1.3329,250.48,9999.0,False,0.5162,False,True,0,0.0145,0.3502,-5.57,0.0735,0.2251,0.0117,13.74,Low,False,none
TRD0039734,TRD0126,CMP033,CHAM,2025-12-20 07:59:00,SELL,Equity,Stop-Loss,38192,1358.59,51887269.28,0.8603,0.2805,2,23,1.4462,39.38,125.02,True,0.2315,False,True,0,0.0875,0.1962,-1.48,0.2826,0.0298,0.011,15.74,Low,False,none
TRD0015103,TRD0210,CMP018,YGCX,2026-02-27 12:43:23,SELL,ETF,Limit,222488,775.13,172457123.44,9.4731,3.9658,5,3,3.109,54.05,1081.66,False,2.7115,False,False,5,0.6457,0.8977,1.15,0.6545,0.8855,0.4338,71.5,High,True,spoofing
TRD0090261,TRD0250,CMP005,QSGC,2026-06-11 12:43:22,SELL,Futures,Market,18283,134.4,2457235.2,0.4624,-1.2076,2,5,0.7473,161.49,2439.63,False,0.5472,True,False,1,0.0509,0.1792,0.99,0.0759,0.2466,0.0219,12.93,Low,False,none
TRD0091896,TRD0405,CMP052,QXXS,2026-06-28 11:02:37,SELL,ETF,Limit,57373,1790.6,102732093.8,1.2227,-1.3139,4,10,1.3537,9999.0,406.16,False,-1.0846,False,False,0,0.0161,0.1099,-0.18,0.1976,0.1694,0.1317,17.05,Low,False,none
TRD0052173,TRD0210,CMP032,MXGK,2025-10-07 12:36:25,BUY,ETF,Limit,23240,1141.6,26530784.0,1.006,1.8862,4,12,1.5281,715.31,9999.0,False,1.0516,False,False,5,0.093,0.8977,1.7,0.0496,0.0746,0.0513,14.22,Low,False,none
TRD0022764,TRD0358,CMP010,VTWH,2026-01-04 16:18:18,BUY,Equity,Bracket Order,33475,68.98,2309105.5,0.9729,-0.3225,2,20,1.6465,1304.56,1193.64,False,0.5151,False,True,1,0.032,0.5422,0.02,0.0142,0.0048,0.142,8.34,Low,False,none
TRD0022121,TRD0041,CMP012,INMT,2026-02-02 18:30:17,BUY,ETF,Limit,205403,219.51,45088012.53,7.2613,6.2474,4,9,3.777,1478.02,19.09,False,2.4226,False,True,2,0.8163,0.862,0.31,0.8362,0.9139,0.8883,86.99,Critical,True,wash_trading
TRD0080935,TRD0429,CMP008,OIUY,2026-03-17 09:26:56,BUY,ETF,Stop-Loss,15468,890.98,13781678.64,0.9513,0.0919,2,10,0.6831,73.84,309.21,False,-0.0432,False,False,0,0.0673,0.1157,-0.79,0.2609,0.2106,0.1023,20.75,Low,False,none
TRD0078719,TRD0312,CMP039,JDXM,2026-06-05 14:50:44,SELL,Options,Stop-Loss,429246,93.61,40181718.06,8.9824,3.5353,4,24,2.7407,3.11,729.7,True,4.6639,True,False,3,0.3555,0.7761,2.87,0.8816,0.8564,0.8292,85.56,Critical,True,pump_and_dump
TRD0059424,TRD0310,CMP023,OTXX,2025-12-31 17:44:55,BUY,Options,Limit,82735,3175.57,262730783.95,5.9813,5.2775,2,4,2.0155,23.65,3.47,True,2.984,True,True,7,0.8196,0.0502,7.37,0.7935,0.8675,0.6191,71.52,High,True,wash_trading
TRD0010210,TRD0312,CMP001,LMTI,2026-03-01 09:24:29,SELL,Equity,Cover Order,182945,369.62,67620130.9,3.6841,3.3085,3,5,1.7185,207.62,5.72,False,2.2649,False,False,0,0.19,0.7761,-0.65,0.8803,0.8999,0.6209,83.68,High,True,insider_trading
TRD0066551,TRD0112,CMP051,NQWS,2025-11-26 11:34:25,BUY,ETF,Cover Order,8061,67.06,540570.66,1.6826,0.0345,2,3,0.6728,36.02,9999.0,True,0.0748,False,False,0,0.0063,0.0369,-1.02,0.17,0.0967,0.076,12.06,Low,False,none
TRD0109004,TRD0385,CMP049,JIRH,2026-01-27 09:42:42,BUY,Futures,Stop-Loss,74968,153.0,11470104.0,7.378,5.9614,3,9,3.2078,22.84,9999.0,True,4.3497,True,False,2,0.5598,0.69,0.8,0.8724,0.8613,0.8373,84.56,High,True,insider_trading
TRD0062901,TRD0192,CMP051,NQWS,2026-02-01 09:54:34,BUY,Options,Cover Order,752727,11.63,8754215.01,9.5458,5.1883,1,7,3.7835,12.53,1570.31,True,4.9059,True,False,6,0.4942,0.434,1.79,0.8268,0.5914,0.7619,70.72,High,True,layering
TRD0067680,TRD0475,CMP016,FWEI,2026-04-16 11:04:46,BUY,ETF,Stop-Loss,2605962,829.09,2160577034.58,9.7116,6.9845,3,14,3.0362,24.39,841.11,True,4.1813,False,False,6,0.2599,0.8184,3.72,0.8752,0.8585,0.567,81.83,High,True,layering
TRD0027805,TRD0427,CMP016,FWEI,2025-10-20 17:02:21,BUY,ETF,Limit,224021,803.91,180092722.11,1.779,-0.1489,4,14,1.123,692.04,9999.0,False,0.1742,False,True,0,0.0273,0.107,-1.96,0.168,0.1107,0.0578,12.82,Low,False,none
TRD0055179,TRD0458,CMP021,TXFE,2026-01-02 17:02:26,SELL,Equity,Stop-Loss,392850,94.32,37053612.0,10.213,2.5577,4,5,1.6939,0.74,830.32,True,3.0893,False,True,6,0.8028,0.0728,2.42,0.7696,0.8852,0.6539,71.72,High,True,insider_trading
TRD0042780,TRD0090,CMP023,OTXX,2025-12-31 11:31:47,BUY,Equity,Bracket Order,32695,3203.71,104745298.45,6.7157,3.0712,4,15,2.7067,2.75,917.43,True,2.9583,False,False,7,0.5082,0.6416,2.93,0.9687,0.9519,0.7162,89.31,Critical,True,insider_trading
TRD0098535,TRD0359,CMP013,RXNL,2026-05-15 08:08:10,SELL,Futures,Cover Order,64246,112.78,7245663.88,7.5987,4.1534,2,5,3.5313,19.22,1341.46,True,3.7069,True,True,6,0.8679,0.3502,2.37,0.8412,0.9285,0.4504,75.97,High,True,wash_trading
TRD0097604,TRD0252,CMP058,JGPO,2025-12-01 16:56:55,BUY,ETF,Market,180105,338.33,60934924.65,4.7056,6.6572,3,6,3.2102,48.89,9999.0,False,2.5249,False,True,1,0.7897,0.7888,2.94,0.869,0.8951,0.9026,87.38,Critical,True,layering
TRD0043667,TRD0045,CMP042,EKVN,2026-02-26 10:30:31,BUY,Options,Cover Order,153282,227.89,34931434.98,11.1662,6.3806,5,16,3.1735,33.95,616.81,True,4.9347,True,False,3,0.5791,0.788,4.14,0.9773,0.8721,0.8289,90.45,Critical,True,front_running
TRD0063235,TRD0090,CMP048,JGWJ,2026-03-12 16:05:33,BUY,Futures,Bracket Order,70057,138.8,9723911.6,11.6772,3.8868,2,18,3.0335,32.82,1059.12,True,2.69,True,True,7,1.0574,0.6416,5.88,0.6869,0.796,0.7333,72.21,High,True,insider_trading
TRD0057885,TRD0207,CMP009,QWEI,2026-03-04 17:20:13,SELL,Options,Bracket Order,60838,133.63,8129781.94,3.6585,4.1363,5,16,1.9888,458.44,13.77,False,3.1975,True,True,0,0.3485,0.5604,-0.35,0.5966,0.7991,0.8651,69.4,Medium,True,spoofing
TRD0106696,TRD0489,CMP008,OIUY,2025-12-19 08:56:22,BUY,Equity,Market,54428,915.7,49839719.6,9.1198,6.7732,4,13,2.3646,14.06,9999.0,True,2.382,False,True,5,0.7039,0.2606,3.81,0.6988,0.7892,0.7329,68.72,Medium,True,front_running
TRD0021755,TRD0248,CMP013,RXNL,2026-05-15 08:52:41,SELL,Futures,Cover Order,570702,115.38,65847596.76,10.7763,3.0824,3,24,3.8974,18.48,1342.2,True,2.2116,True,True,6,0.9041,0.4378,2.25,0.8472,0.7337,0.6082,73.64,High,True,front_running
TRD0065060,TRD0213,CMP005,QSGC,2025-12-28 14:45:48,BUY,Equity,Cover Order,21930,89.72,1967559.6,3.8191,5.7872,4,11,2.0142,23.36,9999.0,True,3.1013,False,False,2,1.1853,0.3075,0.84,0.8641,0.6536,0.8337,74.07,High,True,pump_and_dump
TRD0004119,TRD0090,CMP034,SIHG,2026-02-09 11:56:39,SELL,Equity,Limit,52576,301.25,15838520.0,7.7171,2.8877,2,2,3.3476,53.42,1763.7,False,4.4259,False,False,4,0.4522,0.6416,1.6,0.6561,0.9455,0.8307,76.77,High,True,wash_trading
TRD0078606,TRD0063,CMP042,EKVN,2026-04-30 12:48:17,SELL,Equity,Bracket Order,298735,196.33,58650642.55,7.8848,5.5139,4,20,3.3996,43.41,1480.35,True,3.3488,False,False,7,0.7259,0.6313,5.38,0.6299,0.5131,0.515,57.78,Medium,True,front_running
TRD0018976,TRD0426,CMP032,MXGK,2026-06-18 09:40:45,SELL,Options,Limit,467314,1130.45,528275111.3,9.0997,3.0155,1,21,3.7703,37.83,3.76,True,4.5269,True,False,6,0.8871,0.1678,4.93,0.8387,0.9095,0.4868,74.01,High,True,layering
TRD0080594,TRD0270,CMP009,QWEI,2025-11-19 14:29:08,SELL,Equity,Market,9956,118.07,1175504.92,1.7444,0.5205,1,16,1.1319,321.55,144.7,False,0.8898,False,False,0,0.0268,0.1047,-1.3,0.1542,0.0097,0.0525,9.06,Low,False,none
TRD0025177,TRD0139,CMP050,MCCS,2025-12-12 15:15:25,SELL,Equity,Stop-Loss,2206,81.61,180031.66,0.6449,-0.1217,3,21,1.3013,44.91,9999.0,True,0.0597,False,False,5,0.0972,0.2335,7.36,0.0439,0.0179,0.0199,5.15,Low,False,none
TRD0090797,TRD0381,CMP057,PNYK,2025-12-02 13:01:35,BUY,ETF,Market,34079,99.79,3400743.41,0.6908,-0.2902,4,23,0.825,169.02,477.33,False,0.5439,False,False,0,0.0768,0.039,-1.2,0.0437,0.0297,0.1879,6.07,Low,False,none
TRD0010470,TRD0417,CMP058,JGPO,2026-03-12 09:11:27,SELL,Equity,Market,20977,306.64,6432387.28,0.7549,-0.2273,3,8,1.6097,354.7,755.54,False,0.5308,False,False,0,0.037,0.1572,-2.17,0.0395,0.2944,0.0198,12.48,Low,False,none
TRD0046742,TRD0222,CMP053,SVJO,2026-03-01 13:15:28,SELL,Options,Cover Order,125663,39.64,4981281.32,8.1471,4.2438,3,24,2.1724,27.85,1079.79,True,2.1085,True,False,3,0.5742,0.7021,5.51,0.7223,0.6392,0.5603,67.1,Medium,True,front_running
TRD0093572,TRD0042,CMP024,GGME,2025-12-28 12:43:26,BUY,Equity,Market,747534,35.92,26851421.28,7.5024,2.5678,1,2,3.072,10.94,9999.0,True,2.7653,False,False,2,0.3086,0.4561,7.94,0.9368,0.8849,0.8113,85.43,Critical,True,spoofing
TRD0059977,TRD0207,CMP044,UDJH,2026-05-10 12:05:06,SELL,ETF,Bracket Order,108052,28.22,3049227.44,7.4377,5.7413,2,2,3.1165,488.79,1.23,False,4.3231,False,False,3,0.8975,0.5604,3.84,0.8939,0.8808,0.9202,86.06,Critical,True,wash_trading
TRD0083682,TRD0284,CMP016,FWEI,2026-05-13 11:02:59,BUY,Equity,Limit,130318,837.88,109190845.84,1.2349,-0.1962,5,16,0.836,9999.0,623.58,False,1.1585,False,False,0,0.0085,0.0834,-0.89,0.0182,0.0483,0.0207,3.41,Low,False,none
TRD0082889,TRD0475,CMP008,OIUY,2026-04-24 12:43:03,BUY,Options,Cover Order,2214954,906.82,2008564586.28,6.6218,2.8628,4,15,2.8008,10.9,841.43,True,2.3191,True,False,5,0.3595,0.8184,3.49,0.7078,0.6783,0.6965,70.83,High,True,front_running
TRD0086685,TRD0366,CMP008,OIUY,2026-01-02 15:42:10,BUY,ETF,Market,10117,901.84,9123915.28,0.4471,-0.3646,3,20,1.997,1460.54,328.7,False,-0.3686,False,False,7,0.0524,0.0834,1.25,0.0042,0.0082,0.0397,1.86,Low,False,none
TRD0047657,TRD0147,CMP004,KQZJ,2026-06-17 13:24:04,SELL,ETF,Limit,959161,133.81,128345333.41,10.709,6.0309,2,20,3.9934,9999.0,3.88,False,4.2438,False,False,5,0.5366,0.1613,2.33,0.9255,0.8222,0.8608,80.84,High,True,insider_trading
TRD0092245,TRD0157,CMP047,VBOF,2026-06-17 08:49:26,SELL,ETF,Bracket Order,8090,268.81,2174672.9,0.8623,-1.1208,3,23,0.8976,9999.0,79.39,False,1.2035,False,True,0,0.1027,0.0355,-3.27,0.1768,0.1689,0.005,13.45,Low,False,none
TRD0077771,TRD0105,CMP023,OTXX,2025-12-21 10:05:59,SELL,ETF,Stop-Loss,21409,3183.3,68151269.7,0.9929,-0.7317,4,2,0.758,244.18,676.0,False,2.8501,False,False,0,0.0111,0.2692,-0.92,0.0213,0.0844,0.1393,8.27,Low,False,none
TRD0109591,TRD0024,CMP021,TXFE,2026-02-06 10:33:46,BUY,ETF,Cover Order,280894,73.04,20516497.76,1.5614,-1.0955,2,5,1.9219,2653.68,632.16,False,0.8645,False,False,5,0.0292,0.1403,3.89,0.1326,0.1584,0.2127,15.31,Low,False,none
TRD0039602,TRD0372,CMP005,QSGC,2026-03-02 15:57:28,BUY,Options,Limit,135178,100.59,13597555.02,4.3888,4.7541,4,2,3.4683,2582.26,18.87,False,3.637,True,False,4,0.9413,0.5577,3.03,0.3751,0.9034,0.8715,62.63,Medium,True,spoofing
TRD0038864,TRD0001,CMP039,JDXM,2026-05-10 11:58:59,SELL,ETF,Stop-Loss,8194,104.38,855289.72,1.1973,-0.3044,2,1,1.7887,629.97,102.84,False,0.393,False,False,3,0.0163,0.1914,8.0,0.0549,0.3364,0.0995,15.97,Low,False,none
TRD0107624,TRD0269,CMP022,TTZR,2026-05-20 11:19:22,BUY,Equity,Limit,20458,408.5,8357093.0,0.7019,-0.183,4,12,0.6053,689.97,121.2,False,-0.5817,False,False,1,0.051,0.1493,1.72,0.1027,0.3316,0.0209,16.38,Low,False,none
TRD0021854,TRD0261,CMP034,SIHG,2025-12-05 13:05:32,SELL,ETF,Cover Order,25984,302.09,7849506.56,1.3208,-0.2441,5,10,1.8805,1636.28,180.85,False,-0.6848,False,False,0,0.0014,0.1468,-2.77,0.2086,0.0657,0.0725,13.91,Low,False,none
TRD0048436,TRD0075,CMP011,CGLO,2025-10-31 13:38:17,SELL,Equity,Bracket Order,94308,75.83,7151375.64,4.5403,3.3952,3,5,2.1904,71.35,6.36,False,4.931,False,False,6,0.831,0.1644,7.7,0.8336,0.629,0.5455,66.21,Medium,True,circular_trading
TRD0043946,TRD0090,CMP055,NKNY,2026-01-06 10:43:58,SELL,ETF,Stop-Loss,51461,1100.96,56656502.56,10.4068,6.1546,1,13,2.8657,24.03,246.04,True,3.8994,False,False,1,0.7939,0.6416,3.77,0.6443,0.9544,0.5342,72.05,High,True,insider_trading
TRD0099033,TRD0343,CMP040,PWVJ,2025-10-11 09:39:06,BUY,Equity,Cover Order,7182,50.85,365204.7,1.0152,0.1566,3,1,1.6056,2628.38,9999.0,False,0.2453,False,False,3,0.0271,0.2526,3.87,0.0353,0.0822,0.0062,6.67,Low,False,none
TRD0037459,TRD0192,CMP050,MCCS,2025-10-13 12:16:25,SELL,Equity,Market,60268,100.74,6071398.32,0.7325,-0.7619,4,5,0.8337,1487.89,9999.0,False,-0.1132,False,False,0,0.0213,0.434,-2.64,0.0104,0.01,0.0243,5.47,Low,False,none
TRD0052594,TRD0312,CMP015,WXZK,2025-11-23 11:40:58,BUY,Futures,Limit,248593,591.86,147132252.98,4.4062,2.7759,3,6,2.4825,15.51,42.0,True,2.4443,True,False,2,0.9677,0.7761,3.96,0.91,0.8727,0.6013,83.91,High,True,front_running
TRD0019031,TRD0203,CMP003,NCBQ,2026-03-27 08:52:49,BUY,Options,Stop-Loss,22781,121.33,2764018.73,4.2792,6.5189,4,13,1.9609,27.37,959.55,True,4.4587,True,True,5,0.7215,0.1169,5.54,0.9707,0.7373,0.6832,77.22,High,True,layering
TRD0118720,TRD0351,CMP058,JGPO,2026-05-23 11:47:53,SELL,ETF,Bracket Order,511952,334.03,171007326.56,9.2866,3.3,5,2,3.1541,23.96,15.56,True,3.3121,False,False,6,0.0254,0.6234,5.94,0.5463,0.5404,0.7449,58.2,Medium,True,front_running
TRD0102489,TRD0442,CMP042,EKVN,2026-06-04 15:42:01,SELL,Equity,Cover Order,19978,192.43,3844366.54,0.7897,0.3831,2,4,0.592,95.61,799.48,False,-2.2087,False,False,0,0.0765,0.116,-0.41,0.1085,0.0334,0.0605,7.95,Low,False,none
TRD0021715,TRD0359,CMP034,SIHG,2026-03-03 08:21:15,BUY,Options,Limit,93298,319.2,29780721.6,11.2375,3.3619,1,4,2.5723,20.81,173.77,True,2.4099,True,True,3,0.4026,0.3502,0.42,0.9583,0.9478,0.7536,86.36,Critical,True,insider_trading
TRD0021552,TRD0245,CMP043,QBPR,2026-05-14 14:41:46,SELL,Options,Limit,15172,481.03,7298187.16,5.7934,6.4787,5,14,1.6399,33.38,2542.8,True,4.6917,True,False,7,0.5173,0.169,6.6,0.6678,0.9087,0.6289,68.44,Medium,True,insider_trading
TRD0027479,TRD0213,CMP022,TTZR,2025-10-07 14:46:49,BUY,Equity,Bracket Order,8013,405.02,3245425.26,1.3381,-0.9763,3,12,1.5328,1735.3,9999.0,False,0.4667,False,False,0,0.1417,0.3075,-0.59,0.053,0.0056,0.0305,6.09,Low,False,none
TRD0043877,TRD0385,CMP035,AQPF,2025-11-17 10:46:48,SELL,Futures,Limit,114746,1041.33,119488452.18,9.5205,5.499,4,3,2.0895,572.21,3.61,False,3.8949,True,False,2,1.0665,0.69,2.37,0.8311,0.7316,0.7112,76.92,High,True,pump_and_dump
TRD0041712,TRD0438,CMP018,YGCX,2025-11-10 13:37:42,BUY,ETF,Bracket Order,4542,752.33,3417082.86,1.3402,-1.0779,4,24,1.1433,1220.98,9999.0,False,0.1941,False,False,0,0.0981,0.3142,-1.9,0.0271,0.0023,0.0394,5.02,Low,False,none
TRD0114476,TRD0330,CMP003,NCBQ,2026-03-28 11:54:31,BUY,Equity,Cover Order,378590,111.59,42246858.1,11.6967,5.9801,1,1,2.4535,0.34,986.57,True,3.7757,False,False,3,0.266,0.2982,4.69,0.9265,0.8453,0.6437,79.69,High,True,insider_trading
TRD0047724,TRD0222,CMP020,IARJ,2026-04-15 09:18:26,BUY,Futures,Market,126365,1073.37,135636400.05,8.7555,2.7939,2,1,2.5637,35.34,635.29,True,4.6899,True,False,7,0.6924,0.7021,3.92,0.6849,0.7906,0.815,73.78,High,True,insider_trading
TRD0114572,TRD0162,CMP053,SVJO,2026-03-01 11:17:54,SELL,ETF,Bracket Order,100275,52.96,5310564.0,4.7608,6.7542,5,3,2.4315,29.81,1077.83,True,3.4069,False,False,1,0.6818,0.2769,3.35,0.6666,0.8131,0.5871,65.97,Medium,True,wash_trading
TRD0079956,TRD0415,CMP046,LUQA,2026-03-08 11:37:55,SELL,ETF,Limit,34235,202.97,6948677.95,0.8689,-0.1342,1,1,1.3808,281.08,865.12,False,1.1973,False,False,6,0.0319,0.1044,0.38,0.0339,0.0697,0.1187,6.44,Low,False,none
TRD0072379,TRD0176,CMP020,IARJ,2026-01-15 13:28:10,BUY,Equity,Cover Order,525787,1047.0,550498989.0,5.7286,2.5274,3,18,3.5407,30.61,589.78,True,3.1629,False,False,6,1.0694,0.0972,1.21,0.8456,0.7808,0.2686,66.48,Medium,True,wash_trading
TRD0011795,TRD0222,CMP040,PWVJ,2026-03-13 14:39:44,BUY,Options,Market,119740,20.2,2418748.0,6.8618,6.9548,3,20,3.1708,44.17,1048.63,True,3.5119,True,False,7,0.9057,0.7021,5.24,0.8927,0.8906,0.8117,86.09,Critical,True,spoofing
TRD0089083,TRD0251,CMP007,PZVF,2026-03-25 13:55:09,BUY,ETF,Market,52993,38.04,2015853.72,0.8032,-0.054,3,7,1.6547,9999.0,261.45,False,0.1893,False,False,6,0.0946,0.1921,2.92,0.0016,0.0048,0.0352,2.66,Low,False,none
TRD0005768,TRD0439,CMP023,OTXX,2026-04-25 10:10:53,BUY,Options,Market,85584,3203.63,274179469.92,1.2576,0.3335,5,17,0.5171,128.99,2728.78,False,1.5919,True,False,0,0.0309,0.0721,-4.56,0.0482,0.0291,0.0925,5.15,Low,False,none
TRD0048120,TRD0041,CMP040,PWVJ,2026-03-26 12:25:24,SELL,Futures,Cover Order,90204,8.02,723436.08,3.4779,6.3418,3,11,2.8105,32.25,265.59,True,3.5173,True,False,4,0.3987,0.862,1.85,0.8701,0.8626,0.8128,85.84,Critical,True,insider_trading
TRD0005121,TRD0423,CMP016,FWEI,2026-03-26 15:41:21,BUY,Equity,Limit,7560,824.04,6229742.4,0.7236,-1.7088,4,4,1.7983,523.78,341.72,False,0.2977,False,False,2,0.0056,0.1385,1.18,0.0912,0.0716,0.0398,8.23,Low,False,none
TRD0051510,TRD0037,CMP004,KQZJ,2026-06-28 12:39:49,BUY,Equity,Market,8366,121.52,1016636.32,0.4551,0.6116,3,14,1.7833,9999.0,267.14,False,0.919,False,False,0,0.1496,0.2208,-4.57,0.389,0.0056,0.0853,21.16,Low,False,none
TRD0113187,TRD0181,CMP000,SPDZ,2026-01-22 08:54:02,SELL,Futures,Bracket Order,165943,466.56,77422366.08,7.0804,4.9682,1,16,3.67,38.35,9999.0,True,4.5566,True,True,3,0.6928,0.3502,5.31,0.7111,0.8033,0.9621,74.03,High,True,front_running
TRD0053633,TRD0282,CMP009,QWEI,2026-01-03 12:39:06,SELL,Equity,Stop-Loss,183264,128.61,23569583.04,1.1163,1.5442,4,8,1.1078,1430.92,756.61,False,-1.2486,False,False,0,0.1252,0.2692,-1.14,0.2119,0.1008,0.0544,16.07,Low,False,none
TRD0020103,TRD0067,CMP022,TTZR,2026-03-14 14:08:49,SELL,Equity,Cover Order,29879,416.15,12434145.85,1.1892,0.3703,5,8,1.2205,1483.98,196.69,False,0.0417,False,False,3,0.0152,0.0933,2.31,0.0762,0.3365,0.036,15.0,Low,False,none
TRD0069872,TRD0363,CMP048,JGWJ,2026-05-22 12:26:12,BUY,Equity,Limit,35839,160.44,5750009.16,6.3947,6.9967,2,14,1.9276,29.28,878.77,True,4.0654,False,False,6,0.3752,0.0525,2.4,0.8169,0.7092,0.752,69.84,Medium,True,layering
TRD0075015,TRD0319,CMP043,QBPR,2026-01-19 13:17:35,BUY,Equity,Stop-Loss,111841,470.41,52611124.81,0.5402,-0.1789,2,4,1.8204,218.6,9999.0,False,-0.0817,False,False,6,0.0192,0.3621,4.04,0.0045,0.0165,0.0335,4.82,Low,False,none
TRD0001817,TRD0301,CMP033,CHAM,2026-06-25 13:51:17,BUY,ETF,Market,66239,1339.83,88748999.37,0.8198,-1.8579,3,11,1.9975,9999.0,1510.48,False,-1.3554,False,False,1,0.0114,0.3262,8.05,0.0709,0.0228,0.0005,7.14,Low,False,none
TRD0056985,TRD0042,CMP029,OPWR,2026-03-01 16:05:06,BUY,Options,Bracket Order,383209,106.78,40919057.02,3.1724,5.4485,4,15,1.5137,32.17,1278.06,True,4.3021,True,True,3,0.0161,0.4561,3.26,0.9009,0.9949,0.6272,84.36,High,True,insider_trading
TRD0065825,TRD0210,CMP044,UDJH,2026-02-13 17:35:39,SELL,Options,Bracket Order,181399,59.86,10858544.14,10.4574,6.3507,4,15,1.8338,25.57,635.37,True,2.0089,True,True,1,0.5501,0.8977,3.99,0.7574,0.6923,0.8474,76.54,High,True,circular_trading
TRD0088057,TRD0000,CMP059,RFEI,2026-06-07 07:55:22,SELL,ETF,Bracket Order,41049,96.68,3968617.32,1.0749,0.9832,1,15,1.8753,127.29,1887.46,False,-0.3725,False,True,4,0.0488,0.0681,3.85,0.0325,0.0277,0.0044,3.04,Low,False,none
TRD0019957,TRD0053,CMP003,NCBQ,2026-04-17 09:48:23,SELL,ETF,Stop-Loss,10059,124.92,1256570.28,1.1272,-0.7338,4,1,1.0491,598.23,477.56,False,0.5349,False,False,4,0.0452,0.2471,2.79,0.0005,0.2174,0.0295,9.46,Low,False,none
TRD0071575,TRD0097,CMP020,IARJ,2026-01-22 10:54:54,SELL,Options,Cover Order,145410,1070.51,155662859.1,3.078,5.2889,5,18,3.3242,54.26,134.83,False,2.2526,True,False,6,0.4856,0.8788,4.99,0.8793,0.9185,0.5421,84.04,High,True,insider_trading
TRD0064901,TRD0196,CMP051,NQWS,2026-01-10 14:57:00,SELL,ETF,Cover Order,10048,3.96,39790.08,1.1191,-0.5056,2,17,0.7046,535.49,1047.35,False,0.0091,False,False,6,0.1176,0.4032,2.58,0.0545,0.1639,0.0205,11.71,Low,False,none
TRD0011180,TRD0434,CMP004,KQZJ,2026-05-08 18:01:46,BUY,Options,Cover Order,277802,124.6,34614129.2,9.8287,6.9281,3,19,1.5854,15.55,3617.22,True,4.0102,True,True,7,1.0453,0.2833,4.76,0.863,0.5125,0.5582,65.42,Medium,True,spoofing
TRD0028771,TRD0351,CMP044,UDJH,2026-05-09 17:45:14,SELL,Futures,Market,228981,45.28,10368259.68,4.1145,3.7346,4,5,3.5342,17.1,2014.59,True,2.461,True,True,5,0.3121,0.6234,2.3,0.8736,0.6999,0.4937,73.95,High,True,insider_trading
TRD0093890,TRD0255,CMP009,QWEI,2026-03-23 15:39:18,BUY,Equity,Bracket Order,196049,100.37,19677438.13,7.376,5.2645,1,15,2.8512,4.12,468.09,True,2.9396,False,False,3,0.2488,0.8046,0.81,0.7408,0.794,0.4641,72.16,High,True,insider_trading
TRD0086689,TRD0037,CMP004,KQZJ,2026-04-16 11:24:45,SELL,ETF,Stop-Loss,15488,107.32,1662172.16,0.9409,-0.1435,4,11,0.6072,550.17,3082.6,False,-0.6754,False,False,0,0.0462,0.2208,-2.12,0.1324,0.1089,0.0006,11.44,Low,False,none
TRD0062143,TRD0248,CMP048,JGWJ,2026-03-12 10:09:26,BUY,Equity,Stop-Loss,392675,101.06,39683735.5,7.3393,5.2171,4,19,3.9395,38.75,1053.18,True,3.4474,False,False,6,0.9623,0.4378,4.68,0.9541,0.8508,0.811,85.0,Critical,True,insider_trading
TRD0081060,TRD0248,CMP047,VBOF,2026-02-21 12:03:45,BUY,ETF,Limit,601097,235.63,141636486.11,10.7324,3.3355,3,19,2.92,12.14,307.41,True,3.3004,False,False,4,0.2359,0.4378,4.05,0.8068,0.8852,0.827,79.64,High,True,pump_and_dump
TRD0116889,TRD0261,CMP019,ADNW,2026-04-22 13:34:18,SELL,Equity,Market,195649,7.95,1555409.55,10.1377,3.7799,3,20,2.1111,463.24,0.25,False,2.9252,False,False,2,0.5082,0.1468,4.45,0.6224,0.7108,0.603,59.85,Medium,True,layering
TRD0045782,TRD0414,CMP029,OPWR,2026-01-06 10:04:11,SELL,Equity,Stop-Loss,6617,44.89,297037.13,8.5481,2.9999,3,10,2.3974,23.96,309.45,True,3.1275,False,False,1,0.4599,0.8918,1.76,0.9281,0.8793,0.9004,90.57,Critical,True,front_running
TRD0092627,TRD0258,CMP055,NKNY,2025-11-28 12:15:35,BUY,Equity,Bracket Order,6840,1126.74,7706901.6,0.9804,-1.4257,3,12,1.035,688.43,9999.0,False,-1.5732,False,False,5,0.0697,0.2195,4.24,0.0201,0.0817,0.3058,10.14,Low,False,none
TRD0119012,TRD0462,CMP048,JGWJ,2026-05-22 17:07:59,BUY,ETF,Cover Order,484136,141.07,68297065.52,11.9022,6.1898,5,4,1.998,24.58,883.47,True,4.7423,False,True,0,0.4955,0.5748,-2.13,0.8951,0.891,0.9486,86.99,Critical,True,front_running
TRD0012156,TRD0207,CMP044,UDJH,2026-05-09 15:56:20,SELL,Equity,Market,166040,36.42,6047176.8,11.5247,3.2051,5,18,3.857,18.92,2012.78,True,3.8666,False,False,6,0.0884,0.5604,0.78,0.9104,0.7989,0.6151,79.77,High,True,insider_trading
TRD0090958,TRD0414,CMP052,QXXS,2026-06-10 12:22:20,BUY,ETF,Limit,5800,1777.63,10310254.0,8.0222,4.8338,3,23,2.2908,24.51,1364.06,True,4.6112,False,False,4,0.6254,0.8918,4.26,0.8288,0.526,0.6579,71.86,High,True,layering
TRD0036652,TRD0412,CMP016,FWEI,2026-04-15 14:43:19,BUY,Equity,Bracket Order,686435,844.61,579769865.35,10.2893,4.1567,3,6,3.0407,44.74,820.75,True,2.7155,False,False,4,0.3896,0.5609,3.43,0.7636,0.8582,0.8886,79.05,High,True,layering
TRD0070018,TRD0390,CMP058,JGPO,2026-05-23 12:59:50,SELL,Equity,Cover Order,43976,350.24,15402154.24,5.6018,4.4582,4,7,3.5136,22.76,16.76,True,4.0558,False,False,2,0.3588,0.6803,2.34,0.806,0.5751,0.6866,70.62,High,True,layering
TRD0068280,TRD0042,CMP038,UXVA,2025-11-09 10:54:40,BUY,Equity,Limit,209520,645.35,135213732.0,1.9453,0.0709,1,16,1.8178,1398.58,9999.0,False,0.5909,False,False,2,0.0636,0.4561,2.05,0.0117,0.0067,0.0077,5.4,Low,False,none
TRD0112669,TRD0137,CMP007,PZVF,2026-01-02 11:04:13,SELL,Futures,Bracket Order,93609,62.49,5849626.41,10.1001,3.6067,1,23,3.4731,24.61,9999.0,True,3.2095,True,False,0,0.7459,0.3613,-1.76,0.6776,0.8296,0.6371,68.55,Medium,True,wash_trading
TRD0070384,TRD0243,CMP023,OTXX,2025-11-08 15:37:03,SELL,ETF,Market,20373,3188.41,64957476.93,0.9679,-0.7671,3,5,1.0926,350.48,9999.0,False,-0.1158,False,False,1,0.1179,0.2698,1.18,0.0305,0.0391,0.0598,6.14,Low,False,none
TRD0064318,TRD0169,CMP052,QXXS,2025-12-12 09:17:34,BUY,ETF,Cover Order,27617,1825.53,50415662.01,1.2372,-0.9739,4,20,1.3453,1987.21,309.08,False,-0.1178,False,False,1,0.029,0.3644,1.31,0.0201,0.0258,0.0068,5.42,Low,False,none
TRD0067037,TRD0475,CMP000,SPDZ,2026-01-25 15:29:11,SELL,Futures,Limit,1927568,481.15,927449343.2,5.997,4.1815,5,7,2.0746,2.48,40.23,True,2.3699,True,False,3,0.1481,0.8184,3.89,0.9686,0.9282,0.4781,86.79,Critical,True,insider_trading
TRD0048440,TRD0363,CMP006,XBFQ,2026-05-28 09:17:52,SELL,ETF,Market,7220,71.43,515724.6,1.531,0.8289,4,5,1.1456,9999.0,1381.5,False,-0.7692,False,False,4,0.1671,0.0525,5.06,0.0273,0.0271,0.0576,3.43,Low,False,none
TRD0080081,TRD0054,CMP052,QXXS,2025-11-21 09:10:51,BUY,ETF,Limit,15431,1803.7,27832894.7,1.2474,-1.7024,2,24,1.6533,195.03,62.48,False,-0.1503,False,False,0,0.0074,0.2012,-0.08,0.0282,0.0043,0.1167,5.16,Low,False,none
TRD0079601,TRD0063,CMP036,UCCA,2025-11-29 15:50:55,SELL,Equity,Cover Order,348530,122.77,42789028.1,10.8981,3.8239,3,15,2.7261,157.27,6.49,False,4.5365,False,False,3,0.1168,0.6313,5.52,0.703,0.6155,0.6029,65.46,Medium,True,insider_trading
TRD0081764,TRD0210,CMP018,YGCX,2026-05-09 16:50:21,BUY,Options,Cover Order,87110,740.44,64499728.4,4.0348,4.4631,5,12,1.9857,960.69,13.82,False,4.8771,True,True,0,0.7623,0.8977,-4.8,0.6211,0.8757,0.4117,69.37,Medium,True,pump_and_dump
TRD0013173,TRD0214,CMP003,NCBQ,2026-03-27 09:07:25,BUY,ETF,Bracket Order,166449,101.06,16821335.94,4.9805,5.6589,2,20,1.9565,27.12,959.79,True,2.3029,False,False,5,0.5332,0.2168,3.17,0.7055,0.708,0.5494,63.4,Medium,True,pump_and_dump
TRD0109821,TRD0151,CMP029,OPWR,2026-05-07 14:21:32,SELL,Options,Cover Order,1526006,73.46,112100400.76,10.1048,4.0064,3,15,2.2432,9999.0,4.39,False,3.7461,True,False,0,0.5308,0.0345,-7.02,0.828,0.9208,0.7477,76.44,High,True,spoofing
TRD0061229,TRD0136,CMP000,SPDZ,2026-04-13 13:36:50,BUY,Equity,Cover Order,2225,480.84,1069869.0,0.8529,0.7893,1,4,0.6321,1072.01,1004.54,False,0.0584,False,False,7,0.0699,0.3098,0.93,0.0448,0.0085,0.117,7.12,Low,False,none
TRD0088559,TRD0372,CMP057,PNYK,2025-11-11 17:52:25,BUY,ETF,Cover Order,227945,87.24,19885921.8,8.5353,2.6125,1,13,3.311,21.82,9999.0,True,3.1021,False,True,1,0.4229,0.5577,5.33,0.8671,0.6416,0.7565,75.19,High,True,spoofing
TRD0107044,TRD0090,CMP002,JBDO,2026-02-23 12:36:55,BUY,ETF,Bracket Order,28809,116.71,3362298.39,5.9575,2.8434,5,12,3.3759,49.96,81.09,False,2.1606,False,False,4,0.2018,0.6416,3.84,0.7462,0.7187,0.6702,71.61,High,True,pump_and_dump
TRD0098638,TRD0117,CMP018,YGCX,2026-03-24 11:02:12,BUY,Equity,Limit,56929,735.71,41883234.59,1.0859,0.1004,5,12,1.4524,510.08,544.27,False,1.3184,False,False,1,0.1364,0.0414,0.24,0.0281,0.0543,0.004,3.37,Low,False,none
TRD0074421,TRD0193,CMP037,BUYO,2026-04-25 13:50:32,SELL,Equity,Limit,31570,255.79,8075290.3,1.5243,0.0211,4,8,1.7197,560.86,1944.41,False,0.0891,False,False,0,0.0242,0.3166,-2.97,0.1545,0.0836,0.1756,15.26,Low,False,none
TRD0055620,TRD0349,CMP053,SVJO,2025-12-25 12:10:44,BUY,Equity,Limit,88705,8.66,768185.3,0.9427,-0.1106,1,13,1.6058,505.29,9999.0,False,0.3069,False,False,5,0.017,0.1307,4.21,0.0463,0.0871,0.0904,7.36,Low,False,none
TRD0071964,TRD0465,CMP020,IARJ,2026-06-24 13:34:37,SELL,Equity,Bracket Order,9634,1084.77,10450674.18,0.9656,0.1019,4,11,1.2829,9999.0,1532.5,False,-1.3229,False,False,0,0.0425,0.1448,-0.0,0.1048,0.0341,0.0029,7.23,Low,False,none
TRD0077919,TRD0317,CMP017,FNLM,2026-02-07 09:45:24,SELL,Equity,Stop-Loss,12878,558.27,7189401.06,0.9737,0.2613,4,10,1.1068,779.51,9999.0,False,0.4453,False,False,4,0.117,0.2666,4.15,0.1093,0.1285,0.0148,11.66,Low,False,none
TRD0009634,TRD0314,CMP002,JBDO,2026-01-13 14:34:25,BUY,ETF,Stop-Loss,2997,105.06,314864.82,0.6462,0.8311,5,23,1.8704,900.95,998.94,False,0.2955,False,False,1,0.0361,0.2237,4.8,0.0464,0.0057,0.0099,4.64,Low,False,none
TRD0028741,TRD0312,CMP016,FWEI,2025-11-18 14:41:57,BUY,Futures,Limit,339740,835.13,283727066.2,6.8253,5.8751,3,3,3.8549,666.62,1.62,False,3.8327,True,False,6,0.2893,0.7761,3.03,0.659,0.7526,0.6265,69.39,Medium,True,wash_trading
TRD0100061,TRD0007,CMP025,JXOT,2025-12-29 11:04:29,BUY,Equity,Bracket Order,46820,241.94,11327630.8,1.2886,-1.0614,2,10,0.794,806.22,705.48,False,-2.2766,False,False,4,0.0477,0.1944,1.03,0.0681,0.0072,0.0217,5.55,Low,False,none
TRD0102945,TRD0255,CMP030,FHSA,2025-12-27 10:55:29,BUY,ETF,Bracket Order,249768,96.58,24122593.44,7.7724,5.1212,2,20,2.2291,28.11,417.1,True,2.1668,False,False,5,0.5691,0.8046,1.68,0.8839,0.8876,0.7561,85.79,Critical,True,insider_trading
TRD0100364,TRD0252,CMP044,UDJH,2026-01-17 14:33:11,SELL,Options,Market,439672,55.5,24401796.0,11.0179,4.5593,5,13,3.1719,15.67,417.24,True,3.875,True,False,7,0.343,0.7888,3.4,0.8429,0.5962,0.6914,74.08,High,True,front_running
TRD0050866,TRD0210,CMP055,NKNY,2026-01-21 07:56:57,BUY,Equity,Market,220543,1125.72,248269665.96,8.8154,2.8106,5,13,2.3537,0.89,333.18,True,4.4229,False,True,0,0.2811,0.8977,-0.89,0.8846,0.9814,0.5307,86.19,Critical,True,spoofing
TRD0098500,TRD0045,CMP026,UGLJ,2026-05-02 11:53:52,BUY,Equity,Cover Order,41066,1560.14,64068709.24,3.4118,3.5425,1,13,3.9391,8.99,3035.34,True,2.6916,False,False,2,0.5916,0.788,9.45,0.5084,0.8595,0.7194,67.33,Medium,True,circular_trading
TRD0095604,TRD0337,CMP010,VTWH,2026-06-28 09:21:28,BUY,Equity,Market,14632,65.88,963956.16,1.334,1.4632,2,18,1.8557,9999.0,2438.71,False,0.1958,False,False,5,0.0004,0.0177,5.75,0.0294,0.0336,0.1479,4.73,Low,False,none
TRD0113083,TRD0465,CMP051,NQWS,2026-03-10 11:37:30,SELL,ETF,Bracket Order,11673,25.38,296260.74,0.8644,-0.4556,4,22,1.241,1301.62,877.19,False,-0.5649,False,False,2,0.0787,0.1448,0.06,0.0124,0.1086,0.0138,5.47,Low,False,none
TRD0073373,TRD0249,CMP026,UGLJ,2025-10-30 09:02:03,SELL,ETF,Bracket Order,1099175,1531.43,1683309570.25,3.1055,5.8921,4,5,2.8803,31.05,9999.0,True,3.0949,False,False,1,0.5046,0.5114,4.86,0.9773,0.8897,0.8493,88.52,Critical,True,front_running
TRD0056500,TRD0462,CMP024,GGME,2026-03-26 10:07:25,BUY,ETF,Limit,221818,50.44,11188499.92,7.8389,6.4586,4,14,3.0434,16.02,1354.99,True,2.6023,False,False,7,0.438,0.5748,0.84,0.9381,0.9155,0.7589,86.81,Critical,True,insider_trading
TRD0090345,TRD0041,CMP044,UDJH,2026-05-29 17:23:46,SELL,ETF,Stop-Loss,125769,44.66,5616843.54,5.1769,5.723,4,4,3.9679,27.48,462.54,True,3.9197,False,True,4,0.4836,0.862,6.59,0.7176,0.4849,0.7207,66.27,Medium,True,insider_trading
TRD0087040,TRD0164,CMP032,MXGK,2026-05-31 12:10:33,SELL,ETF,Cover Order,49153,1132.64,55672653.92,1.6001,0.6341,3,7,1.368,425.75,268.21,False,0.8165,False,False,3,0.0004,0.1522,3.69,0.0377,0.0835,0.394,11.63,Low,False,none
TRD0009982,TRD0113,CMP022,TTZR,2026-03-23 14:53:45,SELL,ETF,Limit,45562,458.0,20867396.0,1.6159,-0.1491,3,19,0.9249,1267.23,413.44,False,-0.2458,False,False,2,0.036,0.2624,2.14,0.0959,0.1055,0.0162,10.35,Low,False,none
TRD0038461,TRD0470,CMP055,NKNY,2026-03-23 13:33:05,BUY,Equity,Cover Order,12668,1113.7,14108351.6,8.6452,4.8095,5,10,3.861,6.77,1468.71,True,3.2179,False,False,3,0.485,0.1954,7.75,0.8282,0.9716,0.5104,76.03,High,True,insider_trading
TRD0080202,TRD0090,CMP014,DJHR,2026-04-16 10:55:07,SELL,Equity,Bracket Order,42264,137.96,5830741.44,7.8346,6.053,5,20,3.2396,15.43,1468.21,True,4.7274,False,False,6,0.4818,0.6416,2.77,0.7371,0.5873,0.7352,68.23,Medium,True,wash_trading
TRD0117095,TRD0302,CMP031,NGEI,2026-01-08 07:57:17,SELL,Equity,Bracket Order,64265,442.62,28444974.3,5.9943,4.0827,1,13,1.6942,48.25,9999.0,False,3.4679,False,True,5,0.1489,0.2938,2.83,0.6895,0.7233,0.4913,63.03,Medium,True,pump_and_dump
TRD0093448,TRD0260,CMP045,BPXM,2025-11-09 14:07:33,SELL,ETF,Limit,4371,262.68,1148174.28,0.5475,1.4136,3,5,0.9976,1977.29,9999.0,False,-0.3905,False,False,3,0.0198,0.38,2.35,0.1001,0.1565,0.0437,13.66,Low,False,none
TRD0114839,TRD0039,CMP053,SVJO,2026-03-19 09:49:45,SELL,Equity,Cover Order,26939,45.89,1236230.71,0.6081,0.1024,3,2,1.0227,1981.68,160.12,False,-0.3979,False,False,0,0.0607,0.3201,-2.91,0.0012,0.0243,0.0331,4.48,Low,False,none
TRD0119592,TRD0454,CMP048,JGWJ,2025-11-04 11:25:11,SELL,ETF,Market,31512,166.56,5248638.72,1.5423,0.8854,3,24,1.3939,433.45,9999.0,False,2.2182,False,False,2,0.0473,0.1995,0.65,0.146,0.034,0.0133,9.78,Low,False,none
TRD0038228,TRD0112,CMP033,CHAM,2026-02-22 15:45:05,SELL,ETF,Limit,3203,1363.45,4367130.35,0.6549,0.0439,1,18,1.7095,1439.62,867.11,False,0.1224,False,False,0,0.0299,0.0369,-1.0,0.0328,0.0663,0.0606,4.74,Low,False,none
TRD0010556,TRD0389,CMP026,UGLJ,2026-06-02 11:05:09,SELL,Equity,Market,45840,1540.37,70610560.8,1.971,-0.4022,4,1,0.9943,360.62,341.51,False,0.041,False,False,0,0.039,0.4386,-5.12,0.0555,0.0326,0.0546,8.68,Low,False,none
TRD0045493,TRD0248,CMP034,SIHG,2026-03-08 11:14:00,BUY,Options,Bracket Order,441842,303.8,134231599.6,6.5602,2.7775,5,3,1.8658,18.98,102.07,True,2.3791,True,False,2,0.8947,0.4378,8.19,0.7753,0.6991,0.5822,68.97,Medium,True,pump_and_dump
TRD0043520,TRD0156,CMP048,JGWJ,2026-05-17 14:44:22,BUY,Equity,Limit,16808,104.15,1750553.2,1.4736,0.181,5,10,1.6985,146.98,761.08,False,-0.2312,False,False,7,0.0494,0.0661,2.28,0.1113,0.0383,0.0444,7.48,Low,False,none
TRD0024789,TRD0311,CMP017,FNLM,2026-06-09 10:54:38,BUY,ETF,Stop-Loss,11633,609.73,7092989.09,0.9612,-1.2165,1,8,1.8207,9999.0,117.94,False,0.045,False,False,6,0.0645,0.1389,0.71,0.0182,0.0542,0.0481,4.56,Low,False,none
TRD0035945,TRD0019,CMP038,UXVA,2026-05-07 09:25:19,SELL,Futures,Bracket Order,203668,629.98,128306766.64,5.794,6.4891,5,17,1.8848,25.88,1798.97,True,2.0007,True,False,7,0.3838,0.1759,3.74,0.613,0.7312,0.9575,65.64,Medium,True,wash_trading
TRD0059396,TRD0063,CMP036,UCCA,2026-02-13 14:56:53,SELL,Options,Market,56352,130.52,7355063.04,1.5679,0.3767,2,16,1.6376,1032.82,749.86,False,-0.0402,True,False,3,0.0423,0.6313,0.2,0.0558,0.0004,0.1377,10.9,Low,False,none
TRD0019145,TRD0071,CMP006,XBFQ,2026-02-14 10:12:00,SELL,ETF,Market,20569,66.71,1372157.99,0.8994,0.1455,4,17,0.6414,50.42,9999.0,False,-0.2423,False,False,0,0.0577,0.2838,-1.49,0.0819,0.2286,0.0369,13.94,Low,False,none
TRD0049155,TRD0414,CMP001,LMTI,2026-02-27 17:48:05,BUY,Options,Cover Order,9021,351.2,3168175.2,10.4757,4.5596,5,17,2.9336,33.89,1589.34,True,3.7518,True,True,4,0.622,0.8918,3.63,0.8618,0.9929,0.8319,89.96,Critical,True,insider_trading
TRD0109494,TRD0052,CMP048,JGWJ,2025-11-10 13:53:44,BUY,Equity,Bracket Order,19526,148.74,2904297.24,1.1522,-0.1752,4,12,1.779,286.97,9999.0,False,0.9974,False,False,0,0.1349,0.2251,-0.91,0.027,0.0114,0.1102,5.46,Low,False,none
TRD0014119,TRD0222,CMP010,VTWH,2025-11-15 13:10:53,BUY,Futures,Stop-Loss,189969,82.6,15691439.4,9.6782,6.3397,3,8,3.7642,9.49,9999.0,True,3.2432,True,False,1,0.5986,0.7021,3.4,0.9769,0.7425,0.3483,78.48,High,True,insider_trading
TRD0038290,TRD0335,CMP023,OTXX,2026-03-08 11:39:48,SELL,ETF,Stop-Loss,31887,3159.69,100753035.03,1.1125,-0.8636,2,22,1.4903,1279.51,1578.26,False,-0.811,False,False,0,0.0339,0.1169,-0.65,0.0188,0.0189,0.0055,2.66,Low,False,none
TRD0036693,TRD0192,CMP020,IARJ,2026-04-20 14:38:32,BUY,ETF,Cover Order,460802,1082.71,498914933.42,6.5918,5.1428,2,5,1.9718,26.44,89.99,True,4.4396,False,False,5,0.4503,0.434,1.93,0.7959,0.7168,0.6187,70.94,High,True,insider_trading
TRD0043507,TRD0090,CMP012,INMT,2026-02-01 07:00:20,BUY,ETF,Limit,31115,215.43,6703104.45,5.4872,4.2386,1,4,1.6885,16.41,9999.0,True,2.7693,False,True,0,0.469,0.6416,-0.52,0.8119,0.82,0.7234,78.4,High,True,circular_trading
TRD0088300,TRD0034,CMP041,LXML,2026-04-28 09:32:21,SELL,ETF,Bracket Order,3599,443.96,1597812.04,0.5563,0.9418,1,23,1.0448,9999.0,246.51,False,0.3079,False,False,0,0.0314,0.0662,-0.28,0.0825,0.2002,0.0194,10.67,Low,False,none
TRD0079413,TRD0156,CMP005,QSGC,2026-03-07 09:26:53,BUY,ETF,Stop-Loss,9723,122.5,1191067.5,0.8282,-0.4881,3,7,1.1573,2468.77,132.36,False,-0.44,False,False,0,0.0596,0.0661,-1.59,0.097,0.0964,0.1129,9.61,Low,False,none
TRD0088004,TRD0369,CMP011,CGLO,2025-10-29 10:48:56,SELL,ETF,Market,323388,67.36,21783415.68,10.9563,4.2426,4,21,2.1415,44.46,9999.0,True,3.741,False,False,7,0.4355,0.5509,5.9,0.9307,0.846,0.8464,85.47,Critical,True,spoofing
TRD0063733,TRD0039,CMP044,UDJH,2026-06-14 09:24:23,SELL,ETF,Market,60416,63.67,3846686.72,1.6341,-1.2546,2,11,1.5305,9999.0,348.53,False,0.0105,False,False,0,0.0448,0.3201,-0.34,0.1212,0.2246,0.1147,17.11,Low,False,none
TRD0082840,TRD0385,CMP002,JBDO,2025-12-01 10:55:32,BUY,Equity,Market,96283,109.28,10521806.24,6.9914,5.9644,4,9,2.8875,36.71,9999.0,True,3.0922,False,False,0,0.1868,0.69,-2.92,0.8339,0.7659,0.639,76.99,High,True,pump_and_dump
TRD0093298,TRD0105,CMP021,TXFE,2026-05-27 13:32:10,BUY,Futures,Cover Order,153757,96.93,14903666.01,7.6403,6.9516,3,12,2.3079,10.71,3275.13,True,2.5289,True,False,2,0.3728,0.2692,2.69,0.9047,0.8144,0.6083,76.96,High,True,spoofing
TRD0053153,TRD0119,CMP001,LMTI,2026-05-03 14:29:04,SELL,Options,Cover Order,10325,352.68,3641421.0,0.722,-1.0042,5,2,1.1668,1187.23,207.66,False,-0.7386,True,False,2,0.0162,0.1704,7.66,0.06,0.1345,0.0532,9.24,Low,False,none
TRD0091494,TRD0041,CMP041,LXML,2026-04-18 11:40:44,SELL,Futures,Bracket Order,195745,447.43,87582185.35,7.884,3.3147,5,5,3.0488,9999.0,8.65,False,3.1634,True,False,0,0.2332,0.862,-0.95,0.5669,0.6322,0.6907,63.46,Medium,True,insider_trading
TRD0040796,TRD0020,CMP015,WXZK,2026-06-13 17:45:34,SELL,ETF,Cover Order,110347,591.52,65272457.44,8.867,4.3583,5,10,2.5843,36.53,1052.99,True,4.486,False,True,3,0.5399,0.1082,6.52,0.8557,0.7672,0.8683,75.63,High,True,front_running
TRD0043771,TRD0455,CMP017,FNLM,2026-03-10 10:26:19,SELL,Options,Bracket Order,706678,601.49,425059750.22,9.6847,5.1269,5,1,2.6287,34.83,9999.0,True,3.0035,True,False,1,0.331,0.2517,4.07,0.9024,0.7796,0.7183,77.29,High,True,spoofing
TRD0095400,TRD0039,CMP035,AQPF,2026-03-22 10:02:46,SELL,Equity,Market,31288,1065.73,33344560.24,0.7454,1.0889,1,7,1.1572,704.15,2134.06,False,-0.156,False,False,4,0.0615,0.3201,0.73,0.0269,0.0523,0.0947,7.4,Low,False,none
TRD0019481,TRD0427,CMP056,ASGU,2025-12-25 11:15:28,BUY,ETF,Cover Order,90747,742.66,67394167.02,0.6922,-0.077,3,20,0.5553,1891.55,938.01,False,-0.7173,False,False,0,0.0519,0.107,-2.12,0.0484,0.0786,0.1122,7.29,Low,False,none
TRD0050762,TRD0414,CMP002,JBDO,2025-12-02 12:32:36,SELL,ETF,Limit,6056,116.85,707643.6,7.3214,2.8414,4,7,1.9444,11.09,9999.0,True,4.7522,False,False,0,0.2224,0.8918,-3.16,0.9857,0.8057,0.6463,87.14,Critical,True,spoofing
TRD0085566,TRD0313,CMP002,JBDO,2025-12-14 14:53:23,SELL,Equity,Bracket Order,61114,83.9,5127464.6,1.624,-0.9494,3,16,0.885,1620.63,279.25,False,1.122,False,False,0,0.0597,0.2919,-2.15,0.0211,0.0722,0.0277,6.45,Low,False,none
TRD0017133,TRD0476,CMP036,UCCA,2025-12-20 12:01:29,SELL,ETF,Bracket Order,46095,105.34,4855647.3,1.3405,0.1415,2,22,1.2199,573.07,342.9,False,-1.1051,False,False,0,0.0145,0.0473,-4.2,0.0392,0.0147,0.0201,2.98,Low,False,none
TRD0080795,TRD0045,CMP055,NKNY,2026-03-22 10:28:08,BUY,Equity,Stop-Loss,88950,1104.25,98223037.5,6.858,5.1789,4,12,3.2744,33.86,1441.63,True,2.3916,False,False,4,0.1475,0.788,4.9,0.7304,0.9045,0.6902,78.24,High,True,circular_trading
TRD0099408,TRD0069,CMP002,JBDO,2026-05-28 07:14:09,BUY,Options,Cover Order,610417,72.08,43998857.36,9.6109,2.527,3,23,3.4397,9999.0,0.33,False,3.9566,True,True,0,0.3554,0.3824,-0.79,0.8904,0.8238,0.5152,76.33,High,True,insider_trading
TRD0023997,TRD0385,CMP040,PWVJ,2026-03-27 09:49:14,SELL,ETF,Limit,116710,2.45,285939.5,11.5946,5.8141,3,4,2.203,10.86,286.99,True,2.6753,False,False,6,0.8151,0.69,5.87,0.9174,0.7459,0.7815,82.28,High,True,spoofing
TRD0012052,TRD0372,CMP036,UCCA,2026-04-22 17:43:09,SELL,Equity,Cover Order,293684,162.34,47676660.56,9.332,4.8586,1,23,3.4832,15.44,601.95,True,3.5722,False,True,1,1.0527,0.5577,3.35,0.9381,0.917,0.6807,85.51,Critical,True,spoofing
TRD0085876,TRD0179,CMP056,ASGU,2026-03-12 10:08:29,BUY,ETF,Cover Order,51080,722.27,36893551.6,9.863,5.9034,5,2,3.9262,44.67,2784.9,True,4.6591,False,False,0,0.5125,0.6332,-1.95,0.6265,0.9378,0.9476,76.87,High,True,insider_trading
TRD0068042,TRD0343,CMP055,NKNY,2025-11-02 10:58:43,SELL,Equity,Bracket Order,6933,1133.22,7856614.26,1.2944,-0.4754,5,15,0.7829,1313.71,9999.0,False,-0.0751,False,False,4,0.018,0.2526,4.4,0.0729,0.0787,0.0505,8.93,Low,False,none
TRD0043213,TRD0482,CMP037,BUYO,2025-12-07 15:18:58,BUY,Equity,Cover Order,13748,221.46,3044632.08,1.1604,0.077,5,8,1.1387,1390.12,9999.0,False,-0.3704,False,False,0,0.0892,0.2969,-6.39,0.0174,0.1115,0.0222,7.43,Low,False,none
TRD0095583,TRD0467,CMP016,FWEI,2025-10-19 13:28:18,SELL,Equity,Stop-Loss,66650,847.51,56486541.5,0.7291,-0.2632,2,19,0.6422,719.6,9999.0,False,-0.7266,False,False,0,0.0016,0.1586,-2.59,0.1542,0.1177,0.1066,13.66,Low,False,none
TRD0115925,TRD0193,CMP048,JGWJ,2026-03-12 10:58:41,BUY,Futures,Stop-Loss,100387,113.86,11430063.82,6.0834,4.8014,5,16,2.7487,37.93,1054.0,True,2.8378,True,False,5,1.037,0.3166,6.9,0.6213,0.9076,0.7458,69.54,Medium,True,pump_and_dump
TRD0100010,TRD0181,CMP050,MCCS,2026-03-20 14:01:26,BUY,Equity,Cover Order,100489,114.15,11470819.35,5.2122,2.6745,4,24,3.4162,23.89,18.52,True,4.3137,False,False,2,0.5776,0.3502,0.87,0.8545,0.8265,0.8579,79.62,High,True,insider_trading
TRD0029967,TRD0120,CMP002,JBDO,2026-06-22 15:10:10,SELL,Equity,Bracket Order,7486,148.72,1113317.92,0.9834,-0.3747,2,17,0.7826,9999.0,608.26,False,1.4035,False,False,3,0.0751,0.0233,0.38,0.0063,0.0812,0.2166,6.2,Low,False,none
TRD0077341,TRD0109,CMP020,IARJ,2026-06-25 13:26:52,SELL,ETF,Stop-Loss,6570,1093.2,7182324.0,1.1508,0.7172,2,8,1.1053,9999.0,1556.37,False,2.1169,False,False,7,0.0667,0.5911,3.61,0.0209,0.1892,0.0426,13.17,Low,False,none
TRD0015139,TRD0443,CMP037,BUYO,2026-06-11 14:45:36,BUY,ETF,Stop-Loss,1229,286.79,352464.91,0.6161,-1.6088,2,17,1.6799,9999.0,568.06,False,-0.0994,False,False,0,0.0244,0.4591,-0.47,0.028,0.0484,0.1467,9.5,Low,False,none
TRD0078326,TRD0415,CMP034,SIHG,2026-01-29 11:28:14,SELL,Equity,Cover Order,20089,348.5,7001016.5,0.4824,-0.029,4,12,0.5842,317.9,1499.22,False,-0.3753,False,False,0,0.0865,0.1044,-0.3,0.0098,0.0561,0.0203,3.47,Low,False,none
TRD0098512,TRD0174,CMP032,MXGK,2026-02-24 13:05:05,BUY,Equity,Cover Order,9946,1118.53,11124899.38,0.5221,-1.0211,5,20,1.8064,65.3,634.75,False,1.1442,False,False,2,0.0181,0.0981,5.43,0.0318,0.2437,0.0256,10.11,Low,False,none
TRD0044295,TRD0025,CMP046,LUQA,2025-11-08 15:11:06,SELL,ETF,Market,13101,195.02,2554957.02,0.8318,-0.3732,2,16,1.3932,1396.96,9999.0,False,-0.3653,False,False,0,0.0581,0.0427,-1.62,0.0563,0.1699,0.1844,10.82,Low,False,none
TRD0074320,TRD0412,CMP031,NGEI,2026-02-01 12:36:20,BUY,Options,Market,574475,481.29,276489072.75,8.227,4.7582,4,19,2.9408,1478.79,11.21,False,2.4018,True,False,3,0.7397,0.5609,5.25,0.7426,0.6933,0.7978,71.79,High,True,insider_trading
TRD0076751,TRD0402,CMP030,FHSA,2025-12-28 13:03:08,BUY,Options,Market,108378,133.71,14491222.38,7.2605,6.6139,4,7,1.8512,1.98,443.23,True,3.2329,True,False,5,0.1968,0.0902,1.39,0.8909,0.5884,0.4713,65.71,Medium,True,insider_trading
TRD0051123,TRD0207,CMP005,QSGC,2026-02-28 12:34:54,BUY,Futures,Cover Order,123692,109.46,13539326.32,8.6095,6.3794,2,23,3.7771,32.51,1462.46,True,2.4452,True,False,0,0.0936,0.5604,-0.31,0.9581,0.923,0.6737,86.51,Critical,True,spoofing
TRD0039191,TRD0276,CMP012,INMT,2026-06-15 11:58:55,SELL,Equity,Bracket Order,10371,187.59,1945495.89,0.7917,0.56,4,18,1.9325,9999.0,485.74,False,0.5311,False,False,0,0.0273,0.5356,-0.84,0.1543,0.0354,0.0579,14.23,Low,False,none
TRD0070819,TRD0207,CMP036,UCCA,2026-03-28 10:01:03,BUY,Options,Cover Order,152055,151.85,23089551.75,9.5726,2.961,4,17,3.7273,5.75,1776.93,True,3.7382,True,False,6,0.4439,0.5604,7.84,0.6675,0.5867,0.8371,65.8,Medium,True,insider_trading
TRD0087784,TRD0184,CMP049,JIRH,2026-01-28 15:28:32,SELL,Futures,Bracket Order,1169394,189.72,221857429.68,8.4456,4.6275,2,13,2.1902,9999.0,6.92,False,2.8988,True,False,5,0.4323,0.8894,0.44,0.9366,0.7965,0.5185,82.71,High,True,front_running
TRD0110300,TRD0401,CMP031,NGEI,2026-02-07 13:21:36,SELL,Equity,Stop-Loss,653,447.4,292152.2,0.5998,-0.6019,1,19,1.2866,1334.03,155.96,False,0.7698,False,False,0,0.0741,0.3051,-6.04,0.0148,0.2157,0.1002,11.69,Low,False,none
TRD0001149,TRD0336,CMP024,GGME,2026-03-27 18:08:47,BUY,Equity,Cover Order,110060,81.04,8919262.4,3.316,3.7553,1,13,2.8779,9999.0,16.0,False,3.8087,False,True,3,0.7281,0.7178,9.21,0.9127,0.8702,0.7843,86.12,Critical,True,spoofing
TRD0001308,TRD0411,CMP025,JXOT,2026-01-16 12:00:54,BUY,Futures,Cover Order,5257,211.9,1113958.3,1.8941,1.7192,1,20,1.57,373.28,1138.42,False,-1.0712,True,False,0,0.054,0.1075,-0.95,0.06,0.1115,0.1045,8.69,Low,False,none
TRD0028434,TRD0041,CMP033,CHAM,2026-06-29 11:39:43,SELL,Equity,Stop-Loss,25327,1365.35,34580219.45,0.9892,1.0761,2,23,0.9193,9999.0,1604.29,False,0.3151,False,False,4,0.0497,0.862,8.1,0.1663,0.1189,0.0375,20.23,Low,False,none
TRD0061343,TRD0097,CMP002,JBDO,2026-04-30 08:00:11,BUY,Futures,Bracket Order,277952,106.54,29613006.08,6.9979,6.9299,4,1,2.8224,8.2,1529.43,True,3.9594,True,True,5,0.524,0.8788,4.61,0.68,0.6539,0.8986,72.48,High,True,layering
TRD0103177,TRD0097,CMP051,NQWS,2026-05-26 07:48:11,BUY,ETF,Market,540665,4.08,2205913.2,11.9567,4.2783,2,8,3.4625,11.52,398.54,True,2.6404,False,True,1,0.7258,0.8788,4.13,0.9148,0.8206,0.7827,86.31,Critical,True,insider_trading
TRD0082145,TRD0367,CMP031,NGEI,2026-01-31 10:01:11,BUY,Futures,Limit,1045720,480.32,502280230.4,10.3608,3.8909,1,23,3.9889,15.38,505.81,True,3.3321,True,False,5,0.475,0.094,2.55,0.8076,0.7387,0.6913,69.81,Medium,True,front_running
TRD0115848,TRD0432,CMP035,AQPF,2025-11-01 18:59:42,BUY,Equity,Limit,37797,1030.71,38957745.87,0.7635,-0.4845,5,16,1.9189,372.18,9999.0,False,-0.7843,False,True,0,0.0113,0.1924,-1.9,0.096,0.0664,0.0348,8.76,Low,False,none
TRD0067547,TRD0467,CMP036,UCCA,2026-05-20 12:32:26,BUY,ETF,Bracket Order,93449,128.15,11975489.35,0.7182,-0.5505,5,16,0.7683,420.54,651.38,False,-0.2702,False,False,0,0.0472,0.1586,-0.12,0.1033,0.4228,0.0446,19.59,Low,False,none
TRD0107604,TRD0210,CMP053,SVJO,2026-03-10 11:19:17,SELL,ETF,Market,231836,25.58,5930364.88,10.515,2.6657,3,22,1.5277,54.39,176.82,False,2.2179,False,False,2,0.0773,0.8977,2.94,0.8792,0.9354,0.6384,86.18,Critical,True,wash_trading
TRD0107156,TRD0214,CMP010,VTWH,2025-11-13 12:38:09,BUY,Futures,Limit,418817,87.12,36487337.04,9.5104,4.1377,3,17,3.3332,58.03,9999.0,False,4.6473,True,False,0,0.1919,0.2168,-0.68,0.7846,0.8903,0.6705,74.24,High,True,pump_and_dump
TRD0046717,TRD0427,CMP050,MCCS,2026-03-19 18:58:57,SELL,Equity,Bracket Order,1010205,92.25,93191411.25,7.4736,4.945,4,14,3.9159,0.52,261.15,True,2.4544,False,True,2,0.0064,0.107,2.46,0.5009,0.892,0.6529,60.16,Medium,True,spoofing
TRD0088039,TRD0242,CMP008,OIUY,2026-03-19 17:59:07,BUY,Futures,Bracket Order,19377,890.07,17246886.39,3.7174,4.5445,4,3,2.9103,17.3,365.75,True,3.0174,True,True,5,0.5473,0.4246,7.58,0.6246,0.9176,0.7145,70.6,High,True,insider_trading
TRD0114486,TRD0063,CMP041,LXML,2025-12-10 10:30:35,SELL,ETF,Stop-Loss,277502,481.01,133481237.02,7.8391,5.5034,5,18,3.9105,6.32,9999.0,True,4.2005,False,False,3,0.8945,0.6313,0.58,0.398,0.7574,0.8115,59.12,Medium,True,wash_trading
TRD0102990,TRD0248,CMP038,UXVA,2026-01-05 15:23:25,SELL,Equity,Bracket Order,475588,641.38,305032631.44,7.5487,2.9391,3,15,2.0675,26.1,9999.0,True,4.6727,False,False,4,0.0563,0.4378,6.12,0.5969,0.7563,0.477,61.08,Medium,True,spoofing
TRD0113042,TRD0442,CMP006,XBFQ,2025-12-18 08:33:57,BUY,Options,Cover Order,20959,55.48,1162805.32,0.8327,-0.3329,5,8,0.9609,1444.06,9999.0,False,1.5132,True,True,0,0.0516,0.116,-1.78,0.1527,0.0121,0.1353,10.42,Low,False,none
TRD0095734,TRD0063,CMP048,JGWJ,2026-02-18 09:54:13,BUY,ETF,Cover Order,29604,119.29,3531461.16,0.8263,-0.6325,4,24,1.3072,567.01,524.93,False,0.4939,False,False,0,0.0146,0.6313,-0.26,0.1481,0.1593,0.1248,19.63,Low,False,none
TRD0095971,TRD0336,CMP043,QBPR,2026-05-21 18:44:00,BUY,ETF,Cover Order,447713,430.46,192722537.98,11.3391,4.9165,3,13,3.5586,5.43,138.66,True,4.2303,False,True,5,0.22,0.7178,2.99,0.9384,0.8781,0.8222,88.08,Critical,True,wash_trading
TRD0053912,TRD0390,CMP028,EZAB,2026-04-14 11:44:26,BUY,Equity,Limit,61801,1917.26,118488585.26,7.8902,3.8736,2,14,2.0117,22.61,3863.63,True,4.4332,False,False,1,0.6664,0.6803,4.56,0.681,0.6784,0.514,65.51,Medium,True,insider_trading
TRD0114693,TRD0332,CMP017,FNLM,2026-02-01 14:53:50,BUY,Futures,Limit,92440,630.48,58281571.2,0.9314,-0.5407,5,16,1.2337,918.37,9999.0,False,2.0366,True,False,0,0.0755,0.1302,-0.56,0.0918,0.2167,0.0761,13.08,Low,False,none
TRD0107138,TRD0385,CMP045,BPXM,2026-05-31 11:12:12,SELL,Options,Market,129962,271.39,35270387.18,11.7109,3.068,2,24,1.7022,16.02,945.85,True,3.7464,True,False,6,0.575,0.69,5.18,0.6448,0.7532,0.6818,68.74,Medium,True,front_running
TRD0111274,TRD0041,CMP025,JXOT,2025-11-29 17:05:21,BUY,Equity,Stop-Loss,107134,224.31,24031227.54,3.6982,3.9094,4,20,2.0105,8.5,470.51,True,4.4703,False,True,5,0.3049,0.862,2.79,0.9136,0.9497,0.493,85.62,Critical,True,layering
TRD0098185,TRD0336,CMP048,JGWJ,2026-05-27 10:21:20,SELL,Futures,Bracket Order,435730,147.35,64204815.5,11.0476,6.7752,4,21,2.9033,18.16,88.64,True,4.0101,True,False,2,0.4209,0.7178,1.71,0.922,0.9792,0.6493,87.78,Critical,True,layering
TRD0027215,TRD0472,CMP001,LMTI,2026-03-08 18:17:08,SELL,Equity,Bracket Order,125886,335.91,42286366.26,5.0742,4.3315,1,20,2.8,30.74,182.59,True,4.9554,False,True,1,0.5442,0.2599,2.71,0.7818,0.8013,0.6027,70.86,High,True,insider_trading
TRD0018824,TRD0385,CMP018,YGCX,2026-04-13 09:24:48,SELL,ETF,Stop-Loss,96337,766.58,73850017.46,7.2188,3.7126,5,23,1.9704,31.7,1022.64,True,2.2648,False,False,3,0.6123,0.69,1.84,0.8598,0.7369,0.8388,80.28,High,True,layering
TRD0090613,TRD0397,CMP054,SCIM,2025-10-23 13:23:07,BUY,Equity,Market,128180,144.2,18483556.0,0.8645,1.0413,4,5,1.0096,196.41,9999.0,False,-1.2801,False,False,0,0.1651,0.3764,-0.03,0.1371,0.0166,0.0073,10.54,Low,False,none
TRD0001847,TRD0045,CMP001,LMTI,2026-02-27 08:06:20,BUY,ETF,Market,92526,331.66,30687173.16,7.1135,5.237,3,5,1.9513,43.59,1579.64,True,4.2177,False,True,3,0.6477,0.788,3.96,0.8624,0.8627,0.963,87.01,Critical,True,circular_trading
TRD0084130,TRD0174,CMP021,TXFE,2026-05-10 11:55:23,BUY,ETF,Stop-Loss,9572,32.78,313770.16,0.7358,1.7979,5,6,1.2183,420.32,2865.52,False,0.1982,False,False,1,0.0443,0.0981,3.27,0.0453,0.0146,0.1366,5.51,Low,False,none
TRD0009450,TRD0184,CMP048,JGWJ,2026-03-13 13:44:02,BUY,ETF,Market,1127974,108.89,122825088.86,8.2345,6.8317,3,15,2.5391,11.18,1080.76,True,3.6066,False,False,1,0.5036,0.8894,2.44,0.8914,0.7734,0.8558,85.05,Critical,True,insider_trading
TRD0111211,TRD0103,CMP023,OTXX,2025-10-17 12:57:51,SELL,Equity,Limit,143598,3186.12,457520459.76,2.2712,-0.7598,4,11,1.8032,881.14,9999.0,False,0.2139,False,False,0,0.0453,0.221,-0.52,0.1314,0.1313,0.0516,12.84,Low,False,none
TRD0010475,TRD0481,CMP037,BUYO,2026-03-22 09:05:21,SELL,Equity,Stop-Loss,69369,219.52,15227882.88,0.5303,-1.1924,2,20,1.5448,1381.61,1123.66,False,-0.6036,False,False,6,0.0492,0.4861,0.63,0.0053,0.0022,0.1219,6.99,Low,False,none
TRD0008595,TRD0105,CMP008,OIUY,2026-01-02 14:46:04,SELL,ETF,Cover Order,25604,930.45,23823241.8,0.9486,0.3771,5,15,1.618,1461.47,327.76,False,-0.4562,False,False,5,0.0768,0.2692,2.82,0.1168,0.1233,0.0398,12.24,Low,False,none
TRD0107390,TRD0244,CMP016,FWEI,2026-01-21 18:48:53,SELL,ETF,Bracket Order,1692,813.88,1377084.96,1.6564,0.647,4,4,0.9984,421.55,873.5,False,-1.5845,False,True,0,0.0403,0.056,-2.6,0.0688,0.2223,0.1565,12.67,Low,False,none
TRD0040949,TRD0222,CMP053,SVJO,2026-06-09 10:31:32,BUY,ETF,Stop-Loss,116059,20.29,2354837.11,6.0322,3.5265,1,12,2.1775,12.99,2128.81,True,2.5574,False,False,3,0.7404,0.7021,4.86,0.9813,0.8571,0.621,86.21,Critical,True,insider_trading
TRD0085674,TRD0307,CMP007,PZVF,2025-12-13 15:32:13,SELL,Equity,Bracket Order,7361,35.16,258812.76,0.8227,0.0858,5,17,1.6772,500.14,9999.0,False,0.4538,False,False,4,0.0635,0.2444,4.47,0.0882,0.0646,0.0298,8.8,Low,False,none
TRD0074732,TRD0063,CMP051,NQWS,2026-05-06 07:21:23,SELL,Options,Limit,219957,19.65,4322155.05,6.0004,2.5812,4,3,2.935,81.9,0.89,False,4.7205,True,True,1,0.415,0.6313,3.26,0.8974,0.6658,0.7073,77.28,High,True,layering
TRD0044250,TRD0149,CMP036,UCCA,2026-04-21 10:31:59,SELL,Futures,Bracket Order,44911,105.35,4731373.85,1.5265,0.3641,5,19,0.5951,46.63,570.77,True,0.2148,True,False,0,0.1565,0.1191,-1.06,0.09,0.1742,0.0238,10.82,Low,False,none
TRD0059112,TRD0018,CMP042,EKVN,2026-06-17 15:50:20,BUY,ETF,Bracket Order,22299,230.4,5137689.6,1.736,-2.0252,1,19,1.796,9999.0,168.6,False,-0.7822,False,False,0,0.0987,0.0315,-4.72,0.007,0.1126,0.0978,5.48,Low,False,none
TRD0114532,TRD0165,CMP016,FWEI,2026-05-20 07:51:09,BUY,Equity,Stop-Loss,114436,886.56,101454380.16,1.1898,-0.2941,5,13,1.4413,9999.0,788.39,False,-0.0143,False,True,1,0.0118,0.3813,2.35,0.0096,0.1227,0.1188,9.71,Low,False,none
TRD0057980,TRD0184,CMP032,MXGK,2026-06-17 08:09:23,BUY,Equity,Stop-Loss,623206,1144.95,713539709.7,5.2705,4.5414,5,13,3.3408,21.77,672.2,True,4.414,False,True,1,0.1481,0.8894,3.68,0.9906,0.8526,0.6023,88.08,Critical,True,wash_trading
TRD0023056,TRD0042,CMP047,VBOF,2025-11-03 10:17:38,SELL,ETF,Market,965188,245.08,236548275.04,8.4278,3.6283,4,23,1.6754,2164.23,12.72,False,2.1744,False,False,1,0.5322,0.4561,4.55,0.9421,0.9124,0.7975,86.29,Critical,True,insider_trading
TRD0119028,TRD0294,CMP032,MXGK,2026-03-24 15:30:54,BUY,ETF,Bracket Order,60017,1144.88,68712262.96,1.2958,-0.3564,3,8,1.5078,1360.45,609.13,False,-0.1281,False,False,2,0.0446,0.1304,4.24,0.0764,0.0887,0.0268,7.8,Low,False,none
TRD0090617,TRD0336,CMP015,WXZK,2025-11-21 09:44:06,SELL,ETF,Cover Order,207069,598.43,123916301.67,4.8649,3.096,4,12,3.2715,7.95,508.35,True,4.4263,False,False,7,0.5494,0.7178,2.67,0.4221,0.6596,0.4196,52.25,Medium,True,insider_trading
TRD0119994,TRD0385,CMP059,RFEI,2026-01-29 10:13:57,SELL,ETF,Market,148896,78.75,11725560.0,11.1327,2.8602,4,23,1.8248,15.14,1156.87,True,3.553,False,False,5,0.7279,0.69,0.28,0.9542,0.8131,0.7971,86.19,Critical,True,circular_trading
TRD0058177,TRD0418,CMP040,PWVJ,2026-06-04 07:47:16,BUY,ETF,Bracket Order,7998,29.51,236020.98,0.8881,1.4108,3,3,1.3423,9999.0,1643.11,False,-1.8485,False,True,0,0.0297,0.2915,-1.82,0.0051,0.0644,0.0978,6.54,Low,False,none
TRD0082225,TRD0188,CMP039,JDXM,2026-01-29 08:07:08,SELL,ETF,Market,39295,105.43,4142871.85,1.8486,0.5255,3,17,0.5003,799.25,626.46,False,0.6596,False,True,0,0.1165,0.2666,-3.38,0.1581,0.0403,0.0247,11.36,Low,False,none
TRD0037987,TRD0456,CMP004,KQZJ,2025-11-20 09:46:14,SELL,Futures,Cover Order,79320,116.75,9260610.0,6.6627,4.7236,5,15,2.6983,14.02,9999.0,True,2.0487,True,False,3,0.5969,0.2422,0.05,0.9868,0.9937,0.7993,88.63,Critical,True,wash_trading
TRD0101771,TRD0437,CMP000,SPDZ,2026-05-27 15:26:03,SELL,Options,Cover Order,8657949,457.41,3960232452.09,8.2297,2.5685,2,4,2.7811,14.18,2062.36,True,3.1833,True,False,1,1.0924,0.4839,3.97,0.7836,0.404,0.2933,56.62,Medium,True,insider_trading
TRD0114697,TRD0190,CMP058,JGPO,2026-05-13 11:10:09,SELL,ETF,Stop-Loss,14324,327.54,4691682.96,1.0408,0.7291,4,20,0.7913,225.06,29.18,False,-0.5898,False,False,0,0.1095,0.3117,-2.45,0.0011,0.2245,0.0978,11.37,Low,False,none
TRD0018996,TRD0412,CMP007,PZVF,2026-01-27 14:04:11,SELL,Equity,Bracket Order,431846,64.26,27750423.96,6.5098,2.7954,3,18,2.4189,27.95,578.39,True,4.5917,False,False,6,0.8433,0.5609,3.76,0.7286,0.7864,0.706,72.58,High,True,wash_trading
TRD0105290,TRD0222,CMP046,LUQA,2026-01-04 10:52:28,SELL,Equity,Bracket Order,105311,169.17,17815461.87,6.3647,4.7948,4,17,2.5166,33.27,9999.0,True,4.411,False,False,3,0.2479,0.7021,2.98,0.7012,0.5552,0.3917,61.11,Medium,True,front_running
TRD0047635,TRD0475,CMP027,BNLN,2025-12-28 16:20:23,SELL,Futures,Stop-Loss,3884665,289.69,1125348603.85,11.4096,5.6089,4,9,3.5942,21.74,298.62,True,4.1044,True,True,6,0.2745,0.8184,5.78,0.8099,0.7572,0.3995,73.34,High,True,pump_and_dump
TRD0002914,TRD0062,CMP040,PWVJ,2026-03-05 11:29:01,SELL,Equity,Bracket Order,1839,25.91,47648.49,0.8871,-0.0346,1,23,1.403,239.35,853.45,False,-0.0687,False,False,1,0.0131,0.2077,2.91,0.156,0.006,0.1067,10.88,Low,False,none
TRD0094584,TRD0045,CMP050,MCCS,2026-06-17 08:36:56,BUY,Options,Stop-Loss,65868,73.86,4865010.48,5.0952,4.5826,2,12,3.0751,41.79,1234.2,True,3.3905,True,True,0,0.7282,0.788,-1.39,0.8858,0.9332,0.6459,85.43,Critical,True,spoofing
TRD0075419,TRD0369,CMP011,CGLO,2025-12-20 13:26:53,BUY,ETF,Limit,190169,38.23,7270160.87,7.9553,3.3118,4,19,2.6569,10.69,561.58,True,3.094,False,False,6,0.2791,0.5509,2.83,0.7395,0.623,0.8788,70.66,High,True,circular_trading
TRD0034262,TRD0385,CMP003,NCBQ,2026-05-11 15:39:41,BUY,Equity,Cover Order,75412,134.74,10161012.88,7.827,4.0987,1,15,2.7455,16.37,1059.41,True,2.8996,False,False,2,0.7056,0.69,7.44,0.8967,0.8478,0.3513,77.96,High,True,circular_trading
TRD0001100,TRD0200,CMP010,VTWH,2026-05-07 15:17:05,BUY,ETF,Market,127902,69.57,8898142.14,1.2572,0.9488,2,17,1.5145,9999.0,1196.64,False,-0.1913,False,False,0,0.076,0.2071,-4.29,0.0798,0.0243,0.0139,6.6,Low,False,none
TRD0063184,TRD0475,CMP020,IARJ,2026-03-03 10:34:15,SELL,ETF,Market,3718949,1069.02,3975630859.98,11.1975,5.3051,2,11,3.2987,11.11,93.66,True,2.3416,False,False,1,0.3315,0.8184,0.81,0.8515,0.5141,0.5597,70.32,High,True,pump_and_dump
TRD0009818,TRD0114,CMP006,XBFQ,2026-06-24 16:43:17,BUY,ETF,Stop-Loss,8813,45.12,397642.56,1.0989,1.5045,5,19,0.8928,9999.0,2036.92,False,-0.0289,False,True,0,0.0534,0.2473,-0.87,0.0545,0.0644,0.006,6.95,Low,False,none
TRD0009276,TRD0489,CMP056,ASGU,2026-03-13 16:04:51,BUY,ETF,Cover Order,67220,716.81,48183968.2,10.7579,4.5154,4,17,1.5193,14.73,2814.84,True,3.03,False,True,6,0.736,0.2606,2.54,0.7247,0.8397,0.8305,72.87,High,True,insider_trading
TRD0089169,TRD0004,CMP013,RXNL,2026-06-25 10:07:18,SELL,ETF,Cover Order,40736,121.07,4931907.52,1.3641,0.2829,2,1,1.982,9999.0,966.76,False,0.3224,False,False,7,0.0741,0.1249,10.53,0.0013,0.0419,0.0277,2.98,Low,False,none
TRD0005354,TRD0445,CMP009,QWEI,2025-12-01 15:58:04,SELL,ETF,Stop-Loss,88164,174.04,15344062.56,3.4454,3.3867,3,24,2.1681,32.07,434.18,True,2.7745,False,False,5,0.5062,0.1605,5.26,0.7338,0.9051,0.4673,68.79,Medium,True,front_running
TRD0021851,TRD0445,CMP003,NCBQ,2025-11-04 12:02:57,SELL,ETF,Stop-Loss,35116,103.87,3647498.92,1.1901,-0.009,2,14,0.661,2356.51,9999.0,False,0.2441,False,False,0,0.0638,0.1605,-3.43,0.0317,0.002,0.0396,3.69,Low,False,none
TRD0101540,TRD0041,CMP005,QSGC,2026-03-02 17:33:02,SELL,ETF,Limit,91628,99.07,9077585.96,4.2532,3.9187,4,10,1.5418,2580.67,20.46,False,3.6537,False,True,7,1.4829,0.862,5.57,0.9609,0.9602,0.7054,91.25,Critical,True,pump_and_dump
TRD0065447,TRD0369,CMP057,PNYK,2025-12-31 12:25:25,SELL,ETF,Cover Order,88736,51.93,4608060.48,3.5712,3.4676,3,22,2.1707,20.84,73.42,True,2.1905,False,False,4,0.4546,0.5509,3.35,0.7262,0.5807,0.3047,60.18,Medium,True,insider_trading
TRD0061590,TRD0391,CMP041,LXML,2026-01-06 09:33:19,BUY,Equity,Stop-Loss,157209,475.55,74760739.95,7.3983,5.9756,5,6,3.5891,27.57,433.61,True,4.3756,False,False,5,0.1152,0.2387,0.25,0.5873,0.7515,0.6528,61.15,Medium,True,wash_trading
TRD0046925,TRD0490,CMP054,SCIM,2026-01-12 09:07:39,BUY,Futures,Market,2453,146.53,359438.09,0.5214,-0.1268,3,22,0.9639,3216.59,1743.33,False,0.503,True,False,5,0.063,0.142,1.26,0.0719,0.1211,0.0124,8.47,Low,False,none
TRD0118760,TRD0200,CMP049,JIRH,2026-05-02 11:12:19,BUY,ETF,Market,86280,204.11,17610610.8,0.9207,-0.0977,2,7,1.0485,9999.0,2258.65,False,-0.0165,False,False,4,0.0092,0.2071,0.12,0.0081,0.1048,0.1103,7.23,Low,False,none
TRD0115478,TRD0153,CMP048,JGWJ,2026-05-23 13:09:08,BUY,ETF,Market,1412700,131.73,186094971.0,9.9824,2.9939,2,22,3.5511,4.56,903.49,True,4.0062,False,False,4,0.5458,0.2425,3.71,0.7901,0.6927,0.5996,67.75,Medium,True,layering
TRD0060085,TRD0473,CMP018,YGCX,2026-01-12 07:38:21,SELL,ETF,Market,465302,740.66,344630579.32,11.347,3.0051,3,10,3.5122,27.42,285.03,True,3.9359,False,True,4,1.0579,0.2398,3.92,0.9516,0.885,0.579,80.46,High,True,insider_trading
TRD0005337,TRD0075,CMP050,MCCS,2025-10-18 11:48:36,SELL,ETF,Bracket Order,26053,92.71,2415373.63,1.083,0.8621,3,4,1.7234,1368.36,9999.0,False,0.0249,False,False,4,0.0908,0.1644,6.34,0.0127,0.0724,0.0308,4.85,Low,False,none
TRD0064308,TRD0078,CMP003,NCBQ,2026-05-11 18:23:47,BUY,Options,Stop-Loss,86172,154.98,13354936.56,11.2753,5.2148,1,9,2.116,13.64,1062.15,True,4.3884,True,True,2,0.4923,0.1883,4.01,0.8746,0.9008,0.8392,80.85,High,True,insider_trading
TRD0042092,TRD0267,CMP040,PWVJ,2025-12-22 14:45:33,BUY,ETF,Stop-Loss,13348,8.31,110921.88,1.3226,-1.2426,1,15,1.6066,895.27,9999.0,False,0.2154,False,False,2,0.0897,0.0894,3.92,0.2826,0.0189,0.1995,17.17,Low,False,none
TRD0066515,TRD0338,CMP043,QBPR,2025-10-09 15:06:24,SELL,Equity,Bracket Order,7953,437.49,3479357.97,1.3273,-0.1311,1,8,1.7445,2664.79,9999.0,False,1.2947,False,False,3,0.0592,0.3128,0.24,0.0517,0.1588,0.0915,11.59,Low,False,none
TRD0004814,TRD0210,CMP049,JIRH,2026-01-28 10:45:31,BUY,Equity,Bracket Order,111043,165.61,18389831.23,6.3986,4.4698,1,20,2.1995,9999.0,2.21,False,4.9478,False,False,1,0.5402,0.8977,2.46,0.8252,0.9342,0.7881,85.96,Critical,True,wash_trading
TRD0007793,TRD0390,CMP003,NCBQ,2026-02-14 12:58:02,SELL,ETF,Stop-Loss,103838,132.86,13795916.68,9.9488,5.9218,1,16,2.5357,20.37,92.41,True,4.1822,False,False,3,0.2655,0.6803,11.52,0.9439,0.9254,0.7737,88.65,Critical,True,insider_trading
TRD0094569,TRD0041,CMP028,EZAB,2026-03-07 09:32:34,SELL,ETF,Market,16236,1960.76,31834899.36,0.7647,0.0056,3,1,1.1298,936.81,2949.44,False,0.1664,False,False,0,0.0002,0.862,-3.95,0.1206,0.0138,0.0594,15.35,Low,False,none
TRD0089133,TRD0390,CMP007,PZVF,2026-01-03 18:57:00,SELL,Futures,Cover Order,42051,31.75,1335119.25,4.6077,5.2421,2,1,2.9309,599.07,7.27,False,2.9564,True,True,5,0.8133,0.6803,8.44,0.7076,0.8271,0.7079,74.08,High,True,insider_trading
TRD0115998,TRD0363,CMP057,PNYK,2026-06-14 15:04:16,SELL,Equity,Bracket Order,6453,84.4,544633.2,1.0248,-0.7348,3,21,0.5095,9999.0,11.44,False,-0.5745,False,False,5,0.0638,0.0525,2.08,0.0057,0.0097,0.021,1.39,Low,False,none
TRD0099309,TRD0207,CMP053,SVJO,2026-03-02 16:09:27,SELL,Equity,Stop-Loss,101817,25.61,2607533.37,7.1102,6.1274,3,21,3.9533,0.95,1106.69,True,4.7635,False,True,2,0.6703,0.5604,4.01,0.7379,0.8093,0.4776,70.25,High,True,insider_trading
TRD0104340,TRD0359,CMP032,MXGK,2026-06-17 18:55:37,BUY,Options,Stop-Loss,64401,1136.04,73162112.04,10.692,5.5456,4,7,2.7534,11.0,682.97,True,4.4325,True,True,7,0.8082,0.3502,3.41,0.8428,0.7636,0.6005,73.34,High,True,circular_trading
TRD0073717,TRD0372,CMP016,FWEI,2025-11-16 11:29:10,BUY,Options,Bracket Order,338143,800.34,270629368.62,11.6099,5.788,3,7,3.524,49.59,9999.0,False,2.4493,True,False,0,0.6533,0.5577,-0.26,0.8628,0.9077,0.924,85.49,Critical,True,wash_trading
TRD0056483,TRD0479,CMP046,LUQA,2025-11-30 11:16:08,SELL,ETF,Cover Order,33848,186.04,6297081.92,0.8201,-0.6369,1,18,0.7007,872.87,9999.0,False,0.5645,False,False,0,0.1109,0.1655,-2.65,0.0109,0.1298,0.0275,6.45,Low,False,none
TRD0111899,TRD0210,CMP010,VTWH,2025-11-15 15:45:55,BUY,Options,Limit,178754,81.29,14530912.66,7.8183,5.5842,2,4,2.1759,6.9,9999.0,True,4.2904,True,False,1,0.6082,0.8977,3.49,0.7673,0.7386,0.3937,71.57,High,True,wash_trading
TRD0006105,TRD0320,CMP035,AQPF,2025-12-21 11:27:31,SELL,ETF,Cover Order,20909,1011.76,21154889.84,8.0124,6.8563,5,7,3.3328,48.53,244.47,False,4.8929,False,False,0,0.1412,0.0591,-1.02,0.6916,0.9464,0.8378,72.67,High,True,circular_trading
TRD0084929,TRD0310,CMP028,EZAB,2025-10-28 12:17:04,SELL,ETF,Stop-Loss,25729,1924.89,49525494.81,1.7372,1.3062,2,22,0.9979,167.82,9999.0,False,-0.5562,False,False,0,0.0473,0.0502,-0.14,0.0323,0.0109,0.0203,2.59,Low,False,none
TRD0035938,TRD0363,CMP010,VTWH,2026-02-27 12:20:34,BUY,ETF,Limit,42672,70.82,3022031.04,8.3765,4.4447,4,21,2.7937,12.52,2485.68,True,4.3423,False,False,0,0.501,0.0525,-0.9,0.9514,0.6977,0.7445,75.44,High,True,insider_trading
TRD0109203,TRD0414,CMP034,SIHG,2026-02-11 17:14:04,BUY,ETF,Market,10275,302.18,3104899.5,10.8817,3.9326,1,7,3.2045,0.13,1816.99,True,4.7999,False,True,3,0.7125,0.8918,2.68,0.8782,0.885,0.8156,87.22,Critical,True,insider_trading
TRD0066773,TRD0121,CMP011,CGLO,2026-03-06 13:02:44,SELL,Equity,Limit,25686,26.18,672459.48,1.3352,-0.0009,2,24,0.9571,954.95,1812.9,False,-0.6116,False,False,4,0.0359,0.2252,5.74,0.0521,0.1381,0.0537,9.54,Low,False,none
TRD0042261,TRD0248,CMP004,KQZJ,2026-05-08 09:33:15,BUY,ETF,Stop-Loss,338737,104.54,35411565.98,4.9067,6.7672,2,5,3.0082,24.03,3608.74,True,2.5648,False,False,4,0.0749,0.4378,2.1,0.5967,0.4557,0.8791,58.09,Medium,True,circular_trading
TRD0116847,TRD0045,CMP051,NQWS,2026-02-04 14:27:25,SELL,ETF,Bracket Order,18953,36.7,695575.1,1.3488,0.7236,4,12,0.7964,2114.79,64.02,False,0.7245,False,False,2,0.0854,0.788,1.74,0.0798,0.1471,0.2029,18.93,Low,False,none
TRD0036769,TRD0042,CMP045,BPXM,2026-01-30 14:34:49,SELL,Futures,Stop-Loss,1157701,264.29,305968797.29,8.5924,5.9534,4,4,3.6447,8.83,9999.0,True,4.7329,True,False,7,0.883,0.4561,0.45,0.9795,0.8679,0.5914,83.55,High,True,insider_trading
TRD0003922,TRD0385,CMP033,CHAM,2025-12-20 11:53:59,BUY,ETF,Limit,141765,1390.77,197162509.05,10.3569,3.2354,5,16,3.5302,35.46,128.93,True,2.4821,False,False,2,0.0446,0.69,6.51,0.9135,0.9569,0.7481,87.94,Critical,True,front_running
TRD0047582,TRD0338,CMP046,LUQA,2026-06-22 13:11:35,SELL,Equity,Bracket Order,8344,152.1,1269122.4,1.3951,-0.467,3,20,1.7613,9999.0,336.09,False,1.0363,False,False,4,0.0473,0.3128,0.06,0.1222,0.1416,0.0205,13.18,Low,False,none
TRD0054702,TRD0197,CMP023,OTXX,2026-02-11 09:05:39,BUY,Equity,Market,47935,3151.77,151080094.95,2.158,-0.545,4,9,0.9004,1882.08,975.69,False,0.1321,False,False,2,0.1106,0.1615,0.87,0.0176,0.0282,0.0387,3.83,Low,False,none
TRD0028697,TRD0123,CMP024,GGME,2026-01-03 10:45:31,SELL,Equity,Stop-Loss,49178,98.06,4822394.68,0.9526,-1.2912,5,21,0.7715,299.89,131.1,False,-0.3632,False,False,0,0.113,0.241,-2.14,0.0534,0.0991,0.0109,7.95,Low,False,none
TRD0044066,TRD0237,CMP054,SCIM,2025-10-29 11:05:27,BUY,Equity,Bracket Order,25020,152.66,3819553.2,0.9508,0.9647,5,18,0.8355,54.7,9999.0,False,-0.0142,False,False,0,0.1169,0.0194,-4.41,0.1278,0.0125,0.0004,6.33,Low,False,none
TRD0016484,TRD0097,CMP028,EZAB,2026-04-18 10:00:52,SELL,ETF,Bracket Order,217532,1940.52,422125196.64,4.113,3.5327,1,9,2.6451,14.72,71.66,True,3.1273,False,False,3,0.1473,0.8788,3.94,0.8886,0.886,0.5119,83.03,High,True,front_running
TRD0082615,TRD0475,CMP002,JBDO,2026-02-23 14:30:19,SELL,Futures,Limit,2637465,92.25,243306146.25,10.0352,3.7226,2,17,2.8118,48.07,82.98,False,3.9633,True,False,5,0.7996,0.8184,6.92,0.8917,0.9013,0.6978,85.82,Critical,True,pump_and_dump
TRD0115684,TRD0229,CMP049,JIRH,2025-12-04 09:35:22,BUY,ETF,Limit,15980,170.61,2726347.8,1.0636,0.1544,3,9,1.4889,1318.96,9999.0,False,0.8578,False,False,1,0.0144,0.328,5.4,0.095,0.0655,0.0324,10.01,Low,False,none
TRD0040358,TRD0475,CMP048,JGWJ,2026-03-12 09:11:31,BUY,ETF,Cover Order,2770403,111.78,309675647.34,10.6777,3.3829,4,12,1.6355,39.72,1052.22,True,3.9854,False,False,4,0.1617,0.8184,1.47,0.9748,0.9774,0.7021,91.9,Critical,True,front_running
TRD0034493,TRD0133,CMP040,PWVJ,2026-01-28 17:59:47,BUY,Futures,Stop-Loss,473423,46.26,21900547.98,10.0263,3.6793,3,24,3.0661,4.03,9999.0,True,3.4893,True,True,4,0.4577,0.3838,6.98,0.8086,0.7279,0.5883,70.89,High,True,front_running
TRD0055517,TRD0280,CMP028,EZAB,2026-04-04 13:49:31,SELL,Equity,Market,13459,1941.49,26130513.91,1.2227,0.3713,5,8,1.5044,260.53,3625.72,False,0.793,False,False,4,0.1572,0.0999,0.89,0.1106,0.061,0.1014,9.33,Low,False,none
TRD0076764,TRD0314,CMP054,SCIM,2026-05-26 15:15:46,BUY,ETF,Stop-Loss,49422,148.57,7342626.54,10.5966,6.7085,4,21,2.148,436.69,5.55,False,3.0076,False,False,5,0.1746,0.2237,1.28,0.6088,0.5252,0.2772,49.55,Medium,True,front_running
TRD0075160,TRD0475,CMP036,UCCA,2025-12-05 16:48:50,BUY,ETF,Market,1464629,126.7,185568494.3,5.0676,5.3055,5,6,2.019,12.31,151.45,True,3.4023,False,True,1,0.2314,0.8184,7.05,0.9134,0.8259,0.8304,86.52,Critical,True,spoofing
TRD0019922,TRD0063,CMP010,VTWH,2026-03-15 09:51:28,SELL,Equity,Limit,164446,82.49,13565150.54,4.003,2.8991,3,8,2.7336,44.03,369.0,True,3.5699,False,False,1,0.5057,0.6313,2.09,0.6754,0.7878,0.413,66.54,Medium,True,insider_trading
TRD0104538,TRD0139,CMP057,PNYK,2026-06-02 10:08:06,BUY,Equity,Stop-Loss,3338,33.32,111222.16,0.7894,-0.5547,4,3,1.4159,281.49,864.63,False,-0.9129,False,False,4,0.0715,0.2335,3.3,0.3793,0.0288,0.0084,20.39,Low,False,none
TRD0017341,TRD0232,CMP004,KQZJ,2026-01-28 15:34:52,SELL,ETF,Stop-Loss,38057,141.41,5381640.37,1.1615,0.3802,2,20,1.1751,2418.0,1214.77,False,1.0834,False,False,4,0.098,0.0961,10.03,0.007,0.1838,0.07,7.84,Low,False,none
TRD0115704,TRD0252,CMP005,QSGC,2026-02-27 15:47:04,BUY,Equity,Bracket Order,163653,150.03,24552859.59,3.8639,5.3971,3,4,3.2597,53.3,1441.66,False,4.321,False,False,2,0.4473,0.7888,5.58,0.9185,0.967,0.6449,87.9,Critical,True,spoofing
TRD0073255,TRD0390,CMP039,JDXM,2026-03-12 13:04:31,SELL,Equity,Bracket Order,117691,83.85,9868390.35,10.7102,3.2184,5,12,2.2484,18.83,213.71,True,3.6507,False,False,3,0.9978,0.6803,4.28,0.8553,0.6565,0.3411,70.1,High,True,front_running
TRD0047989,TRD0356,CMP022,TTZR,2025-12-18 17:08:11,BUY,Options,Bracket Order,185024,399.16,73854179.84,5.2267,3.8228,2,22,1.5819,4.95,9999.0,True,3.6367,True,True,7,0.3031,0.0922,4.11,0.8689,0.8189,0.8341,77.1,High,True,circular_trading
TRD0023390,TRD0255,CMP029,OPWR,2026-03-02 11:43:04,BUY,ETF,Cover Order,241632,91.31,22063417.92,7.009,4.3239,2,22,3.9144,12.54,1297.69,True,3.6715,False,False,0,0.831,0.8046,-0.42,0.7884,0.8292,0.7915,80.27,High,True,pump_and_dump
TRD0017017,TRD0336,CMP014,DJHR,2026-04-26 15:24:05,BUY,Equity,Stop-Loss,192336,150.21,28890790.56,6.5687,3.1158,2,16,2.4162,40.96,229.05,True,3.6163,False,False,5,0.8499,0.7178,5.21,0.8875,0.9447,0.7318,86.43,Critical,True,front_running
TRD0001754,TRD0498,CMP020,IARJ,2026-04-06 13:15:16,SELL,ETF,Stop-Loss,281690,1137.8,320506882.0,1.9361,0.0137,4,14,1.816,247.39,423.24,False,-0.1847,False,False,0,0.0309,0.1622,-7.57,0.006,0.2348,0.1089,10.57,Low,False,none
TRD0072311,TRD0323,CMP030,FHSA,2026-03-26 15:55:47,SELL,Options,Market,1721,109.13,187812.73,1.252,-0.4731,3,18,0.8301,2045.13,2112.9,False,-0.0866,True,False,0,0.0806,0.0769,-2.33,0.0247,0.4203,0.1822,17.22,Low,False,none
TRD0096765,TRD0222,CMP057,PNYK,2026-06-13 14:32:23,SELL,Equity,Bracket Order,127947,76.17,9745722.99,7.9932,2.9524,4,1,2.389,13.09,1133.03,True,4.6203,False,False,4,0.1093,0.7021,0.01,0.8179,0.7814,0.573,75.86,High,True,pump_and_dump
TRD0073067,TRD0047,CMP015,WXZK,2026-05-15 10:34:35,SELL,ETF,Cover Order,13685,588.77,8057317.45,1.1035,1.0777,1,17,1.9056,739.71,349.81,False,-0.0989,False,False,6,0.0484,0.3376,0.93,0.0661,0.0022,0.0058,6.5,Low,False,none
TRD0094570,TRD0482,CMP011,CGLO,2026-03-15 16:48:06,SELL,Equity,Cover Order,10711,52.59,563291.49,0.8337,0.8736,3,15,0.9994,735.2,2032.66,False,-0.9119,False,True,0,0.036,0.2969,-2.28,0.0342,0.1471,0.0637,9.88,Low,False,none
TRD0059174,TRD0462,CMP040,PWVJ,2026-01-29 10:41:15,SELL,Equity,Stop-Loss,292981,21.26,6228776.06,7.5127,6.9622,1,22,1.732,1080.15,12.66,False,3.0204,False,False,5,0.7708,0.5748,3.6,0.7438,0.682,0.6754,69.81,Medium,True,circular_trading
TRD0001471,TRD0413,CMP016,FWEI,2026-03-19 10:28:51,BUY,Equity,Market,62658,817.62,51230433.96,1.3132,1.1288,4,12,1.1366,696.98,168.51,False,0.4308,False,False,0,0.0324,0.1505,-8.1,0.0292,0.2758,0.0724,12.18,Low,False,none
TRD0059818,TRD0390,CMP020,IARJ,2025-11-16 11:19:33,SELL,ETF,Limit,80726,1075.21,86797402.46,7.5184,3.8492,2,21,2.4106,8.56,9999.0,True,2.0238,False,False,1,0.3291,0.6803,0.99,0.9247,0.8067,0.8419,85.24,Critical,True,insider_trading
TRD0103789,TRD0084,CMP008,OIUY,2026-05-04 09:36:52,SELL,ETF,Limit,9659,868.96,8393284.64,0.7237,-0.876,4,6,0.8944,441.83,226.0,False,1.5284,False,False,1,0.0088,0.2018,6.17,0.0541,0.1321,0.0187,8.7,Low,False,none
TRD0009335,TRD0015,CMP010,VTWH,2025-12-29 08:11:34,BUY,Equity,Stop-Loss,17292,66.81,1155278.52,0.8596,1.6349,5,14,0.6643,1456.67,1041.53,False,0.408,False,True,0,0.0851,0.1579,-0.73,0.0127,0.0209,0.1184,4.55,Low,False,none
TRD0053903,TRD0490,CMP009,QWEI,2026-03-03 11:16:40,BUY,Futures,Market,53485,134.11,7172873.35,10.6694,2.686,3,10,2.6342,16.29,2171.24,True,3.8932,True,False,2,0.4518,0.142,1.18,0.6464,0.9523,0.6819,69.31,Medium,True,spoofing
TRD0041657,TRD0370,CMP034,SIHG,2025-11-27 10:49:03,SELL,ETF,Limit,13120,326.84,4288140.8,1.2286,1.3689,3,6,0.5255,13.43,627.79,True,1.0412,False,False,0,0.0754,0.0966,-7.05,0.0022,0.0695,0.0736,4.25,Low,False,none
TRD0107101,TRD0337,CMP016,FWEI,2025-11-02 11:52:27,SELL,ETF,Bracket Order,6225,825.6,5139360.0,0.7627,-0.0618,2,6,0.7708,385.2,9999.0,False,0.0438,False,False,0,0.0007,0.0177,-0.14,0.0008,0.0475,0.0053,1.72,Low,False,none
TRD0101393,TRD0268,CMP042,EKVN,2026-03-08 14:58:43,BUY,Equity,Limit,47810,239.77,11463403.7,0.9201,0.0075,4,18,0.9728,1313.24,210.52,False,-0.4675,False,False,2,0.0348,0.2993,5.32,0.1253,0.015,0.0436,9.74,Low,False,none
TRD0025157,TRD0336,CMP032,MXGK,2026-02-27 09:50:42,SELL,Equity,Stop-Loss,391631,1109.9,434671246.9,9.6157,6.7084,5,24,2.3586,1966.12,3.46,False,4.0486,False,False,1,0.4715,0.7178,1.6,0.9381,0.9092,0.6814,86.89,Critical,True,front_running
TRD0012457,TRD0255,CMP004,KQZJ,2025-12-07 09:03:56,SELL,Equity,Bracket Order,238112,122.34,29130622.08,7.6406,2.8319,4,3,3.7233,39.75,393.27,True,2.7782,False,False,4,0.5565,0.8046,7.33,0.9412,0.9867,0.3979,85.97,Critical,True,insider_trading
TRD0103290,TRD0131,CMP037,BUYO,2026-02-21 12:53:30,BUY,ETF,Bracket Order,129088,256.22,33074927.36,1.0606,-0.163,1,17,1.0919,2073.81,431.46,False,-0.6097,False,False,6,0.0718,0.3332,0.58,0.019,0.0307,0.2373,8.67,Low,False,none
TRD0115120,TRD0118,CMP013,RXNL,2025-11-22 10:01:58,SELL,ETF,Market,4287,90.59,388359.33,0.7557,-1.0196,4,9,1.9874,1121.31,230.41,False,-0.9553,False,False,4,0.0017,0.1403,5.87,0.1298,0.1072,0.0069,10.56,Low,False,none
TRD0038710,TRD0045,CMP018,YGCX,2026-04-13 17:34:37,BUY,Equity,Limit,121970,753.9,91953183.0,9.1324,3.9217,5,23,2.0307,23.54,1030.81,True,2.69,False,True,7,0.3935,0.788,4.17,0.8697,0.8815,0.8119,85.64,Critical,True,spoofing
TRD0007316,TRD0118,CMP037,BUYO,2026-02-24 16:02:24,SELL,Equity,Market,7523,183.47,1380244.81,1.3978,-0.2026,3,2,0.9313,1998.66,506.61,False,-0.0976,False,True,0,0.0974,0.1403,-0.51,0.0064,0.0217,0.0076,2.46,Low,False,none
TRD0055497,TRD0000,CMP046,LUQA,2026-02-11 14:45:25,SELL,Futures,Limit,51845,166.12,8612491.4,1.3736,-0.7903,2,14,0.6074,877.96,268.25,False,2.4302,True,False,0,0.0134,0.0681,-1.85,0.0494,0.3204,0.0304,12.97,Low,False,none
TRD0098344,TRD0385,CMP023,OTXX,2025-12-30 12:48:52,BUY,Equity,Cover Order,74897,3186.07,238627084.79,5.5144,5.4574,4,1,2.883,25.46,894.72,True,4.1113,False,False,4,0.4887,0.69,2.58,0.7505,0.7397,0.4692,69.9,Medium,True,front_running
TRD0093423,TRD0421,CMP018,YGCX,2026-01-21 09:13:09,BUY,Equity,Stop-Loss,22162,765.58,16966783.96,0.8718,-1.597,3,7,0.5426,945.55,190.16,False,0.8393,False,False,0,0.0171,0.092,-1.3,0.0337,0.1381,0.1475,8.79,Low,False,none
TRD0111861,TRD0228,CMP054,SCIM,2026-06-05 14:19:44,BUY,Equity,Bracket Order,3532,179.92,635477.44,1.0776,-1.0546,5,3,0.7432,197.62,244.61,False,1.0368,False,False,0,0.0732,0.2181,-0.46,0.0349,0.0823,0.0741,7.33,Low,False,none
TRD0043260,TRD0195,CMP050,MCCS,2026-04-19 09:16:04,BUY,ETF,Bracket Order,218979,102.82,22515420.78,1.5728,0.3209,4,10,1.4773,181.15,691.35,False,-1.2857,False,False,0,0.0393,0.1846,-3.47,0.0948,0.2004,0.0641,13.09,Low,False,none
TRD0088520,TRD0246,CMP004,KQZJ,2025-10-18 12:51:06,SELL,Futures,Bracket Order,5178,116.02,600751.56,1.3034,0.6733,5,18,1.4978,802.94,9999.0,False,0.9508,True,False,0,0.1214,0.2383,-0.01,0.1255,0.0362,0.0058,9.2,Low,False,none
TRD0058626,TRD0414,CMP046,LUQA,2026-03-18 12:39:57,BUY,Futures,Market,8268,171.53,1418210.04,10.1863,2.6149,2,22,3.6727,40.05,1106.16,True,2.419,True,False,3,0.6043,0.8918,6.19,0.9553,0.7212,0.7758,85.18,Critical,True,circular_trading
TRD0085091,TRD0063,CMP053,SVJO,2026-03-10 10:03:15,BUY,ETF,Bracket Order,89168,34.89,3111071.52,3.0476,4.6304,3,24,3.4735,55.66,175.55,False,2.0727,False,False,3,0.3624,0.6313,5.76,0.8945,0.8436,0.4768,79.03,High,True,wash_trading
TRD0096108,TRD0252,CMP049,JIRH,2026-01-28 15:16:50,BUY,ETF,Limit,173283,251.08,43507895.64,5.3365,6.7272,5,13,3.4968,9999.0,6.73,False,4.833,False,False,0,1.057,0.7888,-0.47,0.7046,0.6747,0.6381,69.41,Medium,True,wash_trading
TRD0016329,TRD0056,CMP040,PWVJ,2026-03-13 18:03:43,BUY,Options,Bracket Order,13415,33.82,453695.3,8.7502,4.0917,1,11,2.5264,40.77,1052.03,True,2.9233,True,True,0,0.3808,0.4084,-0.77,0.8527,0.8413,0.2993,72.18,High,True,insider_trading
TRD0017493,TRD0336,CMP019,ADNW,2026-01-01 14:05:30,SELL,Options,Cover Order,230067,36.15,8316922.05,6.5711,3.0379,4,7,2.0209,25.36,9999.0,True,4.767,True,False,4,0.2635,0.7178,3.54,0.8812,0.943,0.7619,86.55,Critical,True,insider_trading
TRD0093532,TRD0195,CMP044,UDJH,2026-05-09 17:44:59,SELL,Equity,Cover Order,1043371,70.75,73818498.25,9.3798,4.8481,4,11,1.8513,17.11,2014.59,True,2.6907,False,True,2,0.9603,0.1846,6.32,0.5548,0.6752,0.5994,56.06,Medium,True,pump_and_dump
TRD0087266,TRD0207,CMP026,UGLJ,2026-05-08 13:01:16,SELL,Options,Stop-Loss,149734,1594.63,238770328.42,8.8834,4.7463,5,14,3.9334,22.9,136.14,True,2.986,True,False,0,0.7573,0.5604,-0.92,0.7602,0.8559,0.2852,69.77,Medium,True,circular_trading
TRD0100031,TRD0131,CMP013,RXNL,2026-03-09 18:50:09,BUY,Equity,Limit,155618,105.64,16439485.52,0.9452,-0.3228,2,5,0.8267,255.84,115.53,False,-1.2483,False,True,0,0.1044,0.3332,-3.83,0.0201,0.0681,0.0205,6.59,Low,False,none
TRD0009674,TRD0106,CMP019,ADNW,2026-05-22 09:51:53,BUY,ETF,Bracket Order,3726,16.27,60622.02,1.3197,-0.3395,2,11,1.1201,192.4,253.05,False,0.6913,False,False,6,0.0031,0.2705,3.32,0.0245,0.1849,0.0001,9.36,Low,False,none
TRD0044074,TRD0175,CMP039,JDXM,2025-10-21 11:24:09,SELL,Equity,Market,17264,106.84,1844485.76,1.4039,-0.5221,3,12,1.3993,1770.25,9999.0,False,0.5357,False,False,4,0.0703,0.0905,6.6,0.0616,0.0094,0.0025,4.0,Low,False,none
TRD0100974,TRD0342,CMP035,AQPF,2026-03-06 14:19:48,SELL,ETF,Limit,3127,1052.78,3292043.06,0.4836,0.1649,1,24,1.657,1083.86,1754.34,False,0.1686,False,False,2,0.0882,0.1083,3.68,0.0586,0.0396,0.0357,5.44,Low,False,none
TRD0019894,TRD0184,CMP051,NQWS,2026-05-09 17:35:23,BUY,Equity,Limit,1233849,33.27,41050156.23,7.7368,3.383,1,12,3.0994,409.73,0.33,False,2.7508,False,True,3,0.6688,0.8894,5.46,0.8147,0.6572,0.329,70.21,High,True,insider_trading
TRD0027486,TRD0336,CMP000,SPDZ,2026-05-27 10:54:47,SELL,ETF,Cover Order,102267,465.09,47563359.03,3.1362,3.4709,3,12,3.6444,18.71,2057.84,True,2.1111,False,False,1,0.6496,0.7178,1.65,0.9567,0.9798,0.9045,93.19,Critical,True,insider_trading
TRD0099886,TRD0255,CMP010,VTWH,2026-03-18 15:13:01,SELL,ETF,Limit,150449,72.16,10856399.84,4.8571,2.9909,4,9,2.2486,3.43,33.33,True,4.276,False,False,6,0.3592,0.8046,2.65,0.7862,0.7989,0.6456,77.08,High,True,layering
TRD0004696,TRD0090,CMP032,MXGK,2026-02-26 10:59:21,BUY,ETF,Market,18137,1172.54,21266357.98,3.1415,2.8857,5,14,2.9232,19.4,680.65,True,4.9033,False,False,7,0.5415,0.6416,1.85,0.7544,0.8587,0.6807,76.34,High,True,insider_trading
TRD0043376,TRD0090,CMP054,SCIM,2025-10-31 15:29:44,BUY,Futures,Bracket Order,40622,145.8,5922687.6,8.3548,3.4099,4,22,1.9777,2.3,9999.0,True,2.057,True,False,3,0.3525,0.6416,4.61,0.7841,0.618,0.3289,65.17,Medium,True,front_running
TRD0078080,TRD0063,CMP009,QWEI,2025-12-02 13:01:20,SELL,Options,Market,99323,136.8,13587386.4,3.1795,2.7233,3,16,2.7109,11.01,455.23,True,4.2362,True,False,7,0.0725,0.6313,2.95,0.8851,0.903,0.8676,86.25,Critical,True,wash_trading
TRD0118606,TRD0174,CMP041,LXML,2026-01-15 09:08:25,SELL,Equity,Bracket Order,15546,487.26,7574943.96,0.8173,-0.1628,1,3,1.4328,449.36,188.02,False,1.2282,False,False,7,0.0108,0.0981,0.38,0.0007,0.0451,0.0926,3.75,Low,False,none
TRD0094426,TRD0252,CMP006,XBFQ,2026-02-15 11:21:26,BUY,Options,Bracket Order,311291,46.7,14537289.7,8.2929,3.5584,5,9,3.1848,25.27,9999.0,True,2.2166,True,False,5,0.5545,0.7888,2.44,0.9535,0.7968,0.7919,86.58,Critical,True,insider_trading
TRD0064797,TRD0473,CMP045,BPXM,2025-12-25 14:35:24,BUY,ETF,Limit,47541,233.86,11117938.26,1.3257,0.5291,5,9,1.616,872.82,9999.0,False,0.9749,False,False,0,0.0801,0.2398,-8.43,0.1227,0.0108,0.0039,8.3,Low,False,none
TRD0070092,TRD0128,CMP006,XBFQ,2026-02-18 15:49:03,BUY,Equity,Limit,5732,34.75,199187.0,0.6413,0.9413,2,7,1.6209,726.5,51.19,False,1.1621,False,False,3,0.0643,0.0462,1.77,0.042,0.1265,0.1465,8.34,Low,False,none
TRD0116203,TRD0462,CMP039,JDXM,2026-03-03 18:34:10,SELL,ETF,Stop-Loss,285731,116.71,33347665.01,8.7158,3.4474,2,1,1.8303,229.34,3.2,False,3.2532,False,True,2,0.7917,0.5748,3.16,0.7008,0.5989,0.8872,68.56,Medium,True,spoofing
TRD0052149,TRD0434,CMP012,INMT,2026-05-04 15:25:23,SELL,ETF,Bracket Order,32260,231.93,7482061.8,0.9825,-0.3055,1,4,1.7813,518.82,702.9,False,0.9971,False,False,0,0.1107,0.2833,-1.27,0.0071,0.0117,0.0731,4.6,Low,False,none
TRD0038194,TRD0207,CMP001,LMTI,2026-06-20 11:37:34,BUY,Equity,Market,72442,338.86,24547696.12,4.0449,6.2838,3,24,2.5357,38.08,1356.81,True,2.6582,False,False,7,0.5393,0.5604,6.15,0.558,0.9505,0.7526,70.52,High,True,circular_trading
TRD0075263,TRD0307,CMP036,UCCA,2025-10-12 15:16:19,BUY,Equity,Stop-Loss,7572,148.86,1127167.92,0.7708,0.4676,3,15,1.3231,789.44,9999.0,False,0.9139,False,False,0,0.0123,0.2444,-2.53,0.0871,0.1183,0.0642,10.88,Low,False,none
TRD0104836,TRD0165,CMP040,PWVJ,2025-10-08 15:56:17,BUY,Equity,Limit,67927,10.93,742442.11,0.9188,0.5198,2,11,1.709,2694.09,9999.0,False,-1.5312,False,False,0,0.1312,0.3813,-5.33,0.0131,0.0481,0.0285,6.27,Low,False,none
TRD0077983,TRD0266,CMP012,INMT,2025-12-27 12:03:57,BUY,ETF,Limit,4181,201.44,842220.64,0.7089,0.617,3,2,0.9034,875.34,9999.0,False,0.1289,False,False,5,0.0353,0.5211,3.79,0.0957,0.0121,0.055,10.71,Low,False,none
TRD0065041,TRD0455,CMP025,JXOT,2026-04-13 13:01:46,SELL,ETF,Bracket Order,58483,248.71,14545306.93,0.9054,0.5804,3,18,1.0643,373.75,1715.73,False,-0.5329,False,False,0,0.1017,0.2517,-0.35,0.0041,0.0907,0.025,5.8,Low,False,none
TRD0080072,TRD0255,CMP000,SPDZ,2026-01-22 15:47:29,SELL,ETF,Bracket Order,130007,465.13,60470155.91,5.5104,3.1871,2,18,3.3331,31.46,9999.0,True,2.4503,False,False,4,0.3366,0.8046,9.83,0.6857,0.6031,0.7497,68.24,Medium,True,insider_trading
TRD0068801,TRD0115,CMP027,BNLN,2026-06-15 14:50:43,BUY,ETF,Limit,75510,293.99,22199184.9,5.4049,6.1735,3,15,3.7482,1.26,4032.77,True,3.0753,False,False,7,0.382,0.134,5.87,0.7706,0.6688,0.5503,64.34,Medium,True,front_running
TRD0044978,TRD0248,CMP000,SPDZ,2026-01-25 08:40:54,SELL,Equity,Cover Order,561147,461.08,258733658.76,9.4948,6.191,4,17,3.1348,9.28,33.43,True,3.55,False,True,1,0.9992,0.4378,0.84,0.8698,0.6023,0.9617,76.01,High,True,insider_trading
TRD0093930,TRD0378,CMP054,SCIM,2025-12-19 12:40:39,SELL,Options,Bracket Order,6074,155.56,944871.44,0.8048,-1.1195,2,17,0.5455,3789.04,1170.88,False,0.0022,True,False,4,0.0062,0.1776,0.96,0.0143,0.0959,0.0549,6.12,Low,False,none
TRD0082317,TRD0140,CMP034,SIHG,2025-11-29 15:29:43,SELL,Equity,Stop-Loss,18502,341.43,6317137.86,0.7277,-0.1787,3,3,1.1433,1777.87,39.25,False,0.1211,False,False,0,0.0313,0.0156,-0.21,0.1612,0.0608,0.1044,10.8,Low,False,none
TRD0108804,TRD0240,CMP044,UDJH,2026-06-22 15:37:48,SELL,Equity,Market,10678,54.0,576612.0,0.9288,-0.6523,1,2,1.1937,9999.0,546.75,False,1.9386,False,False,6,0.0416,0.6469,1.28,0.203,0.0431,0.0181,17.17,Low,False,none
TRD0008981,TRD0390,CMP041,LXML,2025-12-18 13:44:12,SELL,Futures,Stop-Loss,62494,476.95,29806513.3,5.6238,4.2189,2,8,3.9458,18.21,188.91,True,4.0507,True,False,5,0.7445,0.6803,3.91,0.9055,0.9204,0.796,87.1,Critical,True,front_running
TRD0020202,TRD0360,CMP032,MXGK,2026-04-17 14:49:33,BUY,Equity,Stop-Loss,41177,1112.82,45822589.14,1.3691,-0.2636,2,11,1.9686,785.14,1184.44,False,0.1514,False,False,6,0.0355,0.1136,8.96,0.0553,0.0123,0.0244,4.36,Low,False,none
TRD0044853,TRD0418,CMP039,JDXM,2026-06-14 09:46:20,SELL,Equity,Stop-Loss,54612,120.89,6602044.68,6.5804,2.6205,3,6,2.2355,12.1,207.82,True,4.4745,False,False,6,0.4635,0.2915,0.09,0.6702,0.6697,0.8822,66.4,Medium,True,front_running
TRD0088404,TRD0415,CMP028,EZAB,2025-12-10 12:04:43,SELL,Equity,Market,33885,1958.56,66365805.6,0.7813,-0.7175,5,8,1.7554,3022.28,863.97,False,-0.1199,False,False,0,0.013,0.1044,0.0,0.1841,0.0065,0.0168,9.78,Low,False,none
TRD0105705,TRD0037,CMP015,WXZK,2026-03-05 12:12:08,SELL,ETF,Cover Order,9794,573.49,5616761.06,0.783,0.8978,2,14,1.1733,1352.57,148.92,False,0.7481,False,False,4,0.0373,0.2208,2.46,0.1803,0.0421,0.2503,15.34,Low,False,none
TRD0047015,TRD0063,CMP036,UCCA,2025-12-05 09:31:25,BUY,ETF,Bracket Order,239088,117.03,27980468.64,6.2715,6.3039,2,11,3.621,19.6,144.16,True,2.3105,False,False,4,0.3593,0.6313,7.09,0.6892,0.6407,0.8382,69.12,Medium,True,wash_trading
TRD0041817,TRD0351,CMP018,YGCX,2025-12-31 13:04:34,SELL,Futures,Market,520523,741.51,385973009.73,8.5392,5.1447,1,18,2.9374,309.99,2.47,False,4.4882,True,False,5,1.0917,0.6234,1.41,0.8978,0.9614,0.7563,86.82,Critical,True,spoofing
TRD0115782,TRD0246,CMP048,JGWJ,2025-11-22 09:49:02,SELL,ETF,Market,24421,92.77,2265536.17,5.6234,5.3744,5,3,2.1167,3.05,9999.0,True,2.85,False,False,0,0.4692,0.2383,-1.66,0.5932,0.9529,0.6886,67.99,Medium,True,layering
TRD0066603,TRD0235,CMP013,RXNL,2025-10-25 12:22:26,BUY,Equity,Bracket Order,10568,102.24,1080472.32,1.0423,-0.3557,4,24,1.0474,439.25,9999.0,False,-0.5884,False,False,7,0.0276,0.3386,0.34,0.0613,0.1791,0.0376,12.08,Low,False,none
TRD0029903,TRD0476,CMP005,QSGC,2026-05-06 09:34:04,BUY,Equity,Cover Order,31261,123.44,3858857.84,0.7651,0.0009,1,11,0.6806,1028.65,1572.48,False,-0.9093,False,False,2,0.0801,0.0473,5.33,0.0526,0.0257,0.0094,3.75,Low,False,none
TRD0103535,TRD0187,CMP039,JDXM,2026-04-24 12:01:12,BUY,Equity,Cover Order,12138,117.12,1421602.56,0.7971,0.3718,4,18,1.1314,281.13,1012.12,False,0.2814,False,False,1,0.1059,0.0742,0.01,0.0091,0.0454,0.1057,4.1,Low,False,none
TRD0063093,TRD0412,CMP024,GGME,2026-01-14 10:40:14,SELL,Options,Stop-Loss,451022,41.79,18848209.38,8.2969,5.2146,5,18,1.8374,35.98,395.01,True,3.4683,True,False,2,0.8484,0.5609,2.03,0.8507,0.967,0.7393,83.99,High,True,insider_trading
TRD0037087,TRD0167,CMP011,CGLO,2026-05-10 12:22:01,BUY,ETF,Limit,16612,47.15,783255.8,1.2001,0.3921,5,14,1.6212,627.23,113.03,False,-0.1506,False,False,5,0.0311,0.0611,2.07,0.0018,0.0172,0.0261,1.6,Low,False,none
TRD0111528,TRD0222,CMP034,SIHG,2026-03-03 18:26:07,BUY,ETF,Cover Order,134783,281.6,37954892.8,9.1217,3.3075,3,9,3.019,10.72,183.85,True,4.4112,False,True,1,0.3619,0.7021,6.88,0.8813,0.8838,0.809,85.33,Critical,True,insider_trading
TRD0000380,TRD0257,CMP053,SVJO,2026-05-30 11:12:21,BUY,ETF,Limit,40480,32.08,1298598.4,0.6298,-0.2001,1,1,1.3698,252.31,1889.5,False,-0.074,False,False,5,0.0633,0.2253,2.51,0.0377,0.3685,0.014,15.21,Low,False,none
TRD0113134,TRD0336,CMP057,PNYK,2025-12-08 14:27:35,SELL,Equity,Bracket Order,353249,44.77,15814957.73,9.2409,2.7,4,23,2.8258,23.59,622.77,True,4.7938,False,False,5,0.9387,0.7178,3.22,0.6867,0.8049,0.3987,68.21,Medium,True,insider_trading
TRD0103049,TRD0252,CMP035,AQPF,2025-12-09 15:23:45,SELL,Options,Cover Order,385741,1032.96,398455023.36,9.6816,5.6057,2,5,3.6063,39.59,536.22,True,2.71,True,False,6,0.6246,0.7888,3.0,0.7251,0.8696,0.7134,77.31,High,True,layering
TRD0074864,TRD0252,CMP028,EZAB,2026-04-15 09:16:50,BUY,Futures,Cover Order,366582,1996.16,731756325.12,7.8115,3.5934,1,14,1.6072,1.07,3885.17,True,2.3686,True,False,0,0.7099,0.7888,-1.84,0.9493,0.8226,0.8001,87.29,Critical,True,layering
TRD0024147,TRD0372,CMP045,BPXM,2026-04-20 15:06:41,BUY,Equity,Bracket Order,260098,231.95,60329731.1,8.5741,6.1859,4,24,2.4159,34.24,1911.7,True,2.7147,False,False,4,0.3401,0.5577,1.89,0.9262,0.8889,0.7972,85.88,Critical,True,insider_trading
TRD0090440,TRD0496,CMP007,PZVF,2026-03-13 17:41:09,BUY,Options,Market,9415,57.78,543998.7,11.4265,3.9928,5,24,2.7256,22.78,1055.66,True,2.3138,True,True,0,0.0655,0.0343,-0.81,0.9274,0.3684,0.6475,62.84,Medium,True,insider_trading
TRD0094725,TRD0099,CMP054,SCIM,2026-01-12 11:59:00,SELL,ETF,Bracket Order,11485,165.47,1900422.95,0.7672,0.7603,3,23,0.8102,3213.73,1746.19,False,1.1651,False,False,2,0.11,0.2542,1.58,0.0594,0.0709,0.0828,8.58,Low,False,none
TRD0090313,TRD0210,CMP018,YGCX,2026-04-14 12:09:24,SELL,Options,Cover Order,79039,746.92,59035809.88,3.2588,5.6919,1,20,1.8816,4.96,1049.39,True,2.9294,True,False,0,0.6522,0.8977,-2.28,0.7522,0.9077,0.7756,81.69,High,True,spoofing
TRD0047545,TRD0398,CMP052,QXXS,2026-02-14 13:35:36,SELL,ETF,Bracket Order,12254,1802.55,22088447.7,0.8112,0.2429,3,24,1.8919,446.91,1849.38,False,0.4501,False,False,4,0.0131,0.152,3.95,0.1071,0.0608,0.0041,8.22,Low,False,none
TRD0063393,TRD0234,CMP046,LUQA,2025-11-02 10:19:44,BUY,Futures,Cover Order,53606,191.95,10289671.7,0.8981,0.9204,1,13,1.8118,1545.81,9999.0,False,0.4072,True,False,0,0.123,0.137,-3.06,0.0362,0.0012,0.003,3.08,Low,False,none
TRD0040241,TRD0439,CMP017,FNLM,2026-06-07 12:45:52,SELL,Equity,Limit,61984,666.15,41290641.6,0.9387,1.487,3,5,1.2067,9999.0,71.8,False,-0.0066,False,False,1,0.0106,0.0721,0.7,0.3089,0.0046,0.0266,15.16,Low,False,none
TRD0018438,TRD0063,CMP020,IARJ,2026-03-18 12:28:47,BUY,Equity,Cover Order,165315,1082.61,178971672.15,4.6667,3.9162,5,5,3.3986,33.54,350.8,True,4.2313,False,False,3,0.6039,0.6313,4.18,0.9908,0.8422,0.6484,85.89,Critical,True,insider_trading
TRD0076145,TRD0003,CMP057,PNYK,2025-12-26 17:18:33,SELL,Futures,Market,240758,52.01,12521823.58,7.6493,6.3985,5,6,1.7543,41.69,411.26,True,2.2047,True,True,5,0.9878,0.2248,7.93,0.8762,0.5673,0.7084,69.32,Medium,True,spoofing
TRD0082174,TRD0385,CMP017,FNLM,2026-05-07 07:15:10,BUY,ETF,Stop-Loss,74317,603.15,44824298.55,7.6588,6.0981,5,20,1.7662,49.34,549.43,False,3.8337,False,True,2,0.8855,0.69,8.17,0.8918,0.82,0.7042,82.19,High,True,insider_trading
TRD0113359,TRD0464,CMP048,JGWJ,2026-01-26 14:52:39,BUY,ETF,Market,422784,131.35,55532678.4,10.5379,5.1383,5,1,1.7485,22.1,1562.01,True,3.6594,False,False,2,0.8305,0.0305,4.89,0.6909,0.8993,0.6945,68.79,Medium,True,insider_trading
TRD0005605,TRD0184,CMP028,EZAB,2026-04-18 13:43:33,SELL,Equity,Market,1186219,1935.23,2295606595.37,9.4955,3.4249,4,24,2.3821,11.01,75.37,True,2.6786,False,False,4,0.392,0.8894,8.63,0.7721,0.8932,0.5022,77.97,High,True,spoofing
TRD0079347,TRD0363,CMP001,LMTI,2026-02-05 15:53:49,SELL,ETF,Market,5019,361.69,1815322.11,0.9698,0.4417,5,23,1.7978,563.8,1059.43,False,-0.4443,False,False,0,0.0888,0.0525,-3.02,0.0736,0.0834,0.0596,7.23,Low,False,none
TRD0087264,TRD0381,CMP028,EZAB,2026-04-18 14:51:58,SELL,Equity,Bracket Order,695319,1936.97,1346812043.43,10.7373,6.9931,1,23,2.3988,9.87,76.51,True,3.2841,False,False,6,0.4239,0.039,1.42,0.7597,0.7337,0.6137,65.79,Medium,True,insider_trading
TRD0108425,TRD0185,CMP007,PZVF,2026-01-01 15:04:40,BUY,ETF,Limit,8997,4.71,42375.87,0.7498,1.1177,5,3,1.7961,44.6,9999.0,True,-0.8232,False,False,0,0.0639,0.1985,-4.89,0.0971,0.2228,0.0011,13.06,Low,False,none
TRD0005260,TRD0312,CMP041,LXML,2025-12-09 17:04:11,SELL,Options,Market,550085,428.06,235469385.1,9.7433,5.1291,3,14,1.5434,23.76,9999.0,True,4.2389,True,True,3,1.0807,0.7761,5.23,0.8608,0.9453,0.9169,88.61,Critical,True,wash_trading
TRD0044688,TRD0475,CMP032,MXGK,2026-01-28 12:45:37,SELL,Options,Market,3008164,1139.08,3426539449.12,9.4448,6.0861,2,13,2.0653,13.57,1996.84,True,3.0579,True,False,4,0.0139,0.8184,0.82,0.9348,0.904,0.6156,86.6,Critical,True,insider_trading
TRD0025893,TRD0274,CMP021,TXFE,2025-11-07 14:41:50,BUY,ETF,Cover Order,269644,69.5,18740258.0,6.5041,3.3365,5,23,3.9341,1.47,9999.0,True,3.4347,False,False,0,0.2186,0.4725,-0.81,0.9665,0.6551,0.3524,73.16,High,True,insider_trading
TRD0007295,TRD0367,CMP001,LMTI,2026-04-28 12:23:19,BUY,ETF,Bracket Order,142437,314.82,44842016.34,1.3579,0.4754,3,14,1.7527,1309.32,85.57,False,-1.4373,False,False,4,0.069,0.094,1.43,0.0483,0.1428,0.0712,8.47,Low,False,none
TRD0060160,TRD0360,CMP000,SPDZ,2026-03-24 13:39:50,SELL,ETF,Cover Order,39987,454.36,18168493.32,1.3657,0.7929,1,21,0.6932,1551.96,524.59,False,-0.5049,False,False,5,0.1115,0.1136,5.01,0.1458,0.0134,0.0201,8.4,Low,False,none
TRD0019631,TRD0348,CMP049,JIRH,2026-02-04 13:46:06,BUY,Equity,Cover Order,51665,121.5,6277297.5,1.4036,-0.5896,2,3,1.3948,9999.0,173.22,False,-0.8247,False,False,5,0.024,0.4696,1.95,0.0571,0.0063,0.1012,8.97,Low,False,none
TRD0013068,TRD0372,CMP036,UCCA,2026-01-12 16:00:39,BUY,Equity,Stop-Loss,230227,100.7,23183858.9,9.6936,2.9781,3,11,2.3466,17.08,898.89,True,2.3946,False,True,1,0.4246,0.5577,2.71,0.6669,0.7767,0.5576,67.25,Medium,True,circular_trading
TRD0112819,TRD0495,CMP002,JBDO,2025-10-17 14:58:10,SELL,ETF,Market,11799,66.79,788055.21,1.3099,-0.246,3,1,1.3668,1112.67,9999.0,False,1.4769,False,False,0,0.0058,0.3565,-1.45,0.0402,0.0085,0.1059,7.22,Low,False,none
TRD0038306,TRD0336,CMP057,PNYK,2026-06-13 09:03:33,SELL,ETF,Limit,335735,65.33,21933567.55,9.8899,5.2789,5,21,2.2838,18.57,1127.55,True,4.1688,False,False,7,0.2013,0.7178,0.64,0.9267,0.5167,0.3442,69.54,Medium,True,insider_trading
TRD0062715,TRD0097,CMP034,SIHG,2026-03-07 11:31:57,BUY,ETF,Stop-Loss,208818,317.93,66389506.74,4.4097,6.9655,2,5,1.6425,42.68,78.37,True,2.1492,False,False,2,0.4064,0.8788,6.57,0.857,0.8811,0.8886,87.12,Critical,True,insider_trading
TRD0058461,TRD0336,CMP030,FHSA,2025-12-08 10:20:45,BUY,Equity,Market,257490,138.91,35767935.9,6.2942,4.5419,4,15,2.5061,39.48,9999.0,True,2.7566,False,False,5,0.8991,0.7178,2.62,0.8327,0.8014,0.7289,79.62,High,True,insider_trading
TRD0014065,TRD0079,CMP047,VBOF,2026-03-20 10:34:02,SELL,Equity,Cover Order,7350,287.78,2115183.0,1.2612,0.5185,2,2,1.8726,679.8,634.36,False,0.4731,False,False,2,0.0058,0.0359,4.54,0.1836,0.0078,0.0686,9.88,Low,False,none
TRD0010492,TRD0415,CMP055,NKNY,2026-01-06 07:45:05,SELL,Equity,Market,289068,1103.91,319105055.88,8.9789,5.8753,4,2,1.5558,27.02,243.06,True,3.6492,False,True,5,0.2874,0.1044,6.75,0.8318,0.9093,0.7288,76.69,High,True,front_running
TRD0049635,TRD0316,CMP022,TTZR,2026-04-15 08:32:23,BUY,ETF,Bracket Order,23795,422.65,10056956.75,1.104,0.8784,5,9,0.8895,721.58,959.09,False,0.8639,False,True,3,0.1018,0.1358,3.86,0.1867,0.1497,0.0256,14.63,Low,False,none
TRD0048846,TRD0364,CMP051,NQWS,2026-05-16 10:37:57,SELL,Equity,Limit,44187,10.87,480312.69,0.8172,0.3259,4,4,0.661,248.69,161.37,False,0.2193,False,False,7,0.1234,0.4218,0.77,0.0025,0.1035,0.0486,8.16,Low,False,none
TRD0073043,TRD0118,CMP036,UCCA,2026-01-11 10:51:33,SELL,Equity,Cover Order,4079,145.87,595003.73,0.7029,0.3287,4,8,0.703,46.23,869.74,True,-0.5533,False,False,2,0.0045,0.1403,1.07,0.2099,0.127,0.0546,15.48,Low,False,none
TRD0027034,TRD0263,CMP056,ASGU,2025-11-14 15:01:03,SELL,ETF,Cover Order,182565,743.37,135713344.05,6.1501,3.2968,4,8,3.8318,42.23,9999.0,True,2.1032,False,False,7,0.6678,0.3414,3.47,0.8925,0.566,0.5876,69.37,Medium,True,insider_trading
TRD0027888,TRD0390,CMP037,BUYO,2026-05-18 08:27:20,SELL,Equity,Bracket Order,107222,259.62,27836975.64,10.6235,4.6323,5,16,2.77,14.24,2491.02,True,2.5944,False,True,4,0.4758,0.6803,0.34,0.9342,0.9536,0.6716,87.52,Critical,True,circular_trading
TRD0088965,TRD0381,CMP053,SVJO,2025-11-04 13:50:26,SELL,ETF,Stop-Loss,46659,29.27,1365708.93,0.9873,-0.5078,4,6,1.209,1727.62,9999.0,False,0.2826,False,False,1,0.0155,0.039,1.37,0.0311,0.1426,0.1545,8.38,Low,False,none
TRD0077685,TRD0381,CMP059,RFEI,2026-04-24 11:58:59,BUY,Equity,Bracket Order,33652,47.5,1598470.0,0.5987,0.3595,4,4,0.5854,1179.23,835.52,False,0.8127,False,False,2,0.0756,0.039,8.74,0.0141,0.0477,0.0505,3.21,Low,False,none
TRD0064803,TRD0473,CMP038,UXVA,2026-02-21 08:34:09,SELL,ETF,Stop-Loss,332156,664.13,220594764.28,8.0753,6.5015,2,17,2.9116,1.88,1095.07,True,4.9407,False,True,4,0.002,0.2398,1.07,0.875,0.6115,0.4923,67.5,Medium,True,layering
TRD0071414,TRD0208,CMP023,OTXX,2025-10-02 12:33:57,SELL,Options,Bracket Order,139965,3198.88,447731239.2,0.9257,1.085,4,17,1.3026,1241.53,9999.0,False,-0.8404,True,False,6,0.0605,0.2359,1.31,0.0858,0.168,0.0339,11.77,Low,False,none
TRD0102004,TRD0234,CMP033,CHAM,2025-10-30 11:38:47,BUY,ETF,Stop-Loss,70457,1311.42,92398718.94,1.0277,-1.1876,3,2,1.2394,493.43,9999.0,False,-0.2888,False,False,6,0.0821,0.137,0.18,0.0552,0.0899,0.1072,8.16,Low,False,none
TRD0049780,TRD0034,CMP031,NGEI,2026-03-05 15:48:46,BUY,Futures,Cover Order,6732,464.36,3126071.52,1.072,0.4478,3,9,0.5821,707.58,782.41,False,0.4998,True,False,1,0.0388,0.0662,0.49,0.0275,0.0283,0.1113,4.42,Low,False,none
TRD0023421,TRD0385,CMP043,QBPR,2026-01-27 11:16:04,BUY,ETF,Stop-Loss,54744,435.52,23842106.88,4.8148,6.6894,2,12,2.5783,28.63,9999.0,True,2.6934,False,False,0,0.0188,0.69,-1.28,0.7785,0.8292,0.7876,78.62,High,True,insider_trading
TRD0103916,TRD0251,CMP056,ASGU,2025-11-14 11:35:25,SELL,Equity,Cover Order,760412,745.45,566849125.4,8.4181,5.4427,4,2,1.503,45.65,9999.0,True,3.4891,False,False,7,0.7191,0.1921,1.08,0.8248,0.8089,0.5586,71.68,High,True,insider_trading
TRD0090566,TRD0351,CMP020,IARJ,2026-04-16 15:52:01,BUY,Equity,Market,267933,1074.5,287894008.5,6.2907,3.1633,3,7,3.7211,4.78,665.85,True,3.3719,False,False,6,0.242,0.6234,3.03,0.9149,0.6521,0.4148,73.19,High,True,insider_trading
TRD0053572,TRD0381,CMP033,CHAM,2026-06-02 10:44:17,BUY,ETF,Cover Order,49683,1365.79,67856544.57,0.9345,1.3652,3,5,1.9588,9999.0,955.36,False,0.0437,False,False,7,0.0291,0.039,1.8,0.0107,0.1836,0.0848,7.65,Low,False,none
TRD0060368,TRD0248,CMP004,KQZJ,2025-12-09 16:01:49,BUY,Options,Market,576948,139.41,80432320.68,8.4757,5.8017,4,1,2.3865,3617.55,15.22,False,2.6508,True,True,7,0.8217,0.4378,3.35,0.8026,0.7831,0.6116,73.16,High,True,pump_and_dump
TRD0048464,TRD0176,CMP023,OTXX,2026-03-03 15:55:47,SELL,Equity,Cover Order,76361,3180.75,242885250.75,0.8498,-1.1375,2,7,0.6599,1395.25,1462.53,False,0.0856,False,False,0,0.029,0.0972,-3.04,0.0508,0.088,0.0036,5.95,Low,False,none
TRD0024545,TRD0062,CMP040,PWVJ,2025-12-28 13:24:45,BUY,Equity,Stop-Loss,4189,13.66,57221.74,1.5185,1.8709,1,9,1.6852,752.62,9999.0,False,-1.0948,False,False,0,0.0884,0.2077,-2.29,0.1494,0.0105,0.1013,10.63,Low,False,none
TRD0022695,TRD0260,CMP032,MXGK,2025-10-25 13:46:39,BUY,Options,Limit,8954,1143.04,10234780.16,1.0332,1.0547,5,9,0.5776,282.14,9999.0,False,0.2398,True,False,6,0.0429,0.38,1.12,0.0739,0.0003,0.0432,7.78,Low,False,none
TRD0025049,TRD0207,CMP024,GGME,2026-03-25 14:04:20,BUY,Options,Limit,95769,65.42,6265207.98,6.3456,5.2878,3,15,2.7018,36.07,1334.94,True,3.9247,True,False,2,0.7534,0.5604,4.23,0.7445,0.8686,0.507,72.77,High,True,insider_trading
TRD0104562,TRD0097,CMP056,ASGU,2026-03-13 15:34:19,BUY,Equity,Bracket Order,328662,777.12,255409813.44,7.8846,5.0572,5,5,3.2723,15.24,2814.33,True,4.5297,False,False,1,0.5031,0.8788,0.15,0.9357,0.8671,0.6748,87.03,Critical,True,front_running
TRD0067578,TRD0097,CMP013,RXNL,2026-03-03 09:27:11,BUY,Equity,Bracket Order,330713,107.88,35677318.44,7.7941,2.5688,3,7,1.991,37.85,1302.11,True,4.2531,False,False,6,0.4388,0.8788,5.11,0.5945,0.7374,0.8158,69.9,Medium,True,insider_trading
TRD0084457,TRD0482,CMP034,SIHG,2026-05-20 14:01:14,SELL,Equity,Cover Order,15358,313.14,4809204.12,1.3965,-0.0767,3,23,1.1508,9999.0,76.18,False,-0.2886,False,False,5,0.1019,0.2969,2.63,0.1893,0.1105,0.0625,15.74,Low,False,none
TRD0070025,TRD0209,CMP058,JGPO,2025-11-24 15:38:33,SELL,Equity,Cover Order,50029,355.66,17793314.14,1.7859,0.0072,3,20,1.7481,218.19,9999.0,False,0.4923,False,False,0,0.0919,0.2285,-2.86,0.0609,0.0008,0.1009,6.56,Low,False,none
TRD0027013,TRD0063,CMP043,QBPR,2026-05-20 15:55:24,BUY,ETF,Bracket Order,182039,457.39,83262818.21,5.4351,3.1785,3,5,3.5495,32.24,111.85,True,3.1443,False,False,6,0.0566,0.6313,0.8,0.9063,0.7432,0.7518,80.67,High,True,insider_trading
TRD0088960,TRD0385,CMP016,FWEI,2025-12-16 14:29:53,SELL,ETF,Bracket Order,81957,835.29,68457862.53,8.1061,5.6269,2,20,3.158,1289.87,5.18,False,4.6915,False,False,1,0.4493,0.69,10.22,0.6794,0.9517,0.6626,75.96,High,True,spoofing
TRD0021416,TRD0042,CMP037,BUYO,2026-05-17 07:30:10,SELL,Equity,Stop-Loss,1024844,235.73,241586476.12,8.5519,3.0109,1,12,2.1932,39.2,2466.07,True,3.1468,False,True,4,0.5238,0.4561,3.53,0.566,0.9231,0.517,65.48,Medium,True,insider_trading
TRD0118143,TRD0099,CMP005,QSGC,2026-06-16 11:14:56,BUY,Equity,Limit,89830,107.2,9629776.0,4.8931,3.6949,3,7,2.4401,42.97,2558.16,True,3.9544,False,False,3,0.7261,0.2542,7.38,0.7514,0.7323,0.6593,68.21,Medium,True,layering
TRD0050415,TRD0306,CMP006,XBFQ,2026-02-06 14:02:06,BUY,Equity,Market,23634,41.02,969466.68,1.0569,0.4467,3,13,0.9968,238.59,9999.0,False,-0.8642,False,False,7,0.0965,0.078,5.75,0.0402,0.2407,0.0094,9.95,Low,False,none
TRD0058504,TRD0045,CMP012,INMT,2026-04-03 11:09:38,SELL,Futures,Bracket Order,135602,233.02,31597978.04,10.6337,6.4573,1,20,1.9261,45.37,1451.75,True,3.059,True,False,4,0.7208,0.788,2.28,0.7458,0.5658,0.5437,66.57,Medium,True,front_running
TRD0097870,TRD0439,CMP015,WXZK,2025-11-23 18:57:25,BUY,ETF,Cover Order,334524,548.24,183399437.76,5.4888,5.0504,5,7,3.9059,8.24,49.27,True,3.0736,False,True,5,0.4259,0.0721,2.81,0.5789,0.9129,0.6307,63.62,Medium,True,insider_trading
TRD0088102,TRD0455,CMP018,YGCX,2026-01-10 15:28:45,BUY,ETF,Limit,90228,770.82,69549546.96,1.3377,-0.8835,3,18,1.404,67.58,244.87,False,-0.6955,False,False,4,0.0069,0.2517,1.35,0.0889,0.0026,0.3586,11.97,Low,False,none
TRD0041766,TRD0344,CMP055,NKNY,2026-04-21 10:44:41,BUY,ETF,Cover Order,14968,1112.34,16649505.12,0.7056,-0.5081,5,1,0.5666,9999.0,686.42,False,0.6941,False,False,0,0.0119,0.08,-2.56,0.0436,0.008,0.0677,4.02,Low,False,none
TRD0102297,TRD0369,CMP046,LUQA,2026-03-20 11:22:18,BUY,Futures,Market,242724,183.37,44508299.88,10.1139,4.5162,5,4,1.5347,388.73,6.66,False,4.69,True,False,4,0.5448,0.5509,0.88,0.6033,0.8147,0.7094,67.74,Medium,True,circular_trading
TRD0107849,TRD0402,CMP048,JGWJ,2026-06-04 14:25:32,BUY,ETF,Cover Order,11650,143.35,1670027.5,0.7241,-0.4562,3,15,1.0841,9999.0,177.91,False,0.747,False,False,2,0.1283,0.0902,3.25,0.0556,0.2377,0.0598,11.43,Low,False,none
TRD0099614,TRD0072,CMP020,IARJ,2026-03-28 09:40:09,BUY,Equity,Cover Order,37358,1074.28,40132952.24,1.2691,0.3875,2,14,1.8005,466.98,203.65,False,0.2192,False,False,0,0.1217,0.179,-9.64,0.0745,0.1519,0.0092,9.84,Low,False,none
TRD0079757,TRD0280,CMP025,JXOT,2025-11-17 12:17:14,BUY,ETF,Limit,12441,245.04,3048542.64,1.4631,-0.7359,4,8,0.7217,301.31,177.71,False,0.4717,False,False,3,0.1048,0.0999,0.37,0.0317,0.0181,0.0124,3.15,Low,False,none
TRD0112641,TRD0460,CMP056,ASGU,2025-11-09 11:30:32,BUY,Equity,Bracket Order,92874,760.44,70625104.56,0.7152,0.0012,4,24,0.8368,165.74,9999.0,False,0.2653,False,False,6,0.1224,0.1403,0.14,0.09,0.0357,0.0629,7.47,Low,False,none
TRD0059795,TRD0255,CMP033,CHAM,2026-06-08 14:07:50,BUY,ETF,Cover Order,35349,1315.86,46514335.14,1.2699,-0.5188,1,6,1.0827,9999.0,1102.76,False,0.5438,False,False,1,0.0127,0.8046,4.9,0.1382,0.2808,0.0323,23.17,Low,False,none
TRD0063963,TRD0041,CMP030,FHSA,2025-12-09 16:13:08,BUY,Equity,Limit,225816,129.44,29229623.04,10.8032,5.7888,3,17,2.3939,9.61,9999.0,True,4.4055,False,True,3,0.5229,0.862,4.09,0.8098,0.9008,0.9109,85.75,Critical,True,insider_trading
TRD0002817,TRD0295,CMP026,UGLJ,2025-10-30 09:18:57,SELL,ETF,Cover Order,121755,1520.58,185138217.9,4.8475,4.8047,1,20,3.5645,30.77,9999.0,True,3.2471,False,False,3,0.795,0.1947,6.79,0.7828,0.9848,0.5348,74.74,High,True,front_running
TRD0003919,TRD0445,CMP050,MCCS,2025-10-27 12:48:17,SELL,ETF,Market,17234,91.61,1578806.74,0.5967,0.3249,2,7,1.545,1151.36,9999.0,False,0.4069,False,False,4,0.0248,0.1605,5.08,0.1457,0.2854,0.0194,17.01,Low,False,none
TRD0053205,TRD0224,CMP010,VTWH,2026-05-29 09:52:30,BUY,ETF,Limit,59458,40.36,2399724.88,1.4066,0.1298,2,6,1.1131,9999.0,1719.23,False,0.4776,False,False,0,0.0142,0.2941,-0.66,0.1419,0.2137,0.0328,16.23,Low,False,none
TRD0100098,TRD0001,CMP042,EKVN,2026-02-25 08:03:19,BUY,ETF,Stop-Loss,52267,206.99,10818746.33,5.3873,6.0212,4,1,2.2683,60.4,590.36,False,2.7773,False,True,0,0.535,0.1914,-0.33,0.9291,0.8688,0.664,79.75,High,True,insider_trading
TRD0092287,TRD0299,CMP048,JGWJ,2026-03-21 14:50:05,BUY,Equity,Cover Order,14941,132.67,1982222.47,0.7975,0.722,5,20,1.0328,606.83,181.93,False,0.2462,False,False,0,0.02,0.0202,-6.03,0.1429,0.0486,0.1103,9.74,Low,False,none
TRD0076881,TRD0061,CMP012,INMT,2025-12-27 12:29:49,SELL,Equity,Cover Order,259456,235.77,61171941.12,1.1553,-1.169,5,1,1.5368,874.91,9999.0,False,0.6836,False,False,0,0.1413,0.2803,-0.93,0.248,0.2902,0.1475,24.88,Low,False,none
TRD0061817,TRD0351,CMP009,QWEI,2025-12-01 15:33:16,SELL,Equity,Stop-Loss,376274,141.8,53355653.2,7.3468,5.2864,1,5,2.837,32.48,433.77,True,3.543,False,False,5,1.0323,0.6234,6.17,0.6273,0.8611,0.8734,73.4,High,True,wash_trading
TRD0099652,TRD0124,CMP018,YGCX,2025-11-10 09:32:19,BUY,Equity,Cover Order,27597,768.6,21211054.2,1.0449,-0.297,3,8,0.8052,1225.07,9999.0,False,-0.4733,False,False,0,0.0767,0.6353,-6.26,0.2378,0.055,0.015,18.93,Low,False,none
TRD0049334,TRD0015,CMP016,FWEI,2026-01-27 13:40:31,SELL,Futures,Stop-Loss,23574,850.37,20046622.38,1.38,-0.0837,2,4,1.7866,282.69,1012.36,False,1.0966,True,False,0,0.0491,0.1579,-1.68,0.1061,0.0583,0.1135,9.8,Low,False,none
TRD0046811,TRD0170,CMP014,DJHR,2026-02-13 16:29:38,SELL,Equity,Limit,694205,139.36,96744408.8,9.7677,6.4184,2,2,2.047,14.22,9999.0,True,3.0685,False,True,2,0.1549,0.1793,2.45,0.8204,0.8803,0.6387,74.7,High,True,front_running
TRD0057728,TRD0210,CMP022,TTZR,2026-03-05 13:10:00,BUY,ETF,Stop-Loss,181634,398.01,72292148.34,9.0187,5.3848,5,18,2.1614,20.29,441.87,True,2.6529,False,False,4,0.9877,0.8977,0.04,0.6455,0.6923,0.6597,68.69,Medium,True,layering
TRD0011443,TRD0004,CMP016,FWEI,2026-06-02 18:03:03,BUY,ETF,Cover Order,29230,833.42,24360866.6,1.018,0.0151,3,15,1.9343,9999.0,1110.59,False,0.1519,False,True,0,0.1319,0.1249,-0.26,0.0142,0.0045,0.0071,2.13,Low,False,none
TRD0110788,TRD0279,CMP050,MCCS,2025-11-24 12:56:33,BUY,Equity,Limit,2515,85.16,214177.4,0.8501,-0.3978,1,11,1.6814,479.22,9999.0,False,-0.0673,False,False,5,0.12,0.0783,2.74,0.133,0.2093,0.0595,13.94,Low,False,none
TRD0050214,TRD0222,CMP056,ASGU,2026-03-13 12:18:53,BUY,ETF,Market,155096,722.21,112011882.16,10.6595,3.8731,3,1,3.3902,18.5,2811.07,True,4.5578,False,False,0,1.0686,0.7021,-1.31,0.9088,0.9589,0.774,88.29,Critical,True,layering
TRD0119445,TRD0078,CMP051,NQWS,2025-11-03 13:59:31,SELL,Equity,Stop-Loss,13755,0.17,2338.35,2.3655,0.1823,5,22,0.8209,585.6,9999.0,False,0.0616,False,False,4,0.0981,0.1883,4.36,0.0525,0.0779,0.0141,6.79,Low,False,none
TRD0000965,TRD0015,CMP047,VBOF,2026-06-12 11:45:04,SELL,Options,Limit,151773,261.22,39646143.06,8.7485,4.1731,2,16,2.55,37.69,1023.74,True,3.1032,True,False,4,0.9913,0.1579,4.77,0.8066,0.9699,0.6696,77.02,High,True,spoofing
TRD0059102,TRD0292,CMP031,NGEI,2025-10-19 09:30:02,BUY,ETF,Cover Order,126099,467.87,58997939.13,1.076,1.4793,4,13,1.0382,1990.7,9999.0,False,0.1695,False,False,0,0.1121,0.3059,-3.98,0.0571,0.0495,0.1562,9.46,Low,False,none
TRD0060493,TRD0255,CMP030,FHSA,2025-12-28 07:10:07,BUY,ETF,Market,244119,135.26,33019535.94,7.3816,5.1008,3,4,3.1466,7.86,437.34,True,4.9726,False,True,3,0.4679,0.8046,0.81,0.8926,0.6591,0.8486,80.71,High,True,insider_trading
TRD0050635,TRD0475,CMP029,OPWR,2026-03-02 18:47:35,BUY,ETF,Market,2193269,71.65,157147723.85,7.5777,6.7425,4,16,3.3068,5.46,1304.77,True,3.1963,False,True,7,0.5843,0.8184,4.67,0.8514,0.5089,0.6646,71.73,High,True,spoofing
TRD0029584,TRD0388,CMP007,PZVF,2026-03-13 09:36:10,BUY,Equity,Bracket Order,252135,23.34,5884830.9,5.6109,2.8465,5,5,3.5572,30.87,1047.58,True,3.9735,False,False,1,0.7334,0.1024,5.38,0.7157,0.9199,0.7073,71.44,High,True,layering
TRD0008740,TRD0454,CMP041,LXML,2026-01-11 08:01:33,SELL,Equity,Cover Order,30265,475.09,14378598.85,1.3572,0.3172,4,16,1.8267,546.47,90.9,False,0.2844,False,True,6,0.0011,0.1995,0.37,0.0093,0.0297,0.0321,3.79,Low,False,none
TRD0016237,TRD0352,CMP048,JGWJ,2026-03-13 11:39:39,BUY,Equity,Limit,8605,77.09,663359.45,0.9314,0.8151,2,16,1.1879,13.25,1078.69,True,-1.6032,False,False,6,0.0516,0.1237,2.15,0.0411,0.0863,0.0648,6.65,Low,False,none
TRD0076263,TRD0410,CMP047,VBOF,2026-06-11 15:10:04,BUY,Equity,Market,104134,250.19,26053285.46,1.1417,1.6917,2,11,1.2391,58.27,1003.16,False,0.4788,False,False,5,0.0386,0.4317,1.27,0.1168,0.1609,0.1137,16.11,Low,False,none
TRD0012998,TRD0168,CMP025,JXOT,2026-01-30 17:35:36,SELL,ETF,Limit,101194,250.54,25353144.76,11.0997,4.9666,4,21,1.8426,31.7,1480.0,True,4.2418,False,True,4,1.3565,0.2017,3.0,0.9228,0.6376,0.3024,67.21,Medium,True,pump_and_dump
TRD0053803,TRD0210,CMP002,JBDO,2026-02-24 12:28:58,BUY,Futures,Stop-Loss,224170,98.67,22118853.9,11.2782,5.3777,5,20,1.8859,26.09,104.96,True,2.1853,True,False,6,0.9532,0.8977,5.35,0.815,0.9378,0.9382,87.86,Critical,True,insider_trading
TRD0056848,TRD0100,CMP009,QWEI,2026-02-14 13:05:10,BUY,Equity,Market,7814,94.97,742095.58,1.2089,1.3071,2,6,0.9845,422.48,1765.05,False,-0.131,False,False,0,0.1662,0.0702,-1.61,0.0518,0.0637,0.0652,5.92,Low,False,none
TRD0062300,TRD0143,CMP029,OPWR,2026-05-27 13:32:18,BUY,ETF,Stop-Loss,13190,75.98,1002176.2,1.0378,-0.5484,1,21,1.7958,9999.0,483.57,False,-1.2638,False,False,0,0.0508,0.1682,-2.68,0.0059,0.0384,0.0496,3.84,Low,False,none
TRD0037097,TRD0016,CMP004,KQZJ,2026-02-07 12:32:07,BUY,ETF,Market,82871,73.59,6098476.89,1.369,1.4752,1,12,1.3004,2181.05,1451.72,False,-0.6463,False,False,0,0.0263,0.1939,-0.72,0.0438,0.2121,0.0922,11.66,Low,False,none
TRD0113274,TRD0135,CMP021,TXFE,2025-11-24 12:48:33,BUY,Futures,Limit,99146,118.16,11715091.36,4.6774,5.218,5,11,3.9468,50.11,22.24,False,4.9903,True,False,6,0.2597,0.2592,1.88,0.8601,0.5702,0.745,69.58,Medium,True,layering
TRD0102677,TRD0146,CMP029,OPWR,2026-03-15 11:23:10,BUY,ETF,Stop-Loss,80393,52.67,4234299.31,0.927,0.7297,5,11,1.3422,1270.58,299.13,False,-1.242,False,False,0,0.0114,0.2545,-1.46,0.1405,0.0485,0.0448,10.99,Low,False,none
TRD0065376,TRD0452,CMP011,CGLO,2025-10-18 14:22:29,BUY,Equity,Market,19551,47.45,927694.95,0.9964,0.4303,2,12,0.6588,304.9,9999.0,False,-0.12,False,False,0,0.045,0.0701,-2.06,0.0543,0.0033,0.1837,6.0,Low,False,none
TRD0077703,TRD0417,CMP006,XBFQ,2026-05-27 13:49:31,BUY,Equity,Market,33233,43.26,1437659.58,0.977,0.2909,5,14,1.6103,9999.0,1362.03,False,1.2565,False,False,0,0.0634,0.1572,-3.37,0.0874,0.0758,0.0543,8.59,Low,False,none
TRD0119311,TRD0210,CMP041,LXML,2025-12-18 11:10:07,SELL,Options,Cover Order,248310,461.15,114508156.5,11.9221,2.8872,5,9,2.2179,20.78,186.34,True,3.6219,True,False,6,0.742,0.8977,2.73,0.8885,0.8655,0.7705,86.48,Critical,True,wash_trading
TRD0025968,TRD0064,CMP052,QXXS,2025-12-04 14:37:11,SELL,Options,Market,11878,1797.07,21345597.46,0.719,-0.1683,5,8,0.935,2173.88,122.41,False,3.1227,True,False,2,0.1098,0.2334,3.09,0.0975,0.2449,0.0773,15.23,Low,False,none
TRD0077560,TRD0144,CMP004,KQZJ,2026-05-11 09:33:12,BUY,Equity,Stop-Loss,7786,120.55,938602.3,0.8838,0.7753,2,22,1.8926,887.97,47.97,False,-0.5254,False,False,3,0.0043,0.2356,3.56,0.0232,0.0483,0.0455,5.53,Low,False,none
TRD0038222,TRD0006,CMP012,INMT,2026-06-24 10:20:22,SELL,ETF,Cover Order,22813,231.32,5277103.16,0.6485,-0.7384,3,9,1.1794,9999.0,700.09,False,-0.0152,False,False,0,0.0503,0.173,-2.65,0.0008,0.0961,0.0575,5.51,Low,False,none
TRD0107480,TRD0115,CMP047,VBOF,2026-02-24 10:03:22,BUY,ETF,Limit,15832,281.81,4461615.92,0.9002,1.0455,5,16,0.7694,1256.31,57.85,False,0.7921,False,False,2,0.003,0.134,3.7,0.0274,0.2818,0.003,11.07,Low,False,none
TRD0016729,TRD0184,CMP017,FNLM,2026-03-11 16:26:18,SELL,Equity,Limit,1178262,584.4,688576312.8,9.5643,3.3572,4,5,3.174,4.83,9999.0,True,2.5026,False,True,4,0.2939,0.8894,1.13,0.87,0.9038,0.7475,86.37,Critical,True,pump_and_dump
TRD0002330,TRD0192,CMP035,AQPF,2026-06-06 11:19:12,SELL,ETF,Cover Order,593077,1035.98,614415910.46,9.7872,2.9146,5,7,3.8018,11.86,1121.13,True,4.8905,False,False,6,0.6209,0.434,10.3,0.8775,0.7559,0.5862,75.3,High,True,spoofing
TRD0033991,TRD0336,CMP057,PNYK,2026-01-21 13:53:19,BUY,Futures,Limit,345642,29.73,10275936.66,9.1426,5.0935,4,14,1.5111,30.42,484.63,True,3.2759,True,False,2,0.6667,0.7178,3.83,0.8807,0.9393,0.9126,88.68,Critical,True,spoofing
TRD0099041,TRD0090,CMP052,QXXS,2026-03-04 08:38:32,BUY,Equity,Cover Order,42418,1771.58,75146880.44,8.521,3.0216,5,3,1.8199,19.86,2276.43,True,3.2525,False,True,6,0.863,0.6416,4.78,0.9386,0.9429,0.6744,87.06,Critical,True,insider_trading
TRD0079173,TRD0016,CMP030,FHSA,2026-02-05 15:41:54,SELL,Futures,Cover Order,108519,117.19,12717341.61,1.3765,-1.0905,2,10,0.9299,3221.36,936.66,False,1.4557,True,False,0,0.0212,0.1939,-1.98,0.2667,0.0022,0.0586,14.89,Low,False,none
TRD0021269,TRD0064,CMP041,LXML,2026-01-06 08:33:00,BUY,Futures,Limit,147852,509.18,75283281.36,8.8073,4.5568,1,23,2.6011,28.57,432.6,True,4.9516,True,True,5,0.3081,0.2334,1.37,0.5869,0.6636,0.5168,56.4,Medium,True,circular_trading
TRD0082144,TRD0481,CMP011,CGLO,2026-05-17 11:44:35,SELL,ETF,Cover Order,184227,55.98,10313027.46,1.0937,-0.6959,1,6,0.5491,459.85,280.41,False,0.2827,False,False,0,0.066,0.4861,-0.08,0.0388,0.1204,0.0812,11.44,Low,False,none
TRD0005602,TRD0038,CMP004,KQZJ,2026-03-10 11:43:29,SELL,Equity,Limit,10021,110.54,1107721.34,0.4602,1.0844,2,11,1.4532,1437.86,2194.91,False,0.3317,False,False,1,0.0339,0.1403,2.55,0.0433,0.0117,0.0397,4.3,Low,False,none
TRD0087347,TRD0356,CMP037,BUYO,2026-02-25 17:19:43,SELL,ETF,Cover Order,36911,268.03,9893255.33,1.005,-1.2578,3,16,1.6822,1973.37,531.9,False,0.0643,False,True,0,0.0406,0.0922,-1.34,0.086,0.3882,0.0722,17.52,Low,False,none
TRD0082305,TRD0336,CMP044,UDJH,2026-05-10 18:56:01,BUY,Equity,Limit,128795,26.72,3441402.4,3.0935,2.8682,4,20,1.7058,481.95,8.08,False,3.2862,False,True,1,0.737,0.7178,5.67,0.9977,0.487,0.7227,77.52,High,True,insider_trading
TRD0101864,TRD0348,CMP046,LUQA,2026-05-10 13:21:17,SELL,Equity,Market,28973,170.03,4926279.19,0.9532,-1.4592,5,22,0.9302,122.81,329.29,False,-0.6588,False,False,7,0.0021,0.4696,1.46,0.1471,0.0471,0.0203,13.03,Low,False,none
TRD0067312,TRD0011,CMP058,JGPO,2025-12-14 10:20:30,BUY,Equity,Limit,74408,371.57,27647780.56,1.1046,-0.2579,5,13,1.0806,349.65,256.51,False,-0.6527,False,False,0,0.0141,0.2215,-1.65,0.1221,0.0098,0.0641,8.96,Low,False,none
TRD0012655,TRD0322,CMP031,NGEI,2026-05-15 13:30:32,BUY,ETF,Bracket Order,9338,441.38,4121606.44,0.7583,1.0695,1,3,1.7145,9999.0,994.12,False,0.5245,False,False,2,0.0894,0.1693,3.38,0.0032,0.0453,0.0349,3.72,Low,False,none
TRD0005827,TRD0078,CMP041,LXML,2026-04-10 09:33:36,BUY,ETF,Market,5646,477.64,2696755.44,0.7128,-0.9489,3,16,1.3944,185.46,1591.06,False,-0.3147,False,False,2,0.0093,0.1883,2.27,0.0139,0.1326,0.146,8.68,Low,False,none
TRD0071607,TRD0166,CMP047,VBOF,2026-04-10 11:45:14,SELL,Equity,Stop-Loss,47816,268.81,12853418.96,1.0478,-1.0392,4,23,1.6291,174.61,1139.55,False,-0.5265,False,False,0,0.0046,0.2331,-1.15,0.1006,0.0953,0.0281,10.14,Low,False,none
TRD0068270,TRD0128,CMP028,EZAB,2026-01-08 14:39:14,BUY,ETF,Stop-Loss,8485,1952.64,16568150.4,0.9901,-0.2081,2,17,0.9765,2323.7,1562.55,False,0.3832,False,False,1,0.0031,0.0462,0.62,0.0017,0.1064,0.0057,3.82,Low,False,none
TRD0096124,TRD0412,CMP018,YGCX,2025-12-30 14:32:56,SELL,Equity,Market,329210,749.85,246858118.5,5.8204,4.6046,1,2,2.8265,20.06,9999.0,True,3.4082,False,False,2,0.0103,0.5609,0.84,0.7011,0.9322,0.6205,74.43,High,True,front_running
TRD0077207,TRD0437,CMP002,JBDO,2026-01-30 14:22:28,SELL,Equity,Bracket Order,1215309,116.86,142021009.74,1.1183,0.4023,5,21,0.6786,493.15,1406.74,False,0.3826,False,False,7,0.0041,0.4839,3.66,0.0452,0.114,0.0328,10.78,Low,False,none
TRD0017796,TRD0494,CMP027,BNLN,2025-11-07 13:39:01,BUY,Options,Market,123347,282.66,34865263.02,8.849,5.2043,4,1,3.373,14.56,9999.0,True,4.8496,True,False,5,0.733,0.1402,3.23,0.6258,0.6908,0.8762,63.43,Medium,True,front_running
TRD0090850,TRD0230,CMP026,UGLJ,2025-12-27 13:40:00,BUY,ETF,Stop-Loss,16348,1548.93,25321907.64,0.722,1.0657,4,15,1.6544,3031.22,13.11,False,0.2603,False,False,0,0.1075,0.0705,-3.78,0.038,0.1307,0.0611,7.25,Low,False,none
TRD0036311,TRD0427,CMP048,JGWJ,2026-04-22 15:53:52,SELL,Equity,Market,121770,114.96,13998679.2,0.9046,-0.7417,1,9,1.4108,745.82,162.23,False,0.5562,False,False,0,0.0853,0.107,-3.91,0.1227,0.0843,0.0986,10.6,Low,False,none
TRD0108654,TRD0351,CMP037,BUYO,2026-02-03 10:31:11,SELL,ETF,Cover Order,329029,209.28,68859189.12,6.554,6.2845,4,12,1.9802,2.91,9999.0,True,2.6045,False,False,7,0.2082,0.6234,1.97,0.7568,0.5892,0.7484,69.19,Medium,True,pump_and_dump
TRD0028021,TRD0376,CMP034,SIHG,2026-01-14 10:36:19,BUY,Equity,Limit,23699,309.18,7327256.82,1.2844,1.0815,1,12,0.8995,678.76,1138.36,False,1.0254,False,False,0,0.0955,0.0421,-0.35,0.0181,0.1018,0.0208,4.6,Low,False,none
TRD0016197,TRD0045,CMP048,JGWJ,2026-05-21 15:45:01,BUY,Futures,Stop-Loss,68041,126.34,8596299.94,6.5103,3.7878,2,1,2.2821,49.97,858.09,False,4.4558,True,False,7,0.3975,0.788,2.75,0.704,0.667,0.5811,68.29,Medium,True,insider_trading
TRD0039749,TRD0166,CMP051,NQWS,2025-10-04 09:37:00,SELL,Equity,Limit,40899,26.51,1084232.49,0.8764,-0.1385,5,7,1.5395,1309.98,9999.0,False,-0.6324,False,False,0,0.0199,0.2331,-0.6,0.0079,0.1005,0.1016,7.23,Low,False,none
TRD0119823,TRD0045,CMP047,VBOF,2026-01-30 09:32:35,BUY,Options,Limit,143582,267.69,38435465.58,10.0938,3.6683,4,19,3.4076,52.98,2123.97,False,4.2254,True,False,3,0.8522,0.788,3.63,0.7613,0.4323,0.5329,63.1,Medium,True,insider_trading
TRD0071410,TRD0312,CMP022,TTZR,2026-06-16 15:27:51,BUY,Equity,Market,186807,409.66,76527355.62,3.3887,5.0703,3,20,2.1211,37.83,773.34,True,3.9064,False,False,7,0.4235,0.7761,1.08,0.9451,0.8883,0.578,85.61,Critical,True,layering
TRD0043276,TRD0458,CMP008,OIUY,2026-05-18 12:29:09,BUY,Equity,Stop-Loss,54002,886.06,47849012.12,1.4281,-0.1358,3,24,1.8746,102.96,564.87,False,1.7169,False,False,0,0.0239,0.0728,-4.8,0.0335,0.0629,0.2371,7.68,Low,False,none
TRD0054817,TRD0067,CMP053,SVJO,2026-01-17 15:06:50,BUY,Equity,Market,34229,35.84,1226767.36,1.3523,0.6061,4,14,0.7797,1057.99,49.65,False,-0.5197,False,False,7,0.0616,0.0933,5.66,0.0184,0.1013,0.0216,5.12,Low,False,none
TRD0088087,TRD0351,CMP055,NKNY,2026-01-19 12:57:17,BUY,ETF,Bracket Order,358987,1089.95,391277880.65,5.8707,5.1197,3,24,3.8177,43.89,290.19,True,4.292,False,False,0,0.8997,0.6234,-3.75,0.7215,0.7963,0.4586,69.47,Medium,True,pump_and_dump
TRD0045683,TRD0239,CMP034,SIHG,2026-04-30 11:07:36,SELL,Equity,Bracket Order,14948,304.55,4552413.4,0.8067,-0.0366,2,23,0.9187,406.71,1252.92,False,1.1615,False,False,0,0.1235,0.4011,-2.22,0.0003,0.0021,0.0073,4.2,Low,False,none
TRD0010549,TRD0225,CMP045,BPXM,2025-12-01 12:34:22,SELL,ETF,Bracket Order,37775,256.29,9681354.75,1.5675,-1.1794,2,7,1.5183,1450.84,9999.0,False,0.2498,False,False,0,0.0496,0.3988,-2.29,0.2067,0.045,0.047,15.34,Low,False,none
TRD0002535,TRD0303,CMP052,QXXS,2026-03-11 15:19:45,SELL,ETF,Stop-Loss,31142,1776.48,55323140.16,0.9017,-1.6185,5,19,1.8815,816.98,154.83,False,0.4364,False,False,0,0.0092,0.1398,-6.88,0.0332,0.1443,0.0869,8.52,Low,False,none
TRD0006252,TRD0014,CMP030,FHSA,2025-10-13 13:06:07,SELL,ETF,Stop-Loss,194026,127.95,24825626.7,1.4073,0.291,1,20,1.711,1380.72,9999.0,False,-0.0489,False,False,0,0.0368,0.2128,-4.28,0.1889,0.018,0.1145,12.89,Low,False,none
TRD0030800,TRD0210,CMP011,CGLO,2025-11-27 08:58:29,SELL,ETF,Market,115949,54.56,6326177.44,5.9949,5.4983,1,15,3.6133,567.17,5.11,False,4.5254,False,True,2,0.0591,0.8977,3.48,0.803,0.6944,0.6683,75.97,High,True,wash_trading
TRD0098588,TRD0369,CMP027,BNLN,2025-12-28 11:54:19,SELL,Equity,Cover Order,119617,271.57,32484388.69,4.1341,5.425,1,10,3.3464,26.17,294.19,True,3.0413,False,False,3,0.7224,0.5509,5.33,0.5624,0.7551,0.71,64.12,Medium,True,layering
TRD0013346,TRD0441,CMP055,NKNY,2026-01-05 11:06:33,SELL,Options,Limit,215902,1052.33,227200151.66,9.4631,3.1591,1,4,1.6201,47.66,222.42,True,3.5949,True,False,2,0.6386,0.0671,6.64,0.7392,0.6787,0.6047,63.37,Medium,True,insider_trading
TRD0116066,TRD0372,CMP037,BUYO,2026-02-01 09:16:21,BUY,ETF,Stop-Loss,184430,208.26,38409391.8,5.4614,4.722,4,7,3.7208,52.16,9999.0,False,4.7443,False,False,1,0.6626,0.5577,1.41,0.9065,0.8457,0.8873,85.05,Critical,True,layering
TRD0036624,TRD0063,CMP029,OPWR,2026-03-03 17:00:38,SELL,Options,Market,262350,88.17,23131399.5,8.1133,2.7987,3,2,3.1672,1552.96,16.75,False,4.3598,True,True,5,0.7007,0.6313,10.11,0.9251,0.8944,0.7464,85.97,Critical,True,insider_trading
TRD0119227,TRD0212,CMP016,FWEI,2026-06-09 11:53:14,SELL,Equity,Stop-Loss,3879,827.91,3211462.89,1.7623,0.5,4,20,1.1087,9999.0,1272.42,False,-1.0274,False,False,6,0.0162,0.2943,4.48,0.0038,0.1535,0.0398,8.32,Low,False,none
TRD0119935,TRD0410,CMP047,VBOF,2025-12-30 12:41:44,BUY,Equity,Bracket Order,61143,278.74,17042999.82,0.8689,-0.1753,5,11,0.7717,793.83,1383.12,False,0.497,False,False,0,0.0638,0.4317,-0.36,0.0506,0.3124,0.0079,16.08,Low,False,none
TRD0040506,TRD0264,CMP040,PWVJ,2026-03-13 09:09:55,SELL,Equity,Market,16432,21.86,359203.52,4.1969,2.9578,3,11,2.0538,49.67,1043.14,False,2.6228,False,False,7,0.0479,0.0429,4.39,0.9128,0.7085,0.4516,69.53,Medium,True,pump_and_dump
TRD0056188,TRD0336,CMP029,OPWR,2026-01-05 18:02:46,SELL,Options,Stop-Loss,332238,49.47,16435813.86,9.8915,5.667,5,12,2.2064,39.98,293.43,True,3.8751,True,True,5,0.4807,0.7178,5.14,0.8404,0.6693,0.4983,72.55,High,True,wash_trading
TRD0034324,TRD0312,CMP007,PZVF,2026-03-12 13:38:55,BUY,Options,Bracket Order,290836,4.47,1300036.92,4.6289,6.1986,4,22,1.7447,50.82,1027.63,False,3.0274,True,False,7,0.7381,0.7761,1.44,0.6821,0.8095,0.4255,69.12,Medium,True,layering
TRD0093438,TRD0424,CMP004,KQZJ,2026-01-11 13:46:18,SELL,Equity,Stop-Loss,35872,82.22,2949395.84,1.077,-1.176,3,15,1.4556,2827.81,804.96,False,-0.1239,False,False,0,0.0126,0.1159,-0.48,0.0545,0.0608,0.0103,5.59,Low,False,none
TRD0055354,TRD0385,CMP025,JXOT,2026-06-14 14:37:01,BUY,Options,Market,89372,260.07,23242976.04,8.2493,5.4413,1,11,2.3272,18.38,1115.84,True,4.8157,True,False,2,0.5242,0.69,4.89,0.9561,0.8414,0.6836,85.42,Critical,True,wash_trading
TRD0072409,TRD0043,CMP029,OPWR,2026-04-18 11:12:56,SELL,ETF,Stop-Loss,14518,98.2,1425667.6,1.0506,0.7432,2,19,1.501,454.75,1114.96,False,0.885,False,False,5,0.0649,0.1666,3.08,0.1708,0.0233,0.0278,10.47,Low,False,none
TRD0039494,TRD0007,CMP027,BNLN,2025-12-15 15:41:59,SELL,Futures,Limit,108550,297.48,32291454.0,3.522,4.4043,1,19,2.5775,14.02,899.49,True,3.1175,True,False,6,0.5657,0.1944,4.59,0.6976,0.7434,0.8226,67.98,Medium,True,front_running
TRD0077653,TRD0351,CMP027,BNLN,2025-12-14 10:21:59,SELL,Equity,Limit,631276,285.16,180014664.16,11.0073,3.2092,1,17,3.3566,43.35,870.16,True,3.2117,False,False,2,0.5656,0.6234,1.14,0.8801,0.859,0.8952,85.04,Critical,True,insider_trading
TRD0067756,TRD0336,CMP041,LXML,2026-04-17 16:36:01,BUY,ETF,Market,245478,478.14,117372850.92,7.5992,3.5488,5,1,3.9956,10.42,1766.1,True,3.3254,False,True,6,0.3298,0.7178,3.97,0.7955,0.7277,0.8179,77.07,High,True,front_running
TRD0025711,TRD0423,CMP038,UXVA,2025-12-29 09:46:47,BUY,ETF,Bracket Order,12486,677.74,8462261.64,1.3586,-1.3711,4,10,0.5987,199.72,9999.0,False,-0.5615,False,False,0,0.053,0.1385,-1.43,0.1693,0.0187,0.0411,10.18,Low,False,none
TRD0102226,TRD0082,CMP016,FWEI,2026-01-21 12:48:24,BUY,Options,Limit,40645,851.53,34610436.85,0.8823,0.7487,1,22,1.0109,427.56,867.49,False,0.2499,True,False,7,0.0027,0.0876,1.33,0.0631,0.073,0.0378,6.47,Low,False,none
TRD0046393,TRD0144,CMP022,TTZR,2025-10-20 15:46:45,BUY,ETF,Cover Order,9179,434.27,3986164.33,1.0454,2.2588,1,8,1.3754,1422.3,9999.0,False,0.7629,False,False,0,0.0574,0.2356,-2.43,0.0179,0.0045,0.156,5.64,Low,False,none
TRD0026142,TRD0237,CMP014,DJHR,2025-10-05 12:10:33,SELL,Equity,Cover Order,32530,131.78,4286803.4,1.2686,-0.7193,1,20,1.011,3162.54,9999.0,False,1.6794,False,False,0,0.17,0.0194,-3.61,0.0724,0.0187,0.0279,4.43,Low,False,none
TRD0058247,TRD0313,CMP037,BUYO,2026-03-06 11:37:42,SELL,Equity,Market,25804,219.43,5662171.72,0.624,0.9796,2,13,1.3355,1763.07,742.2,False,-0.3203,False,False,0,0.0743,0.2919,-0.18,0.0549,0.1219,0.2137,12.25,Low,False,none
TRD0093441,TRD0210,CMP044,UDJH,2026-02-14 09:52:43,SELL,Options,Cover Order,270319,13.41,3624977.79,11.6574,4.9896,4,6,3.4727,9.29,651.66,True,4.1352,True,False,0,0.1766,0.8977,-0.94,0.821,0.6241,0.8263,77.04,High,True,insider_trading
TRD0016681,TRD0264,CMP025,JXOT,2025-11-24 16:40:36,SELL,Equity,Limit,4178,237.31,991481.18,1.0119,0.3166,1,4,1.8385,128.92,350.1,False,-0.3009,False,True,0,0.1584,0.0429,-3.37,0.0252,0.0056,0.074,2.84,Low,False,none
TRD0011422,TRD0441,CMP057,PNYK,2026-04-08 16:01:06,BUY,ETF,Cover Order,25108,41.51,1042233.08,0.8846,-0.9036,4,2,0.6637,449.49,1819.71,False,0.8978,False,True,7,0.0276,0.0671,1.22,0.0669,0.0903,0.0235,6.74,Low,False,none
TRD0118757,TRD0339,CMP031,NGEI,2026-03-21 11:45:37,BUY,ETF,Bracket Order,11553,430.92,4978418.76,1.4189,-0.3224,4,16,1.9884,327.63,1162.36,False,0.7004,False,False,0,0.0947,0.1295,-3.59,0.0033,0.0603,0.1354,5.28,Low,False,none
TRD0056507,TRD0145,CMP010,VTWH,2026-05-02 10:57:29,SELL,ETF,Market,9991,43.22,431811.02,1.5487,-0.8819,4,12,1.5931,9999.0,1072.31,False,-1.4276,False,False,2,0.0463,0.1415,2.26,0.0673,0.1287,0.0765,9.45,Low,False,none
TRD0081071,TRD0475,CMP010,VTWH,2026-02-28 09:11:37,BUY,Equity,Limit,886733,69.04,61220046.32,3.2274,5.0878,3,15,3.7052,404.69,8.33,False,2.8931,False,False,1,0.8376,0.8184,2.7,0.8187,0.8121,0.6464,79.08,High,True,wash_trading
TRD0033910,TRD0325,CMP031,NGEI,2025-12-29 11:53:12,SELL,Equity,Limit,58908,454.33,26763671.64,1.6843,-0.1808,1,3,1.5849,284.32,9999.0,False,-0.275,False,False,0,0.095,0.0684,-0.54,0.0561,0.0522,0.0675,5.79,Low,False,none
TRD0084464,TRD0180,CMP035,AQPF,2025-11-04 11:16:55,BUY,Equity,Market,25128,1046.85,26305246.8,1.1654,-0.7612,4,19,1.9467,307.89,9999.0,False,0.4748,False,False,0,0.0168,0.0771,-0.72,0.012,0.0461,0.0433,3.34,Low,False,none
TRD0095968,TRD0038,CMP051,NQWS,2025-11-27 08:29:56,BUY,Options,Limit,108199,67.36,7288284.64,4.952,3.1981,3,20,2.2001,15.1,9999.0,True,3.7303,True,True,1,0.3163,0.1403,0.78,0.8538,0.571,0.7686,68.48,Medium,True,front_running
TRD0046907,TRD0475,CMP002,JBDO,2025-12-01 09:40:01,BUY,ETF,Limit,3503177,82.62,289432483.74,11.8184,4.6466,1,20,3.3728,37.97,9999.0,True,2.6913,False,False,1,0.8077,0.8184,0.95,0.9199,0.8774,0.7904,87.76,Critical,True,circular_trading
TRD0027134,TRD0252,CMP002,JBDO,2026-02-18 11:47:57,BUY,ETF,Cover Order,186241,90.44,16843636.04,5.5145,4.7362,5,21,3.4895,39.72,1860.16,True,2.2698,False,False,5,0.6465,0.7888,3.75,0.5292,0.7725,0.7007,65.39,Medium,True,insider_trading
TRD0086550,TRD0252,CMP014,DJHR,2026-02-13 15:16:32,SELL,Futures,Limit,318654,107.55,34271237.7,7.3469,5.1732,4,5,2.6023,15.44,9999.0,True,2.3903,True,False,4,0.6032,0.7888,4.37,0.8333,0.6871,0.5712,74.57,High,True,layering
TRD0022347,TRD0097,CMP033,CHAM,2026-04-23 09:51:22,BUY,ETF,Bracket Order,170614,1366.67,233173035.38,4.1082,2.8275,2,5,1.8942,5.52,2301.22,True,2.3708,False,False,0,0.398,0.8788,-3.37,0.9496,0.7433,0.7541,85.13,Critical,True,spoofing
TRD0041918,TRD0281,CMP044,UDJH,2026-04-05 10:00:34,SELL,ETF,Cover Order,56299,53.51,3012559.49,1.3058,0.2579,3,21,1.1479,840.85,1190.85,False,0.6006,False,False,7,0.0762,0.1777,1.71,0.0116,0.0757,0.0287,5.0,Low,False,none
TRD0015689,TRD0462,CMP057,PNYK,2026-04-25 15:02:10,SELL,ETF,Cover Order,132837,53.25,7073570.25,4.1041,3.4253,2,3,2.4487,42.47,2226.73,True,3.1422,False,False,0,0.6451,0.5748,-0.66,0.5283,0.9552,0.7727,69.77,Medium,True,pump_and_dump
TRD0081542,TRD0490,CMP032,MXGK,2025-10-25 15:56:05,SELL,ETF,Market,2916,1142.89,3332667.24,0.7594,-2.1538,2,19,1.5636,279.98,9999.0,False,1.0986,False,False,0,0.0337,0.142,-0.3,0.1823,0.0235,0.0194,10.62,Low,False,none
TRD0039103,TRD0055,CMP008,OIUY,2025-12-19 09:51:14,BUY,Equity,Market,425228,860.15,365759864.2,11.2063,2.789,2,13,2.4175,13.15,9999.0,True,2.6521,False,False,2,1.2175,0.1176,2.87,0.378,0.8648,0.8749,57.25,Medium,True,circular_trading
TRD0072761,TRD0041,CMP011,CGLO,2025-11-06 12:52:29,SELL,Equity,Bracket Order,184672,68.33,12618637.76,9.1682,5.7982,1,1,3.1447,494.99,3.0,False,4.3812,False,False,4,0.855,0.862,1.36,0.9426,0.8311,0.7877,87.79,Critical,True,spoofing
TRD0030978,TRD0338,CMP012,INMT,2025-10-09 13:28:06,BUY,ETF,Limit,6670,181.28,1209137.6,1.1489,-0.5198,5,16,1.5128,2769.94,9999.0,False,-0.2973,False,False,5,0.1063,0.3128,4.07,0.055,0.0759,0.034,8.39,Low,False,none
TRD0038180,TRD0252,CMP007,PZVF,2026-01-27 10:44:33,SELL,Options,Bracket Order,144528,6.37,920643.36,4.4943,5.0922,5,9,3.1206,31.28,575.07,True,3.45,True,False,1,0.3995,0.7888,1.09,0.5767,0.4896,0.7969,60.48,Medium,True,insider_trading
TRD0097281,TRD0114,CMP032,MXGK,2026-02-10 11:19:44,SELL,Equity,Stop-Loss,13134,1148.31,15081903.54,1.3033,0.809,3,6,0.8399,403.06,296.99,False,-0.1569,False,False,4,0.0519,0.2473,1.47,0.165,0.0997,0.0696,13.93,Low,False,none
TRD0049320,TRD0207,CMP057,PNYK,2025-12-08 10:30:14,SELL,Options,Stop-Loss,125489,62.08,7790357.12,7.995,5.0659,2,3,3.2363,27.54,618.81,True,2.1765,True,False,2,0.2714,0.5604,1.26,0.977,0.9208,0.7948,89.12,Critical,True,insider_trading
TRD0063111,TRD0021,CMP034,SIHG,2026-02-11 08:46:08,BUY,Equity,Market,399194,326.45,130316881.3,10.7271,3.3866,2,8,1.526,8.6,1808.52,True,3.3787,False,True,6,0.8858,0.1835,0.47,0.7673,0.8443,0.7536,73.0,High,True,insider_trading
TRD0096640,TRD0252,CMP046,LUQA,2026-04-25 14:25:32,SELL,ETF,Limit,447034,157.87,70573257.58,10.4517,6.2277,1,21,3.4977,29.64,478.32,True,2.1415,False,False,2,0.6622,0.7888,3.16,0.8342,0.939,0.7053,84.18,High,True,front_running
TRD0006139,TRD0099,CMP053,SVJO,2026-06-23 14:41:18,BUY,Equity,Stop-Loss,23690,9.96,235952.4,1.677,0.5573,1,6,1.1798,9999.0,327.18,False,-0.5579,False,False,7,0.0157,0.2542,4.31,0.0234,0.0482,0.0404,5.65,Low,False,none
TRD0008761,TRD0371,CMP048,JGWJ,2026-03-29 14:49:41,BUY,Equity,Cover Order,530335,124.65,66106257.75,1.1771,0.2993,5,17,1.9809,414.84,373.92,False,-1.8945,False,False,1,0.0949,0.2768,3.69,0.156,0.0271,0.0891,11.94,Low,False,none
TRD0115837,TRD0248,CMP049,JIRH,2025-10-13 13:45:05,BUY,Equity,Market,43176,176.36,7614519.36,0.795,-0.1671,4,13,1.6293,2562.8,9999.0,False,0.1001,False,False,0,0.0567,0.4378,-2.3,0.333,0.0554,0.0535,21.83,Low,False,none
TRD0027289,TRD0041,CMP013,RXNL,2026-03-04 10:15:29,BUY,ETF,Bracket Order,178740,107.32,19182376.8,8.5176,4.6225,3,20,2.5407,13.05,1326.91,True,3.7397,False,False,1,0.4008,0.862,3.95,0.6895,0.8123,0.7754,75.65,High,True,front_running
TRD0060618,TRD0410,CMP048,JGWJ,2025-10-18 12:48:14,BUY,Equity,Limit,82651,128.93,10656193.43,0.9011,0.6164,4,18,1.2426,840.06,9999.0,False,-0.2577,False,False,1,0.1294,0.4317,0.4,0.12,0.0228,0.1093,12.04,Low,False,none
TRD0060297,TRD0041,CMP039,JDXM,2026-01-02 11:05:04,BUY,ETF,Bracket Order,75973,99.62,7568430.26,3.492,5.1004,4,22,2.4776,18.57,9999.0,True,4.7237,False,False,1,0.2921,0.862,4.71,0.8938,0.8176,0.4025,79.41,High,True,layering
TRD0096622,TRD0184,CMP052,QXXS,2026-03-04 12:36:30,BUY,Options,Stop-Loss,697633,1768.08,1233470954.64,5.8389,4.4069,5,8,2.1501,15.89,2280.4,True,3.7643,True,False,2,0.1937,0.8894,2.48,0.875,0.8957,0.6581,85.01,Critical,True,insider_trading
TRD0073154,TRD0077,CMP031,NGEI,2026-01-21 15:35:42,BUY,ETF,Limit,25123,492.99,12385387.77,0.8254,-0.3508,5,1,0.722,249.8,271.39,False,-0.9962,False,False,0,0.0026,0.4257,-2.67,0.0706,0.0678,0.0006,9.48,Low,False,none
TRD0073675,TRD0059,CMP012,INMT,2025-11-17 12:01:01,BUY,Equity,Limit,6657,202.13,1345579.41,1.1237,-1.2118,5,20,0.9679,1835.39,9999.0,False,0.7157,False,False,0,0.0816,0.4191,-0.03,0.1699,0.3627,0.0855,24.0,Low,False,none
TRD0101733,TRD0131,CMP003,NCBQ,2026-02-18 11:25:55,SELL,ETF,Limit,183913,110.32,20289282.16,1.1331,-0.0855,2,24,0.9389,912.82,74.1,False,-1.5538,False,False,4,0.0517,0.3332,3.16,0.0011,0.1658,0.0304,8.81,Low,False,none
TRD0042146,TRD0351,CMP042,EKVN,2025-10-31 11:39:04,BUY,ETF,Bracket Order,252875,227.33,57486073.75,4.1376,6.1167,1,4,1.9468,17.57,9999.0,True,3.7657,False,False,7,0.6415,0.6234,7.34,0.7407,0.8993,0.5198,74.34,High,True,insider_trading
TRD0004028,TRD0312,CMP000,SPDZ,2026-01-22 10:11:15,SELL,Futures,Cover Order,227818,467.2,106436569.6,3.9135,4.181,2,9,1.8828,37.07,9999.0,True,4.0374,True,False,3,0.4737,0.7761,2.94,0.8905,0.8953,0.7284,85.62,Critical,True,insider_trading
TRD0064149,TRD0222,CMP054,SCIM,2026-06-12 07:26:58,BUY,Futures,Bracket Order,134487,168.16,22615333.92,8.0556,5.6592,4,7,1.5246,36.5,405.73,True,3.7391,True,True,0,0.1225,0.7021,-1.54,0.7493,0.5387,0.5587,65.28,Medium,True,layering
TRD0095983,TRD0390,CMP043,QBPR,2026-04-07 09:29:40,SELL,ETF,Bracket Order,5299,418.5,2217631.5,0.5103,0.5443,4,21,1.5884,926.58,1649.6,False,0.2916,False,False,1,0.0439,0.6803,2.45,0.1317,0.2047,0.0683,19.9,Low,False,none
TRD0090583,TRD0045,CMP022,TTZR,2026-03-06 13:59:00,BUY,Futures,Market,60068,418.46,25136055.28,4.8494,4.3055,2,22,2.0194,1676.14,4.53,False,2.798,True,False,4,0.4984,0.788,1.0,0.9712,0.9299,0.7293,90.42,Critical,True,insider_trading
TRD0055242,TRD0414,CMP027,BNLN,2026-06-15 14:23:36,BUY,Equity,Market,11066,240.89,2665688.74,11.4236,6.7713,1,6,1.745,1.72,4032.31,True,4.9422,False,False,1,0.8002,0.8918,2.44,0.7734,0.57,0.4144,67.04,Medium,True,insider_trading
TRD0112896,TRD0184,CMP014,DJHR,2026-04-15 09:21:21,SELL,Equity,Stop-Loss,1272702,100.66,128110183.32,8.4976,6.3183,1,6,3.3519,40.99,1442.64,True,4.6597,False,False,4,0.6069,0.8894,6.07,0.9523,0.907,0.6458,88.64,Critical,True,spoofing
TRD0091693,TRD0363,CMP015,WXZK,2026-03-14 18:09:49,SELL,Equity,Market,8111,598.69,4855974.59,1.3419,-0.9746,5,16,1.9656,1130.61,370.88,False,-0.8791,False,True,1,0.1888,0.0525,4.6,0.1619,0.3084,0.1007,18.57,Low,False,none
TRD0066641,TRD0089,CMP037,BUYO,2026-02-03 12:09:14,SELL,Options,Limit,509380,231.15,117743187.0,8.7559,5.249,2,7,3.1386,1.28,9999.0,True,2.8169,True,False,1,0.707,0.2879,1.24,0.9639,0.7144,0.8389,80.27,High,True,pump_and_dump
TRD0033515,TRD0369,CMP044,UDJH,2026-05-29 08:13:46,SELL,Equity,Stop-Loss,307786,75.58,23262465.88,11.9923,6.9152,4,2,2.3896,36.65,453.37,True,3.7458,False,True,2,0.6092,0.5509,5.37,0.9527,0.9426,0.8781,89.83,Critical,True,front_running
TRD0021830,TRD0358,CMP035,AQPF,2026-01-04 10:04:28,BUY,Equity,Limit,37323,1089.6,40667140.8,0.9315,-1.6077,4,15,1.6363,2552.12,286.09,False,-0.5055,False,False,1,0.1013,0.5422,7.69,0.1178,0.0775,0.0851,14.32,Low,False,none
TRD0047928,TRD0074,CMP048,JGWJ,2026-01-13 14:50:15,BUY,ETF,Cover Order,31121,132.26,4116063.46,1.0685,0.9075,1,16,0.9427,334.14,1249.97,False,0.1364,False,False,2,0.0338,0.4082,6.09,0.1333,0.175,0.0596,16.22,Low,False,none
TRD0064282,TRD0372,CMP040,PWVJ,2026-01-27 11:46:24,BUY,Futures,Cover Order,143304,35.32,5061497.28,4.7456,5.1689,3,17,3.6587,34.26,9999.0,True,3.6519,True,False,4,0.471,0.5577,0.33,0.9153,0.8944,0.8127,85.79,Critical,True,pump_and_dump
TRD0071987,TRD0259,CMP014,DJHR,2026-04-27 18:10:00,BUY,Options,Market,364338,101.35,36925656.3,6.1848,4.3242,4,16,3.2081,14.2,255.82,True,3.3302,True,True,2,0.7286,0.1922,5.36,0.8168,0.5783,0.6795,66.22,Medium,True,insider_trading
TRD0012291,TRD0431,CMP006,XBFQ,2026-03-13 13:52:17,BUY,Equity,Limit,26623,43.15,1148782.45,1.329,-0.5109,5,16,1.7706,176.45,601.25,False,0.6257,False,False,0,0.0153,0.1533,-3.93,0.0355,0.0029,0.1095,4.86,Low,False,none
TRD0052203,TRD0250,CMP013,RXNL,2025-11-11 09:19:08,BUY,Equity,Market,22158,89.71,1987794.18,0.5549,-0.9416,3,22,0.8162,34.31,9999.0,True,-1.1004,False,False,6,0.0917,0.1792,8.97,0.2223,0.0992,0.1732,17.37,Low,False,none
TRD0050915,TRD0195,CMP039,JDXM,2025-12-09 09:23:46,BUY,ETF,Cover Order,87457,64.4,5632230.8,0.6442,0.6502,4,11,0.7219,596.26,9999.0,False,-1.7237,False,False,0,0.0372,0.1846,-1.52,0.15,0.0828,0.0153,11.31,Low,False,none
TRD0046718,TRD0378,CMP025,JXOT,2025-11-12 09:37:19,SELL,Equity,Stop-Loss,5387,254.45,1370722.15,0.7005,-0.2472,3,22,0.8261,423.97,55.04,False,-0.1216,False,False,1,0.054,0.1776,0.13,0.0842,0.0171,0.0721,7.16,Low,False,none
TRD0050008,TRD0146,CMP037,BUYO,2026-05-18 13:35:02,SELL,ETF,Cover Order,278038,201.61,56055241.18,3.8998,3.0246,4,9,3.5198,9.12,2496.15,True,4.1357,False,False,5,0.2615,0.2545,3.52,0.8506,0.848,0.5404,74.37,High,True,layering
TRD0118279,TRD0390,CMP027,BNLN,2025-10-22 10:53:17,BUY,ETF,Market,6302,262.68,1655409.36,0.7285,0.7619,2,15,1.039,401.32,9999.0,False,0.5717,False,False,0,0.1111,0.6803,-5.36,0.1024,0.0547,0.1236,14.91,Low,False,none
TRD0079308,TRD0463,CMP004,KQZJ,2025-11-03 13:52:30,SELL,Equity,Stop-Loss,8984,141.21,1268630.64,0.9963,-2.1451,1,2,1.4392,417.92,9999.0,False,-0.6999,False,False,3,0.0388,0.3469,2.94,0.2609,0.1192,0.0014,18.81,Low,False,none
TRD0041760,TRD0265,CMP035,AQPF,2025-12-05 10:37:08,BUY,Equity,Market,116512,1027.58,119725400.96,1.3022,-2.2808,5,8,0.5639,140.37,435.45,False,2.0313,False,False,0,0.0117,0.3017,-7.49,0.0799,0.1238,0.0656,11.31,Low,False,none
TRD0081290,TRD0374,CMP023,OTXX,2026-05-14 13:07:54,BUY,Equity,Limit,12740,3184.82,40574606.8,1.1945,0.6867,5,7,0.551,9999.0,329.96,False,1.0528,False,False,4,0.0802,0.2015,2.21,0.0425,0.0298,0.0328,5.31,Low,False,none
TRD0041074,TRD0198,CMP027,BNLN,2026-06-18 15:57:38,BUY,ETF,Market,864409,279.86,241913502.74,11.0693,6.6299,1,13,3.3639,12.2,71.85,True,4.1235,False,False,5,0.0251,0.0175,6.82,0.5483,0.7595,0.672,57.71,Medium,True,wash_trading
TRD0000294,TRD0222,CMP042,EKVN,2026-05-01 09:13:36,SELL,Futures,Limit,82672,207.86,17184201.92,6.0535,6.6636,4,4,2.9268,22.99,1500.77,True,2.835,True,False,2,0.3041,0.7021,5.59,0.5981,0.5503,0.7635,61.9,Medium,True,wash_trading
TRD0040049,TRD0219,CMP021,TXFE,2025-12-21 16:11:13,SELL,ETF,Bracket Order,15879,54.7,868581.3,0.7279,0.066,5,5,1.724,289.6,541.47,False,-1.6341,False,True,6,0.0419,0.2175,3.59,0.0684,0.2406,0.004,12.53,Low,False,none
TRD0096972,TRD0240,CMP041,LXML,2026-02-01 11:35:57,SELL,ETF,Bracket Order,46272,496.81,22988392.32,3.1084,5.9444,1,15,2.5773,38.9,598.48,True,4.3297,False,False,4,0.8263,0.6469,4.63,0.7249,0.9115,0.734,77.44,High,True,layering
TRD0003113,TRD0120,CMP022,TTZR,2026-01-06 09:18:30,SELL,ETF,Bracket Order,8473,433.95,3676858.35,1.0845,0.4248,5,4,0.8245,953.99,443.22,False,-0.0817,False,False,2,0.0812,0.0233,1.23,0.036,0.1382,0.0555,6.83,Low,False,none
TRD0045936,TRD0497,CMP049,JIRH,2026-01-02 15:34:42,SELL,Equity,Stop-Loss,49312,177.94,8774577.28,0.8817,-0.7885,4,10,1.4991,616.97,9999.0,False,-0.2147,False,False,0,0.0436,0.4946,-0.63,0.12,0.0022,0.079,11.6,Low,False,none
TRD0048185,TRD0042,CMP049,JIRH,2026-01-26 14:49:22,BUY,Futures,Bracket Order,734729,157.94,116043098.26,6.2803,5.896,3,17,3.05,41.73,9999.0,True,2.229,True,False,4,0.274,0.4561,5.05,0.894,0.6841,0.856,78.15,High,True,wash_trading
TRD0059817,TRD0336,CMP054,SCIM,2026-05-25 11:14:26,BUY,ETF,Bracket Order,238305,137.89,32859876.45,7.19,3.1625,3,21,2.0521,22.48,4937.45,True,4.5903,False,False,2,0.5589,0.7178,7.53,0.8469,0.8956,0.8634,85.11,Critical,True,insider_trading
TRD0017513,TRD0204,CMP049,JIRH,2025-10-18 13:08:17,SELL,ETF,Cover Order,19025,219.0,4166475.0,0.9054,-1.0353,2,6,1.1693,2443.41,9999.0,False,0.36,False,False,7,0.0596,0.2099,0.74,0.2038,0.1236,0.1891,17.81,Low,False,none
TRD0114323,TRD0359,CMP057,PNYK,2026-06-12 11:01:33,SELL,ETF,Cover Order,52985,104.43,5533223.55,9.1673,6.5431,4,14,2.7467,40.6,1105.52,True,2.0483,False,False,2,0.6763,0.3502,8.08,0.9437,0.9364,0.7303,85.02,Critical,True,insider_trading
TRD0083756,TRD0038,CMP003,NCBQ,2025-12-06 11:25:57,SELL,ETF,Bracket Order,12814,93.68,1200415.52,0.6605,-1.0485,4,1,0.5711,1589.12,9999.0,False,-1.8791,False,False,0,0.0023,0.1403,-1.63,0.0438,0.0771,0.0413,6.31,Low,False,none
TRD0103053,TRD0000,CMP035,AQPF,2026-01-10 09:21:44,SELL,ETF,Limit,32544,1045.49,34024426.56,0.9465,1.3458,4,16,1.5477,2408.83,429.38,False,-0.1652,False,False,0,0.0092,0.0681,-2.3,0.1589,0.0649,0.3475,14.99,Low,False,none
TRD0001788,TRD0185,CMP049,JIRH,2026-06-16 11:04:49,SELL,ETF,Cover Order,10769,155.73,1677056.37,0.9748,-0.5022,4,17,1.0914,9999.0,3338.53,False,2.3726,False,False,7,0.0796,0.1985,1.67,0.0617,0.1024,0.0062,7.93,Low,False,none
TRD0061884,TRD0252,CMP031,NGEI,2026-02-01 14:58:46,BUY,Equity,Bracket Order,348954,464.98,162256630.92,8.7602,5.8559,3,4,3.0548,1476.41,13.58,False,2.4843,False,False,2,0.593,0.7888,0.73,0.987,0.8353,0.7649,88.84,Critical,True,front_running
TRD0090110,TRD0132,CMP000,SPDZ,2026-02-04 15:10:13,BUY,ETF,Market,29850,449.11,13405933.5,1.0681,1.1595,5,9,1.7057,625.91,237.21,False,0.9725,False,False,0,0.0577,0.0439,-1.26,0.0501,0.0869,0.0152,5.53,Low,False,none
TRD0014518,TRD0455,CMP020,IARJ,2026-05-02 11:25:42,SELL,Equity,Stop-Loss,48751,1081.39,52718843.89,0.7886,0.2971,4,13,1.6857,9999.0,258.35,False,-0.0398,False,False,4,0.0058,0.2517,4.07,0.0104,0.059,0.0085,4.88,Low,False,none
TRD0008384,TRD0460,CMP020,IARJ,2026-02-27 11:47:11,SELL,Equity,Stop-Loss,205764,1082.96,222834181.44,1.4603,-0.4536,3,5,1.7872,1.12,810.61,True,-0.8528,False,False,0,0.0447,0.1403,-1.04,0.0288,0.0102,0.0185,3.28,Low,False,none
TRD0047900,TRD0138,CMP024,GGME,2026-05-06 15:44:34,SELL,ETF,Bracket Order,11028,58.38,643814.64,1.4621,-0.8948,1,3,1.0647,9999.0,973.6,False,-0.4418,False,False,0,0.0997,0.1919,-3.04,0.054,0.1576,0.0572,9.93,Low,False,none
TRD0107029,TRD0384,CMP018,YGCX,2026-02-25 11:47:51,BUY,Equity,Cover Order,9429,741.08,6987643.32,0.8727,-0.783,2,18,1.86,102.97,1032.73,False,-1.4178,False,False,0,0.0044,0.1359,-1.22,0.1732,0.0303,0.008,10.18,Low,False,none
TRD0105011,TRD0248,CMP002,JBDO,2026-02-19 14:45:36,BUY,Options,Limit,407915,129.37,52771963.55,5.8326,6.1987,4,3,3.4765,12.76,1887.12,True,3.4581,True,False,0,0.2959,0.4378,-0.77,0.7434,0.928,0.5189,73.45,High,True,insider_trading
TRD0031832,TRD0286,CMP033,CHAM,2025-12-12 15:12:12,BUY,ETF,Bracket Order,6577,1364.41,8973724.57,0.9833,-1.2343,1,9,0.7705,59.76,160.75,False,-0.258,False,False,0,0.0097,0.0501,-4.55,0.0313,0.1486,0.026,6.76,Low,False,none
TRD0058071,TRD0078,CMP030,FHSA,2026-03-30 10:51:27,BUY,Equity,Stop-Loss,5073,119.17,604549.41,0.7249,-0.8535,4,15,1.8195,1954.2,2203.82,False,1.6025,False,False,4,0.128,0.1883,2.88,0.0759,0.0302,0.0332,6.7,Low,False,none
TRD0117084,TRD0474,CMP058,JGPO,2026-03-31 14:45:36,BUY,Equity,Limit,6503,344.92,2243014.76,0.8567,0.1101,3,2,1.5103,112.74,106.87,False,0.6918,False,False,4,0.0948,0.4314,1.35,0.0355,0.2409,0.0314,13.61,Low,False,none
TRD0109721,TRD0384,CMP005,QSGC,2026-06-28 12:00:51,BUY,ETF,Market,5475,122.22,669154.5,0.6013,0.6946,4,7,0.5405,9999.0,245.8,False,0.3253,False,False,6,0.0592,0.1359,1.04,0.0675,0.0263,0.0745,6.3,Low,False,none
TRD0110021,TRD0394,CMP057,PNYK,2026-03-15 15:40:06,BUY,Equity,Stop-Loss,778,71.27,55448.06,0.5804,-1.3725,2,17,1.6947,1025.84,1243.36,False,2.1358,False,False,0,0.0477,0.1538,-2.39,0.0539,0.1719,0.0552,9.95,Low,False,none
TRD0074739,TRD0431,CMP031,NGEI,2026-02-16 13:31:38,SELL,Equity,Cover Order,16737,431.87,7228208.19,1.0151,-0.6717,3,22,0.5761,1117.86,372.13,False,-0.4666,False,False,0,0.0849,0.1533,-0.43,0.0196,0.0133,0.007,2.92,Low,False,none
TRD0101649,TRD0102,CMP007,PZVF,2026-04-22 13:02:53,SELL,Equity,Stop-Loss,17907,55.3,990257.1,1.2458,-0.6708,1,14,1.3256,9999.0,932.58,False,-0.6541,False,False,0,0.0005,0.1147,-0.7,0.0829,0.0387,0.0212,6.36,Low,False,none
TRD0005823,TRD0140,CMP006,XBFQ,2025-12-20 14:46:07,BUY,Equity,Stop-Loss,23568,75.17,1771606.56,0.8529,1.3544,1,3,1.4588,1389.86,9999.0,False,-1.2441,False,False,2,0.0648,0.0156,4.43,0.284,0.0008,0.1134,14.66,Low,False,none
TRD0078169,TRD0336,CMP036,UCCA,2025-11-12 12:12:25,SELL,Equity,Market,340468,129.94,44240411.92,10.5853,2.5527,4,6,1.661,48.51,9999.0,False,2.8324,False,False,5,0.8134,0.7178,2.46,0.9831,0.937,0.6144,88.74,Critical,True,front_running
TRD0065624,TRD0045,CMP022,TTZR,2025-12-17 17:38:47,BUY,Options,Stop-Loss,33479,445.29,14907863.91,3.3155,6.6517,1,12,3.9474,28.44,9999.0,True,3.8633,True,True,6,0.7224,0.788,4.72,0.9494,0.965,0.4271,85.96,Critical,True,circular_trading
TRD0032613,TRD0053,CMP053,SVJO,2026-01-10 10:30:54,BUY,ETF,Stop-Loss,5577,50.32,280634.64,0.8331,0.8268,5,18,1.3202,122.95,9999.0,False,0.1649,False,False,1,0.0264,0.2471,0.48,0.0284,0.0451,0.0033,5.15,Low,False,none
TRD0053763,TRD0413,CMP055,NKNY,2025-12-03 15:00:25,SELL,ETF,Cover Order,82112,1119.02,91884970.24,1.525,0.3613,1,2,1.8613,565.68,9999.0,False,0.5703,False,False,3,0.0034,0.1505,1.14,0.0921,0.0689,0.0742,8.83,Low,False,none
TRD0064520,TRD0103,CMP005,QSGC,2025-12-28 10:25:54,BUY,Equity,Limit,38741,106.81,4137926.21,0.6572,-1.5147,1,19,1.5127,27.7,9999.0,True,0.1764,False,False,1,0.0139,0.221,0.65,0.0229,0.021,0.0197,4.17,Low,False,none
TRD0100386,TRD0056,CMP006,XBFQ,2025-11-29 14:32:33,BUY,ETF,Limit,1458,51.26,74737.08,1.0554,0.5631,4,13,0.5262,1894.08,9999.0,False,-0.6773,False,False,7,0.1079,0.4084,4.48,0.1262,0.0108,0.0731,11.18,Low,False,none
TRD0031144,TRD0045,CMP027,BNLN,2026-06-18 14:02:27,BUY,ETF,Cover Order,116100,229.85,26685585.0,9.5129,6.5956,2,18,2.1028,14.12,69.93,True,4.4663,False,False,6,0.7762,0.788,4.7,0.8404,0.8583,0.6435,81.1,High,True,insider_trading
TRD0064159,TRD0358,CMP015,WXZK,2026-05-14 09:48:50,BUY,ETF,Limit,49289,567.72,27982351.08,1.4092,-0.7512,2,3,1.6255,764.47,325.04,False,-0.1875,False,False,1,0.0511,0.5422,3.43,0.105,0.0833,0.1292,14.58,Low,False,none
TRD0031300,TRD0369,CMP051,NQWS,2026-02-24 09:04:44,SELL,Options,Limit,40255,53.79,2165316.45,1.8114,-0.8638,3,6,1.4033,1640.17,538.64,False,-0.1502,True,False,0,0.031,0.5509,-4.4,0.095,0.0743,0.0652,12.99,Low,False,none
TRD0033717,TRD0122,CMP046,LUQA,2025-10-15 13:27:05,BUY,ETF,Bracket Order,58200,194.95,11346090.0,0.96,-0.7716,4,7,0.7536,1974.69,9999.0,False,-0.5804,False,False,4,0.0655,0.112,1.94,0.0408,0.0199,0.1707,6.11,Low,False,none
TRD0089709,TRD0390,CMP032,MXGK,2026-05-18 12:00:58,BUY,ETF,Limit,91708,1177.68,108002677.44,8.9146,5.7621,3,16,3.101,43.94,1925.63,True,3.5572,False,False,3,0.7861,0.6803,7.16,0.942,0.9306,0.5612,85.53,Critical,True,insider_trading
TRD0003993,TRD0001,CMP059,RFEI,2026-04-07 13:47:57,SELL,ETF,Bracket Order,5231,70.12,366797.72,0.7919,-0.7851,4,15,0.9431,1585.41,429.34,False,0.0356,False,False,2,0.0486,0.1914,2.3,0.2119,0.0645,0.0075,13.5,Low,False,none
TRD0076689,TRD0391,CMP039,JDXM,2025-10-19 14:30:49,BUY,ETF,Limit,20552,87.72,1802821.44,0.9397,0.4543,5,14,1.9989,1815.14,9999.0,False,0.3785,False,False,0,0.0204,0.2387,-5.9,0.0549,0.0006,0.0063,4.97,Low,False,none
TRD0091945,TRD0017,CMP056,ASGU,2025-10-24 12:30:58,BUY,Equity,Stop-Loss,228621,779.93,178308376.53,1.0376,0.8084,1,23,1.2211,548.73,9999.0,False,0.0302,False,False,4,0.0061,0.2219,6.38,0.0463,0.0688,0.1222,8.2,Low,False,none
TRD0037070,TRD0449,CMP051,NQWS,2026-05-09 11:05:32,BUY,ETF,Cover Order,155548,5.89,916177.72,10.4722,3.8138,2,6,3.5323,6.17,76.62,True,3.5303,False,False,0,0.5227,0.1964,-0.04,0.7296,0.7258,0.3111,61.24,Medium,True,insider_trading
TRD0058292,TRD0480,CMP003,NCBQ,2025-10-04 12:47:51,BUY,Equity,Bracket Order,47214,126.25,5960767.5,1.9571,-0.7682,2,15,0.9302,3099.76,9999.0,False,-0.0714,False,False,0,0.0871,0.1302,-8.14,0.0237,0.1516,0.0111,7.08,Low,False,none
TRD0040640,TRD0063,CMP054,SCIM,2026-06-13 08:55:42,BUY,Equity,Stop-Loss,124643,156.86,19551500.98,3.81,5.8285,1,6,1.969,11.02,431.21,True,2.8236,False,True,5,0.4991,0.6313,4.92,0.6832,0.5845,0.6525,64.38,Medium,True,spoofing
TRD0067360,TRD0362,CMP042,EKVN,2026-01-06 13:03:59,BUY,ETF,Bracket Order,38233,227.11,8683096.63,1.2225,-0.2089,4,18,1.3761,604.63,167.91,False,0.6854,False,False,0,0.1415,0.1275,-1.25,0.2947,0.1108,0.0485,18.59,Low,False,none
TRD0038044,TRD0114,CMP027,BNLN,2026-02-11 11:13:04,BUY,ETF,Bracket Order,11113,252.9,2810477.7,1.0377,0.5868,3,11,0.5519,2980.89,1053.14,False,0.5146,False,False,3,0.0472,0.2473,2.43,0.0907,0.4008,0.0027,18.62,Low,False,none
TRD0023202,TRD0042,CMP045,BPXM,2026-01-29 14:03:59,SELL,Futures,Bracket Order,1061627,237.73,252380586.71,10.2658,4.8426,2,1,3.6777,33.35,9999.0,True,3.9923,True,False,3,0.3759,0.4561,2.76,0.7995,0.575,0.8715,70.86,High,True,pump_and_dump
TRD0104025,TRD0412,CMP014,DJHR,2026-04-26 10:08:19,BUY,Options,Cover Order,360603,165.94,59838461.82,6.3548,5.6667,1,21,2.642,46.22,223.79,True,4.0637,True,False,7,0.307,0.5609,0.79,0.7908,0.9184,0.659,78.63,High,True,insider_trading
TRD0104410,TRD0090,CMP016,FWEI,2025-12-14 16:49:30,SELL,ETF,Limit,48085,851.05,40922739.25,9.8532,2.5592,3,4,2.9339,40.49,627.75,True,3.1194,False,True,1,0.6266,0.6416,2.84,0.938,0.8829,0.6982,85.59,Critical,True,spoofing
TRD0065286,TRD0252,CMP059,RFEI,2026-06-11 13:36:24,BUY,ETF,Limit,240128,71.64,17202769.92,6.6994,2.8847,3,14,2.6818,25.61,1989.14,True,3.0286,False,False,4,0.3801,0.7888,5.62,0.8745,0.9618,0.7374,87.16,Critical,True,circular_trading
TRD0082181,TRD0196,CMP038,UXVA,2026-04-26 12:46:38,SELL,Equity,Limit,6116,662.03,4048975.48,0.5759,-0.0228,1,24,0.6263,286.52,1538.33,False,-0.0447,False,False,0,0.0361,0.4032,-0.13,0.0071,0.0353,0.0157,5.65,Low,False,none
TRD0060325,TRD0090,CMP036,UCCA,2025-12-06 18:32:01,BUY,ETF,Cover Order,61246,131.2,8035475.2,8.9683,3.4421,5,23,2.7934,902.56,13.41,False,4.6735,False,True,4,0.3783,0.6416,4.2,0.781,0.8239,0.585,75.05,High,True,insider_trading
TRD0046437,TRD0151,CMP010,VTWH,2026-05-20 09:29:37,BUY,ETF,Cover Order,150950,91.08,13748526.0,1.1119,0.1025,3,23,1.2099,9999.0,1502.85,False,1.0802,False,False,0,0.0683,0.0345,-4.41,0.1504,0.1494,0.0035,11.65,Low,False,none
TRD0106103,TRD0377,CMP050,MCCS,2026-06-18 15:22:15,BUY,Equity,Cover Order,22002,96.45,2122092.9,3.8701,5.1478,5,5,3.689,11.03,1264.96,True,2.4433,False,False,7,0.7412,0.1981,5.49,0.8224,0.657,0.5845,67.47,Medium,True,insider_trading
TRD0068414,TRD0034,CMP046,LUQA,2026-01-24 13:33:10,BUY,ETF,Bracket Order,6710,146.38,982209.8,0.9342,-1.32,5,13,0.9102,164.96,449.41,False,0.4262,False,False,3,0.1001,0.0662,2.51,0.0336,0.0589,0.123,5.79,Low,False,none
TRD0099183,TRD0090,CMP034,SIHG,2026-01-14 10:45:31,BUY,Equity,Cover Order,4387,307.82,1350406.34,0.7568,-2.0488,5,10,1.3521,678.61,1138.51,False,1.488,False,False,0,0.0471,0.6416,-5.65,0.0263,0.1252,0.0189,11.64,Low,False,none
TRD0024323,TRD0236,CMP038,UXVA,2026-05-09 09:03:20,SELL,ETF,Stop-Loss,13563,690.41,9364030.83,0.8178,-0.4794,5,13,1.4772,399.15,21.76,False,-0.6518,False,False,0,0.0287,0.671,-2.99,0.0151,0.4513,0.0682,21.95,Low,False,none
TRD0058493,TRD0439,CMP023,OTXX,2025-11-22 12:50:41,SELL,Futures,Stop-Loss,338871,3199.1,1084082216.1,6.2808,6.9927,1,19,2.4601,17.25,9999.0,True,4.3536,True,False,0,0.1393,0.0721,-0.53,0.8534,0.8311,0.7196,74.85,High,True,wash_trading
TRD0056898,TRD0412,CMP018,YGCX,2026-05-09 14:54:01,BUY,Options,Stop-Loss,599427,765.55,458891339.85,11.7354,6.222,2,22,2.2798,962.62,11.88,False,2.364,True,False,3,0.1404,0.5609,8.29,0.7637,0.5097,0.6262,64.66,Medium,True,insider_trading
TRD0113738,TRD0243,CMP049,JIRH,2025-10-11 10:36:15,SELL,Equity,Stop-Loss,24121,156.11,3765529.31,1.1842,0.1123,4,7,0.6383,2613.95,9999.0,False,-0.0715,False,False,0,0.0109,0.2698,-1.37,0.0801,0.2503,0.0113,13.98,Low,False,none
TRD0007236,TRD0178,CMP001,LMTI,2026-01-22 10:28:51,SELL,ETF,Cover Order,65948,371.44,24495725.12,1.2746,-0.2932,5,3,0.9747,905.21,718.02,False,-0.1068,False,False,6,0.0919,0.1375,0.28,0.1368,0.0169,0.005,8.11,Low,False,none
TRD0025452,TRD0259,CMP057,PNYK,2026-05-04 13:49:45,SELL,ETF,Cover Order,41173,91.79,3779269.67,1.0179,0.6816,1,15,1.391,973.8,172.32,False,-0.8187,False,False,0,0.0035,0.1922,-2.15,0.0312,0.1525,0.0044,7.97,Low,False,none
TRD0052687,TRD0252,CMP012,INMT,2026-06-27 10:29:58,SELL,ETF,Stop-Loss,28022,208.74,5849312.28,0.6331,-0.9708,1,13,1.7707,9999.0,772.25,False,-0.6224,False,False,0,0.0834,0.7888,-0.32,0.1052,0.2269,0.0546,20.25,Low,False,none
TRD0065229,TRD0234,CMP003,NCBQ,2026-03-27 12:39:17,BUY,ETF,Bracket Order,209694,100.66,21107798.04,3.0758,4.5517,2,7,1.768,23.59,963.32,True,2.1444,False,False,0,0.7143,0.137,-0.84,0.8422,0.8499,0.5836,73.52,High,True,spoofing
TRD0008739,TRD0452,CMP006,XBFQ,2025-10-23 10:42:51,SELL,ETF,Limit,24640,89.57,2207004.8,1.0203,-0.0993,2,5,1.3851,2785.91,9999.0,False,0.5712,False,False,0,0.0948,0.0701,-1.85,0.0379,0.005,0.045,3.23,Low,False,none
TRD0085111,TRD0412,CMP057,PNYK,2025-12-09 10:29:46,SELL,Options,Limit,363610,18.25,6635882.5,6.9223,4.1755,5,6,1.9484,3.55,642.8,True,2.6277,True,False,2,0.6768,0.5609,4.11,0.6816,0.6944,0.8193,69.4,Medium,True,insider_trading
TRD0035783,TRD0018,CMP047,VBOF,2025-10-06 14:36:09,SELL,ETF,Market,8789,277.76,2441232.64,0.8264,0.1028,2,8,0.9637,654.97,9999.0,False,-0.5954,False,False,3,0.0394,0.0315,1.6,0.0586,0.0093,0.0925,4.62,Low,False,none
TRD0049487,TRD0097,CMP020,IARJ,2026-03-04 11:39:43,SELL,ETF,Stop-Loss,231846,1106.81,256609471.26,5.1724,6.7555,4,1,1.5294,370.35,13.98,False,2.5791,False,False,6,0.1259,0.8788,7.32,0.9752,0.8533,0.6572,88.13,Critical,True,insider_trading
TRD0080315,TRD0184,CMP050,MCCS,2026-03-09 12:38:31,BUY,Equity,Limit,1042737,79.52,82918446.24,6.1908,5.7608,2,8,1.6018,246.86,14.81,False,4.1673,False,False,1,0.4008,0.8894,5.58,0.8958,0.593,0.7226,77.83,High,True,front_running
TRD0073678,TRD0103,CMP048,JGWJ,2026-02-15 09:20:54,BUY,Equity,Cover Order,106620,101.6,10832592.0,1.4913,-0.7754,1,1,0.5444,639.56,452.37,False,-0.5747,False,False,7,0.0539,0.221,4.35,0.0819,0.09,0.028,9.02,Low,False,none
TRD0071665,TRD0359,CMP058,JGPO,2026-02-08 15:53:31,BUY,ETF,Limit,27131,336.26,9123070.06,4.3648,4.518,3,8,2.0356,5.76,999.9,True,3.3168,False,False,6,0.2709,0.3502,3.79,0.8004,0.6272,0.6972,68.79,Medium,True,insider_trading
TRD0044754,TRD0412,CMP013,RXNL,2026-01-06 11:55:04,BUY,Equity,Limit,471525,105.33,49665728.25,7.6472,5.4946,4,10,2.5566,39.43,1312.29,True,2.5973,False,False,4,0.7221,0.5609,4.99,0.5946,0.9394,0.5068,68.15,Medium,True,insider_trading
TRD0013847,TRD0462,CMP017,FNLM,2026-05-08 10:17:50,BUY,Futures,Limit,254641,623.26,158707549.66,8.7623,5.0378,2,21,2.6295,22.3,576.48,True,3.7767,True,False,6,0.079,0.5748,7.61,0.7664,0.8859,0.7708,78.38,High,True,spoofing
TRD0071637,TRD0045,CMP012,INMT,2026-04-04 16:38:37,SELL,Equity,Cover Order,125820,191.38,24079431.6,10.6323,2.5596,2,19,3.7215,15.88,1481.23,True,4.4594,False,True,3,0.6346,0.788,4.57,0.964,0.768,0.7268,85.2,Critical,True,front_running
TRD0002701,TRD0209,CMP033,CHAM,2026-01-15 09:05:50,SELL,Equity,Bracket Order,225914,1350.5,305096857.0,10.2599,6.5275,1,6,3.4474,51.54,585.74,False,3.8211,False,False,3,0.4767,0.2285,2.84,0.706,0.713,0.7616,66.87,Medium,True,insider_trading
TRD0092032,TRD0119,CMP001,LMTI,2026-02-28 15:52:09,BUY,Options,Bracket Order,147231,381.0,56095011.0,10.8913,6.4218,5,16,2.1411,11.82,1611.41,True,3.8512,True,False,4,0.4097,0.1704,4.2,0.7902,0.9484,0.9286,79.64,High,True,insider_trading
TRD0044892,TRD0279,CMP015,WXZK,2026-01-09 09:03:04,SELL,ETF,Market,3988,604.75,2411743.0,1.1153,-0.466,1,18,0.9493,660.59,1109.86,False,1.3658,False,False,5,0.0326,0.0783,1.67,0.0049,0.0485,0.0004,2.46,Low,False,none
TRD0049976,TRD0490,CMP052,QXXS,2026-01-16 11:50:34,SELL,ETF,Bracket Order,3229,1764.2,5696601.8,0.8196,0.415,2,9,0.7599,1144.66,1151.63,False,0.297,False,False,3,0.0397,0.142,1.29,0.0948,0.0535,0.0037,7.35,Low,False,none
TRD0024079,TRD0385,CMP045,BPXM,2026-05-31 18:36:53,SELL,Options,Limit,66392,212.99,14140832.08,5.3598,4.0604,1,21,2.2644,8.61,953.27,True,2.1703,True,True,1,0.8909,0.69,6.49,0.9238,0.8888,0.5852,83.91,High,True,insider_trading
TRD0079054,TRD0184,CMP056,ASGU,2026-03-13 17:03:25,BUY,Equity,Limit,934536,740.77,692276232.72,5.8308,3.6276,4,2,3.4812,13.75,2815.81,True,2.7663,False,True,6,0.3507,0.8894,1.64,0.9543,0.8915,0.4958,86.02,Critical,True,pump_and_dump
TRD0081049,TRD0255,CMP052,QXXS,2026-06-09 14:33:29,BUY,ETF,Cover Order,258559,1808.34,467562582.06,8.4499,5.0376,1,1,2.5477,46.32,1342.25,True,2.5482,False,False,6,0.454,0.8046,7.75,0.8555,0.9398,0.7665,86.24,Critical,True,front_running
TRD0021947,TRD0334,CMP039,JDXM,2026-01-10 13:38:24,BUY,Equity,Stop-Loss,23730,99.06,2350693.8,1.3233,0.3024,3,11,0.5411,1249.73,175.98,False,-0.0407,False,False,0,0.0311,0.1983,-2.87,0.0025,0.0024,0.0377,2.73,Low,False,none
TRD0030940,TRD0279,CMP004,KQZJ,2025-10-16 11:26:32,SELL,ETF,Limit,2024,115.39,233549.36,0.6789,0.3465,3,22,0.9726,852.35,9999.0,False,0.1166,False,False,0,0.0736,0.0783,-1.14,0.1255,0.0292,0.0376,7.87,Low,False,none
TRD0078102,TRD0090,CMP024,GGME,2026-03-26 09:16:15,BUY,Options,Market,44460,76.45,3398967.0,8.7648,6.3791,4,11,3.4404,16.88,1354.14,True,2.5987,True,False,6,0.7758,0.6416,3.37,0.8336,0.9596,0.8474,85.43,Critical,True,spoofing
TRD0050487,TRD0385,CMP034,SIHG,2026-02-23 12:45:54,BUY,Options,Stop-Loss,155164,316.08,49044237.12,11.6625,6.5177,3,5,2.291,13.82,283.4,True,2.4494,True,False,4,0.004,0.69,7.29,0.9439,0.9104,0.8738,89.79,Critical,True,insider_trading
TRD0050236,TRD0326,CMP033,CHAM,2026-01-11 14:05:38,SELL,Options,Market,37809,1386.86,52435789.74,1.0307,-1.5464,4,6,1.3738,142.54,494.73,False,0.6197,True,False,0,0.0353,0.391,-1.99,0.1142,0.1225,0.0844,13.99,Low,False,none
TRD0081486,TRD0249,CMP006,XBFQ,2026-02-15 10:30:23,BUY,ETF,Cover Order,1858177,49.11,91255072.47,4.6501,5.2924,3,16,3.2396,26.12,9999.0,True,2.2978,False,False,1,1.2318,0.5114,3.7,0.8286,0.6836,0.4763,70.05,High,True,insider_trading
TRD0011846,TRD0359,CMP025,JXOT,2025-11-08 10:32:12,SELL,Options,Stop-Loss,43533,260.92,11358630.36,6.1352,5.4904,5,18,2.2913,40.04,9999.0,True,2.1794,True,False,2,0.1551,0.3502,3.23,0.7104,0.7985,0.5799,68.12,Medium,True,wash_trading
TRD0034538,TRD0207,CMP057,PNYK,2026-04-26 12:55:35,SELL,ETF,Cover Order,158525,64.3,10193157.5,9.3056,4.0118,4,24,1.6178,20.58,2248.62,True,4.6066,False,False,3,0.1577,0.5604,3.61,0.8572,0.9784,0.8629,86.47,Critical,True,insider_trading
TRD0106587,TRD0252,CMP012,INMT,2026-02-20 14:00:35,SELL,Equity,Limit,37081,206.24,7647585.44,0.9102,-1.9575,2,6,0.8503,1050.52,446.6,False,-0.6204,False,False,3,0.0089,0.7888,2.33,0.1204,0.0701,0.0794,16.6,Low,False,none
TRD0082852,TRD0393,CMP001,LMTI,2025-10-10 12:36:09,BUY,Equity,Cover Order,4059,374.33,1519405.47,0.6632,-0.2161,5,12,1.7634,1775.86,9999.0,False,-1.3817,False,False,0,0.0196,0.2266,-2.93,0.0266,0.2923,0.0163,12.48,Low,False,none
TRD0009328,TRD0090,CMP027,BNLN,2025-11-06 16:30:00,BUY,Options,Market,29902,240.84,7201597.68,4.3908,6.7417,5,5,3.0681,35.71,9999.0,True,2.6744,True,True,6,0.0115,0.6416,0.7,0.8846,0.9281,0.579,82.75,High,True,wash_trading
TRD0006604,TRD0168,CMP009,QWEI,2025-11-24 11:23:11,SELL,ETF,Market,8754,137.57,1204287.78,1.142,-0.3443,4,19,1.4718,204.65,261.6,False,1.5342,False,False,7,0.0726,0.2017,10.21,0.0025,0.0436,0.0613,4.36,Low,False,none
TRD0034393,TRD0084,CMP003,NCBQ,2026-05-28 08:07:16,SELL,Equity,Bracket Order,11137,97.86,1089866.82,1.0758,-0.259,3,1,1.3854,9999.0,384.09,False,0.5019,False,True,0,0.0897,0.2018,-3.06,0.0052,0.0145,0.2443,6.35,Low,False,none
TRD0070250,TRD0090,CMP023,OTXX,2025-12-31 14:22:02,BUY,Options,Stop-Loss,45531,3175.23,144571397.13,8.4917,6.8658,1,18,3.9391,27.04,0.09,True,3.9925,True,False,3,0.3937,0.6416,0.2,0.778,0.8654,0.4134,73.59,High,True,spoofing
TRD0034828,TRD0011,CMP051,NQWS,2026-01-09 13:44:13,SELL,Equity,Stop-Loss,78111,32.81,2562821.91,0.9251,-1.014,4,5,0.9556,560.7,1022.14,False,-1.7928,False,False,0,0.0457,0.2215,-2.38,0.105,0.0639,0.0086,8.99,Low,False,none
TRD0053216,TRD0184,CMP005,QSGC,2025-12-28 14:50:35,BUY,Options,Limit,1052871,100.38,105687190.98,8.0716,4.8014,3,3,2.223,23.28,9999.0,True,2.8249,True,False,3,0.3078,0.8894,3.08,0.9907,0.9248,0.5449,89.39,Critical,True,pump_and_dump
TRD0081873,TRD0243,CMP049,JIRH,2026-01-26 11:59:34,BUY,Equity,Bracket Order,143902,182.61,26277944.22,5.6635,6.5197,1,9,2.106,44.56,9999.0,True,4.6218,False,False,1,0.2293,0.2698,6.43,0.9796,0.8637,0.9135,86.39,Critical,True,spoofing
TRD0061178,TRD0232,CMP051,NQWS,2026-06-07 11:50:23,BUY,Equity,Market,20565,44.47,914525.55,0.7793,-0.4816,5,23,1.4545,9999.0,280.52,False,-0.3851,False,False,5,0.035,0.0961,0.67,0.0342,0.0243,0.0264,3.62,Low,False,none
TRD0043925,TRD0285,CMP003,NCBQ,2026-03-13 15:17:11,BUY,Equity,Market,18823,130.07,2448307.61,1.331,-0.9916,3,4,0.9617,356.96,629.95,False,0.2697,False,False,0,0.1455,0.0234,-5.7,0.1489,0.1268,0.0452,11.42,Low,False,none
TRD0082208,TRD0255,CMP025,JXOT,2026-04-29 14:46:13,SELL,ETF,Limit,167737,259.24,43484139.88,7.1406,2.6086,3,9,3.1395,1122.22,11.99,False,3.4141,False,False,5,0.4366,0.8046,4.31,0.925,0.978,0.9118,92.69,Critical,True,insider_trading
TRD0072835,TRD0090,CMP005,QSGC,2025-12-28 11:44:51,BUY,Options,Cover Order,38273,138.54,5302341.42,6.1223,4.2121,1,24,3.7958,26.38,9999.0,True,3.3264,True,False,6,0.7711,0.6416,2.88,0.5646,0.9391,0.7213,70.82,High,True,spoofing
TRD0056834,TRD0207,CMP024,GGME,2026-03-26 10:10:08,BUY,Options,Stop-Loss,55345,92.79,5135462.55,3.8048,4.432,4,21,1.9382,15.98,1355.04,True,4.2676,True,False,3,0.0283,0.5604,5.69,0.9118,0.9152,0.8918,87.47,Critical,True,layering
TRD0009548,TRD0281,CMP002,JBDO,2026-03-03 10:17:02,BUY,Equity,Cover Order,43122,95.62,4123325.64,0.8206,-0.5339,5,17,0.8575,1397.92,139.71,False,0.8914,False,False,0,0.0809,0.1777,-5.43,0.0231,0.1546,0.0915,8.83,Low,False,none
TRD0092044,TRD0341,CMP055,NKNY,2026-01-06 15:14:38,SELL,Equity,Bracket Order,243120,1096.02,266464382.4,5.0571,2.7238,5,21,1.6454,19.52,250.55,True,3.2673,False,False,3,0.4152,0.36,7.67,0.8621,0.7003,0.8831,76.65,High,True,layering
TRD0043593,TRD0272,CMP005,QSGC,2026-03-07 15:48:28,BUY,ETF,Stop-Loss,75136,153.47,11531121.92,1.0312,0.732,1,15,1.616,2462.41,138.72,False,1.1371,False,False,5,0.0366,0.1522,2.55,0.0707,0.0945,0.1241,9.4,Low,False,none
TRD0005970,TRD0190,CMP029,OPWR,2025-12-23 12:42:05,SELL,ETF,Market,59377,116.87,6939389.99,4.3381,3.6229,3,20,1.9645,23.92,9999.0,True,4.7947,False,False,7,0.4412,0.3117,5.7,0.913,0.6196,0.627,72.2,High,True,circular_trading
TRD0000740,TRD0389,CMP052,QXXS,2026-02-14 11:48:32,SELL,ETF,Stop-Loss,11973,1819.86,21789183.78,0.5127,-0.4256,5,2,1.3376,448.69,1847.6,False,0.3315,False,False,0,0.0366,0.4386,-7.26,0.2853,0.0294,0.0867,19.41,Low,False,none
TRD0073831,TRD0493,CMP029,OPWR,2026-06-04 10:23:20,SELL,ETF,Limit,9628,49.85,479955.8,1.0654,1.4567,4,17,1.5687,9999.0,672.42,False,1.5368,False,False,7,0.0468,0.238,5.61,0.0412,0.3575,0.009,15.09,Low,False,none
TRD0019696,TRD0443,CMP028,EZAB,2026-01-28 12:58:44,SELL,ETF,Cover Order,997,1972.36,1966442.92,0.517,0.5592,3,22,0.5959,1845.38,2040.87,False,1.253,False,False,6,0.0976,0.4591,9.25,0.0358,0.4777,0.1184,22.31,Low,False,none
TRD0008156,TRD0017,CMP026,UGLJ,2026-06-08 10:09:55,BUY,Equity,Bracket Order,303550,1522.31,462097200.5,1.3351,-0.7931,3,21,1.1469,217.54,484.59,False,-0.6429,False,False,2,0.0155,0.2219,0.13,0.0466,0.1936,0.0035,10.18,Low,False,none
TRD0022066,TRD0369,CMP015,WXZK,2026-06-14 11:56:00,SELL,Equity,Market,206676,583.21,120535509.96,8.0562,3.4405,4,17,3.3735,18.35,1071.16,True,3.2225,False,False,1,0.5969,0.5509,4.95,0.9791,0.8643,0.9592,89.89,Critical,True,layering
TRD0000206,TRD0312,CMP059,RFEI,2025-12-03 12:49:17,BUY,ETF,Stop-Loss,72779,53.38,3884943.02,1.3634,0.4503,3,15,0.8338,208.55,384.23,False,0.3817,False,False,0,0.0643,0.7761,-0.65,0.1212,0.1949,0.0143,19.28,Low,False,none
TRD0025771,TRD0255,CMP009,QWEI,2026-05-26 15:16:34,BUY,ETF,Stop-Loss,318644,101.25,32262705.0,11.6389,5.8815,2,9,2.5979,19.53,431.17,True,4.2472,False,False,1,0.9153,0.8046,8.16,0.9603,0.8283,0.6405,85.72,Critical,True,insider_trading
TRD0012695,TRD0462,CMP030,FHSA,2026-06-18 17:19:35,BUY,Futures,Cover Order,180047,121.13,21809093.11,4.5727,3.5772,5,22,2.1616,27.73,4130.29,True,4.0573,True,True,7,0.4036,0.5748,5.99,0.6673,0.5353,0.7171,62.59,Medium,True,layering
TRD0031014,TRD0182,CMP006,XBFQ,2025-12-11 12:37:40,BUY,Equity,Bracket Order,11459,51.4,588992.6,0.9537,0.9543,1,23,0.8626,1608.0,9999.0,False,0.0358,False,False,1,0.1214,0.2187,2.45,0.0784,0.0425,0.0038,7.05,Low,False,none
TRD0043269,TRD0003,CMP021,TXFE,2026-01-01 12:05:03,SELL,Futures,Stop-Loss,149765,131.13,19638684.45,6.0896,6.8894,3,10,2.0403,29.7,801.37,True,4.1443,True,False,4,0.0262,0.2248,3.26,0.7543,0.7096,0.6488,67.21,Medium,True,insider_trading
TRD0093471,TRD0257,CMP034,SIHG,2026-06-25 10:50:47,SELL,Equity,Bracket Order,78049,333.97,26066024.53,1.5556,1.6209,1,13,0.8353,9999.0,937.01,False,-0.8302,False,False,7,0.019,0.2253,0.46,0.1662,0.024,0.1297,12.4,Low,False,none
TRD0033479,TRD0355,CMP022,TTZR,2025-11-28 11:33:22,SELL,Equity,Bracket Order,18827,425.36,8008252.72,1.3358,-0.4555,3,10,1.6415,490.53,9999.0,False,-0.062,False,False,0,0.0018,0.1691,-0.93,0.0513,0.1574,0.2854,13.0,Low,False,none
TRD0077644,TRD0083,CMP045,BPXM,2026-04-18 11:00:05,BUY,ETF,Limit,40850,254.56,10398776.0,1.2902,-1.1277,4,7,1.9807,86.35,1859.59,False,-0.9833,False,False,0,0.1266,0.1354,-0.38,0.0312,0.0245,0.1199,5.29,Low,False,none
TRD0024643,TRD0437,CMP018,YGCX,2026-05-15 11:03:19,BUY,Equity,Bracket Order,673980,743.23,500922155.4,0.5888,0.0134,1,13,1.6985,822.47,152.03,False,0.9967,False,False,0,0.026,0.4839,-4.91,0.1298,0.1321,0.1724,17.23,Low,False,none
TRD0025752,TRD0248,CMP058,JGPO,2026-05-11 12:06:44,SELL,Futures,Stop-Loss,323092,348.88,112720336.96,5.7488,4.9706,3,7,3.5385,17.88,868.61,True,2.5276,True,False,0,0.0516,0.4378,-0.29,0.4193,0.8158,0.6523,57.51,Medium,True,insider_trading
TRD0079471,TRD0097,CMP058,JGPO,2026-05-23 09:31:02,SELL,Equity,Cover Order,367603,290.19,106674714.57,6.75,6.9847,2,23,1.806,26.24,13.28,True,2.2089,False,False,4,0.5671,0.8788,5.82,0.7972,0.9286,0.67,82.57,High,True,spoofing
TRD0060253,TRD0210,CMP000,SPDZ,2026-01-23 13:05:24,SELL,ETF,Limit,151673,477.35,72401106.55,7.9693,3.1001,3,9,3.8197,10.16,9999.0,True,3.858,False,False,5,0.4774,0.8977,3.29,0.8319,0.9618,0.8395,87.86,Critical,True,front_running
TRD0095531,TRD0450,CMP003,NCBQ,2025-10-10 15:27:47,BUY,Equity,Market,83936,108.49,9106216.64,0.808,-0.5987,4,19,0.7627,2953.09,9999.0,False,-0.8082,False,False,0,0.0531,0.0638,-1.33,0.15,0.0855,0.0255,10.34,Low,False,none
TRD0001402,TRD0252,CMP005,QSGC,2026-03-02 15:32:57,BUY,Equity,Market,183670,128.66,23630982.2,4.8972,6.9445,4,23,2.7615,2582.67,18.46,False,2.6277,False,False,2,0.4709,0.7888,3.0,0.7009,0.6229,0.811,70.28,High,True,layering
TRD0109017,TRD0087,CMP041,LXML,2026-01-05 17:34:58,BUY,Options,Cover Order,525396,506.94,266344248.24,3.519,3.5463,2,18,3.6009,43.54,417.64,True,3.0606,True,True,5,0.9647,0.0972,1.03,0.8853,0.7784,0.6633,74.11,High,True,front_running
TRD0006101,TRD0351,CMP003,NCBQ,2026-03-28 13:07:43,SELL,Equity,Cover Order,363950,88.38,32165901.0,8.6911,5.0184,5,23,2.1185,1074.91,0.88,False,2.0033,False,False,6,0.571,0.6234,5.71,0.8813,0.8743,0.9038,85.68,Critical,True,pump_and_dump
TRD0053971,TRD0412,CMP029,OPWR,2025-12-22 12:59:54,SELL,Options,Limit,326831,97.32,31807192.92,4.5425,2.8043,2,16,2.3407,47.62,9999.0,True,4.9716,True,False,1,0.351,0.5609,2.32,0.4907,0.9133,0.6301,64.54,Medium,True,spoofing
TRD0022416,TRD0027,CMP017,FNLM,2026-05-20 11:58:59,BUY,Equity,Market,146997,621.07,91295426.79,0.857,0.2388,4,19,1.8393,360.98,267.39,False,-0.1099,False,False,0,0.0099,0.2618,-0.82,0.0889,0.077,0.04,9.53,Low,False,none
TRD0072698,TRD0470,CMP032,MXGK,2026-03-17 08:09:30,SELL,Equity,Limit,1487,1147.43,1706228.41,1.3925,0.3145,3,6,1.4866,1535.8,433.77,False,0.7746,False,True,0,0.0337,0.1954,-4.79,0.1806,0.0188,0.0623,11.58,Low,False,none
TRD0055994,TRD0341,CMP032,MXGK,2026-02-27 15:34:52,BUY,Equity,Bracket Order,55302,1143.33,63228435.66,1.3002,-0.5863,1,23,0.9381,1960.38,9.19,False,0.2909,False,False,2,0.0816,0.36,0.87,0.0418,0.0272,0.0184,6.57,Low,False,none
TRD0023893,TRD0191,CMP008,OIUY,2026-01-17 09:18:45,BUY,Equity,Bracket Order,38054,901.05,34288556.7,1.1895,-0.2426,1,22,1.8832,1106.93,682.31,False,0.8047,False,False,0,0.1389,0.0305,-2.4,0.0206,0.3478,0.0696,12.71,Low,False,none
TRD0119197,TRD0372,CMP055,NKNY,2025-12-25 13:07:45,BUY,Equity,Market,219272,1051.77,230623711.44,6.4757,5.8144,5,24,3.0362,39.56,9999.0,True,3.2359,False,False,5,0.0812,0.5577,6.83,0.8871,0.9783,0.5837,83.6,High,True,insider_trading
TRD0054951,TRD0351,CMP020,IARJ,2025-12-21 16:23:17,SELL,Equity,Market,418924,1073.67,449786131.08,8.7838,5.7443,4,24,1.8065,7.3,836.5,True,2.5018,False,True,0,0.4369,0.6234,-0.82,0.8275,0.255,0.3228,55.96,Medium,True,wash_trading
TRD0062848,TRD0055,CMP051,NQWS,2026-04-02 09:10:06,SELL,Futures,Cover Order,60825,15.87,965292.75,1.1676,-0.1461,5,4,0.6834,752.08,1426.73,False,1.2445,True,False,4,0.0637,0.1176,0.36,0.0041,0.1531,0.092,7.33,Low,False,none
TRD0047543,TRD0222,CMP057,PNYK,2025-11-11 18:55:20,BUY,ETF,Limit,142231,48.38,6881135.78,7.4897,6.8439,1,9,2.3972,20.77,9999.0,True,4.6543,False,True,4,0.1242,0.7021,5.29,0.799,0.5823,0.7325,71.43,High,True,pump_and_dump
TRD0022047,TRD0390,CMP006,XBFQ,2026-03-19 15:47:28,SELL,ETF,Bracket Order,78806,37.2,2931583.2,7.3615,6.707,2,5,1.5895,30.53,747.17,True,4.9476,False,False,7,0.3154,0.6803,4.5,0.9779,0.8824,0.7782,88.95,Critical,True,spoofing
TRD0109958,TRD0090,CMP015,WXZK,2026-02-04 14:18:50,BUY,ETF,Limit,23529,542.04,12753659.16,4.0353,6.007,3,12,2.6775,31.33,1739.12,True,2.9213,False,False,6,0.5294,0.6416,1.3,0.9329,0.9653,0.4185,83.63,High,True,layering
TRD0023783,TRD0173,CMP054,SCIM,2026-05-24 18:34:19,BUY,ETF,Cover Order,321434,144.59,46476142.06,7.1147,3.8814,5,22,1.9601,39.14,4920.78,True,2.5723,False,True,7,0.6286,0.1751,1.07,0.7482,0.8618,0.5306,69.23,Medium,True,insider_trading
TRD0058989,TRD0200,CMP009,QWEI,2025-10-08 10:03:02,BUY,ETF,Cover Order,63536,84.82,5389123.52,0.6222,-0.515,2,19,0.7329,867.74,9999.0,False,-1.7317,False,False,0,0.0588,0.2071,-1.26,0.0721,0.0919,0.053,8.87,Low,False,none
TRD0071361,TRD0119,CMP047,VBOF,2026-01-13 14:48:51,BUY,Equity,Cover Order,19586,274.49,5376161.14,1.1377,-0.2964,3,21,1.5625,455.71,1721.24,False,-0.492,False,False,0,0.1077,0.1704,-3.55,0.0523,0.0838,0.0303,7.03,Low,False,none
TRD0063689,TRD0210,CMP030,FHSA,2025-12-09 08:26:49,BUY,Equity,Limit,181688,148.43,26967949.84,10.4419,6.7826,4,3,2.6034,17.38,9999.0,True,2.9597,False,True,3,0.1943,0.8977,5.75,0.9317,0.9248,0.7947,90.57,Critical,True,layering
TRD0115020,TRD0045,CMP052,QXXS,2025-11-08 14:14:37,SELL,Equity,Limit,119294,1753.19,209145047.86,11.8924,5.3245,3,23,2.8278,18.12,9999.0,True,2.0886,False,False,3,0.3055,0.788,6.4,0.8982,0.9495,0.8105,88.94,Critical,True,insider_trading
TRD0075368,TRD0050,CMP037,BUYO,2025-12-12 09:38:22,SELL,Options,Cover Order,8187,183.19,1499776.53,0.7699,-0.6731,5,11,0.9839,1275.79,9999.0,False,0.0517,True,False,3,0.1214,0.6006,2.51,0.0822,0.0081,0.0427,10.59,Low,False,none
TRD0020333,TRD0305,CMP024,GGME,2026-01-03 09:24:55,BUY,Equity,Cover Order,24640,62.48,1539507.2,0.9222,0.8701,5,6,1.7462,301.23,129.76,False,-0.1953,False,False,7,0.0428,0.03,0.68,0.0121,0.0697,0.0817,4.16,Low,False,none
TRD0009207,TRD0096,CMP005,QSGC,2026-03-25 14:16:10,BUY,Equity,Market,8903,137.05,1220156.15,0.9809,0.2634,3,12,0.7982,2031.95,569.18,False,-0.407,False,False,0,0.0879,0.3709,-1.67,0.0055,0.1245,0.0871,9.0,Low,False,none
TRD0020869,TRD0179,CMP019,ADNW,2025-12-31 11:38:09,BUY,ETF,Cover Order,34585,27.86,963538.1,7.7492,2.8533,2,22,3.0354,51.82,9999.0,False,3.3285,False,False,4,0.2738,0.6332,1.17,0.8836,0.9894,0.5666,84.28,High,True,insider_trading
TRD0000271,TRD0460,CMP052,QXXS,2026-01-20 13:33:39,BUY,ETF,Limit,145044,1803.63,261605709.72,1.219,0.7795,1,18,0.6631,1046.94,1249.35,False,0.5925,False,False,7,0.0248,0.1403,2.72,0.0324,0.0127,0.0959,4.68,Low,False,none
TRD0026145,TRD0210,CMP053,SVJO,2026-03-02 08:55:47,SELL,Equity,Cover Order,134299,38.12,5119477.88,6.0674,5.611,3,17,3.9957,8.17,1099.47,True,3.0185,False,True,5,0.7466,0.8977,3.31,0.8554,0.7443,0.6073,78.91,High,True,spoofing
TRD0017590,TRD0336,CMP041,LXML,2026-01-07 13:10:07,BUY,Equity,Bracket Order,144460,482.72,69733731.2,4.7045,3.7639,4,1,3.9399,637.33,0.05,False,4.9481,False,False,3,0.5972,0.7178,3.11,0.9833,0.9016,0.5218,86.3,Critical,True,insider_trading
TRD0090673,TRD0142,CMP010,VTWH,2025-12-28 09:23:58,SELL,Equity,Cover Order,26933,99.01,2666636.33,0.9684,-0.7052,2,16,1.078,1479.46,1018.73,False,0.5885,False,False,0,0.0187,0.3056,-1.69,0.0818,0.0724,0.1103,10.56,Low,False,none
TRD0009023,TRD0160,CMP028,EZAB,2025-11-03 14:58:31,SELL,ETF,Limit,98184,1941.36,190610490.24,11.2812,6.6069,1,9,1.6088,21.13,9999.0,True,3.0619,False,False,3,0.7125,0.1215,8.12,0.7938,0.7974,0.6599,70.76,High,True,insider_trading
TRD0015005,TRD0097,CMP001,LMTI,2026-06-21 17:20:42,BUY,ETF,Market,628529,382.66,240512907.14,11.4822,6.5644,5,7,3.2475,8.37,1386.53,True,3.7479,False,True,2,0.5501,0.8788,2.62,0.8582,0.9455,0.8355,88.3,Critical,True,front_running
TRD0015229,TRD0327,CMP042,EKVN,2026-06-23 13:11:39,BUY,Equity,Limit,34600,228.71,7913366.0,0.8211,-0.3713,5,2,0.7602,9999.0,309.95,False,0.6502,False,False,0,0.1033,0.1066,-4.65,0.073,0.0124,0.1078,6.34,Low,False,none
TRD0055086,TRD0351,CMP036,UCCA,2025-10-14 11:17:34,SELL,Equity,Bracket Order,41422,133.63,5535221.86,0.6787,1.423,4,5,0.636,745.42,9999.0,False,-0.6367,False,False,4,0.0742,0.6234,5.96,0.0251,0.0475,0.0605,9.7,Low,False,none
TRD0119693,TRD0412,CMP045,BPXM,2026-04-21 09:38:29,BUY,Equity,Market,461085,242.03,111596402.55,7.2237,4.0037,5,1,2.3915,15.71,1930.23,True,3.6594,False,False,2,0.7632,0.5609,0.4,0.7987,0.8451,0.5081,74.52,High,True,front_running
TRD0073165,TRD0223,CMP038,UXVA,2026-05-07 16:16:14,SELL,Equity,Market,7743,669.2,5181615.6,1.1925,0.9713,1,19,1.3915,19.03,1805.82,True,-0.8408,False,True,0,0.1118,0.2078,-1.29,0.1053,0.1296,0.0323,11.19,Low,False,none
TRD0039570,TRD0183,CMP003,NCBQ,2026-04-01 13:56:39,SELL,ETF,Cover Order,15257,120.82,1843350.74,1.8631,-0.5922,1,17,1.2974,978.09,97.7,False,-0.8024,False,False,3,0.0703,0.4125,5.57,0.1147,0.1076,0.0235,12.87,Low,False,none
TRD0022762,TRD0157,CMP059,RFEI,2026-05-28 10:04:44,SELL,ETF,Limit,6910,85.7,592187.0,0.8619,0.5531,3,2,1.1884,365.13,1649.62,False,0.9902,False,False,7,0.0386,0.0355,5.16,0.0664,0.2127,0.0415,10.35,Low,False,none
TRD0090765,TRD0078,CMP032,MXGK,2025-12-13 13:00:44,SELL,ETF,Cover Order,6818,1133.33,7727043.94,0.9682,0.4052,1,3,0.6316,1117.32,893.09,False,-0.8635,False,False,0,0.0116,0.1883,-0.08,0.0303,0.071,0.0079,5.49,Low,False,none
TRD0062970,TRD0049,CMP056,ASGU,2026-03-12 15:29:32,BUY,ETF,Stop-Loss,9430,791.13,7460355.9,3.1531,4.4552,5,7,3.6593,39.32,2790.25,True,2.0949,False,False,3,0.7892,0.0563,5.22,0.8869,0.9713,0.3767,75.26,High,True,insider_trading
TRD0040738,TRD0255,CMP029,OPWR,2025-12-24 14:51:21,BUY,ETF,Limit,100652,73.16,7363700.32,4.0898,2.8603,1,21,3.6758,331.17,2.24,False,3.9285,False,False,0,0.9093,0.8046,-1.43,0.6211,0.7389,0.8964,71.61,High,True,layering
TRD0046745,TRD0128,CMP034,SIHG,2026-05-17 09:10:11,SELL,Equity,Stop-Loss,9693,314.43,3047769.99,1.4168,1.431,5,20,1.1087,0.67,1658.96,True,0.9747,False,False,5,0.1324,0.0462,0.85,0.1793,0.1309,0.0113,12.63,Low,False,none
TRD0037111,TRD0440,CMP025,JXOT,2026-05-15 14:06:54,BUY,ETF,Bracket Order,5112,261.79,1338270.48,0.7903,0.2198,2,19,1.8368,738.88,395.34,False,0.1726,False,False,0,0.0116,0.4866,-0.15,0.0338,0.2107,0.0986,14.19,Low,False,none
TRD0104651,TRD0063,CMP035,AQPF,2025-12-21 12:35:11,SELL,ETF,Bracket Order,222945,1035.62,230886300.9,5.6544,6.108,1,5,3.663,47.4,245.6,True,3.7735,False,False,1,0.6072,0.6313,3.75,0.9692,0.7399,0.6556,81.96,High,True,layering
TRD0117611,TRD0351,CMP001,LMTI,2025-12-21 16:55:57,BUY,Equity,Cover Order,264375,305.47,80758631.25,5.8853,3.9708,4,21,3.6169,43.53,9999.0,True,4.0938,False,True,2,0.2048,0.6234,3.56,0.7852,0.7856,0.8072,77.24,High,True,insider_trading
TRD0080990,TRD0312,CMP039,JDXM,2026-03-11 10:56:52,SELL,Equity,Market,411193,90.05,37027929.65,8.9441,6.518,4,5,3.8076,44.96,187.58,True,4.4342,False,False,7,0.2917,0.7761,1.03,0.3665,0.8279,0.7899,60.94,Medium,True,spoofing
TRD0033224,TRD0153,CMP036,UCCA,2025-11-28 09:52:25,BUY,Equity,Cover Order,973232,124.54,121206313.28,9.5992,3.4298,1,16,1.87,23.49,333.16,True,2.342,False,False,7,0.4227,0.2425,2.67,0.9568,0.9685,0.7203,85.34,Critical,True,layering
TRD0054985,TRD0152,CMP059,RFEI,2026-03-05 08:53:26,BUY,ETF,Bracket Order,83063,86.97,7223989.11,8.8724,4.4334,4,12,1.517,25.31,823.51,True,4.8159,False,True,6,0.2881,0.4359,9.65,0.8791,0.7397,0.8012,78.13,High,True,layering
TRD0038411,TRD0097,CMP046,LUQA,2026-04-26 16:35:04,SELL,ETF,Cover Order,461056,168.03,77471239.68,9.7719,3.0276,5,20,2.7157,3.48,504.48,True,2.3883,False,True,4,0.9046,0.8788,5.43,0.9058,0.9634,0.7288,89.38,Critical,True,wash_trading
TRD0080576,TRD0097,CMP059,RFEI,2025-11-16 10:34:38,BUY,Options,Bracket Order,194506,77.66,15105335.96,4.9481,6.3687,2,9,2.9931,26.02,241.51,True,3.373,True,False,1,0.236,0.8788,2.6,0.6868,0.6147,0.4724,65.22,Medium,True,circular_trading
TRD0029860,TRD0045,CMP046,LUQA,2026-03-18 15:45:07,BUY,ETF,Bracket Order,110846,174.13,19301613.98,8.4053,5.8146,5,15,2.8056,36.96,1109.24,True,4.8055,False,False,5,0.3778,0.788,5.3,0.8396,0.8983,0.443,79.26,High,True,wash_trading
TRD0047944,TRD0097,CMP049,JIRH,2026-01-26 15:54:16,BUY,Options,Limit,329117,152.73,50266039.41,8.8524,3.8916,4,12,1.8272,40.65,9999.0,True,2.2527,True,False,3,1.0448,0.8788,2.94,0.9677,0.4061,0.4756,71.65,High,True,front_running
TRD0093731,TRD0411,CMP056,ASGU,2026-06-14 12:06:22,SELL,ETF,Stop-Loss,3780,744.4,2813832.0,1.2764,0.3045,2,3,1.9823,9999.0,2213.3,False,0.92,False,False,0,0.1116,0.1075,-5.15,0.0765,0.0887,0.0154,7.41,Low,False,none
TRD0013994,TRD0498,CMP040,PWVJ,2026-03-03 11:35:40,SELL,ETF,Cover Order,98577,41.27,4068272.79,0.8134,0.2386,2,16,1.0915,287.24,805.57,False,-0.0939,False,False,0,0.0621,0.1622,-0.22,0.0823,0.0048,0.0084,5.6,Low,False,none
TRD0013000,TRD0270,CMP004,KQZJ,2025-12-08 15:06:13,SELL,Futures,Bracket Order,47260,117.01,5529892.6,7.8723,6.1702,5,16,3.426,9.71,423.31,True,3.7824,True,False,4,0.0107,0.1047,5.02,0.6819,0.7704,0.7511,66.11,Medium,True,insider_trading
TRD0065697,TRD0327,CMP002,JBDO,2026-04-14 15:14:44,SELL,ETF,Cover Order,93894,136.03,12772400.82,1.8233,0.3546,5,8,0.5294,384.96,1152.67,False,-0.415,False,False,0,0.0476,0.1066,-1.96,0.0096,0.0934,0.12,6.1,Low,False,none
TRD0055311,TRD0143,CMP023,OTXX,2025-11-15 13:18:32,SELL,Equity,Bracket Order,14675,3209.75,47103081.25,1.2081,0.817,5,17,1.5028,184.79,9999.0,False,-0.0754,False,False,1,0.1337,0.1682,4.98,0.1052,0.1873,0.171,14.6,Low,False,none
TRD0067199,TRD0336,CMP048,JGWJ,2026-05-23 10:44:22,BUY,Equity,Limit,146355,119.78,17530401.9,3.8122,6.1841,1,6,2.6819,6.98,901.08,True,2.7158,False,False,3,0.8476,0.7178,7.87,0.8484,0.962,0.7235,85.07,Critical,True,front_running
TRD0100583,TRD0223,CMP022,TTZR,2025-10-20 09:59:53,SELL,ETF,Limit,4920,427.17,2101676.4,0.6095,0.8681,5,18,1.9367,1428.09,9999.0,False,0.1002,False,False,0,0.0581,0.2078,-1.93,0.0191,0.1352,0.0299,7.44,Low,False,none
TRD0086737,TRD0353,CMP009,QWEI,2026-04-18 14:06:08,BUY,ETF,Limit,2796,111.64,312145.44,1.3086,0.8955,1,19,0.5322,482.0,618.33,False,-0.192,False,False,0,0.0071,0.2433,-1.91,0.0205,0.0414,0.0109,4.76,Low,False,none
TRD0095736,TRD0069,CMP003,NCBQ,2025-10-10 09:15:56,SELL,ETF,Bracket Order,49829,94.38,4702861.02,0.8164,-0.3789,5,6,1.2153,2959.29,9999.0,False,0.4196,False,False,6,0.0855,0.3824,2.39,0.0437,0.0459,0.0173,7.43,Low,False,none
TRD0102180,TRD0014,CMP049,JIRH,2026-03-28 14:35:16,BUY,ETF,Market,189725,181.74,34480621.5,1.4705,1.4281,2,18,1.314,9999.0,1422.04,False,-0.303,False,False,7,0.0495,0.2128,0.64,0.0376,0.5065,0.0083,19.14,Low,False,none
TRD0031249,TRD0407,CMP027,BNLN,2026-05-13 12:20:24,BUY,ETF,Stop-Loss,109041,281.9,30738657.9,0.7147,0.6528,5,9,1.3274,795.77,3238.26,False,0.3387,False,False,0,0.0889,0.0767,-3.92,0.0171,0.0823,0.0391,4.59,Low,False,none
TRD0019130,TRD0369,CMP011,CGLO,2026-06-04 14:49:55,SELL,ETF,Bracket Order,179116,33.34,5971727.44,6.618,6.5454,2,17,1.9763,24.76,715.5,True,4.9939,False,False,7,0.075,0.5509,3.51,0.7217,0.9451,0.8974,79.8,High,True,layering
TRD0012360,TRD0412,CMP055,NKNY,2025-12-26 10:40:40,BUY,ETF,Limit,249025,1153.2,287175630.0,3.997,5.4168,2,10,2.9433,18.01,9999.0,True,3.7471,False,False,4,0.5295,0.5609,7.36,0.8928,0.2016,0.951,66.1,Medium,True,insider_trading
TRD0112996,TRD0443,CMP010,VTWH,2026-03-17 14:28:42,SELL,Equity,Market,6331,108.73,688369.63,3.3738,6.9313,3,13,3.9417,28.17,8.59,True,3.7379,False,False,1,0.009,0.4591,6.61,0.9166,0.9069,0.8378,85.61,Critical,True,insider_trading
TRD0080992,TRD0110,CMP023,OTXX,2025-11-02 14:10:46,BUY,Equity,Cover Order,12477,3176.62,39634687.74,0.9479,-1.1051,4,6,1.8554,495.92,9999.0,False,0.5311,False,False,2,0.0001,0.2277,2.49,0.0925,0.0182,0.0268,7.39,Low,False,none
TRD0070581,TRD0369,CMP020,IARJ,2026-01-16 13:57:22,BUY,ETF,Bracket Order,200217,1074.77,215187225.09,7.0741,2.8961,3,10,3.0992,6.13,614.27,True,3.5892,False,False,1,0.2729,0.5509,7.25,0.6985,0.8368,0.3726,67.63,Medium,True,insider_trading
TRD0091037,TRD0048,CMP008,OIUY,2026-06-07 13:46:25,SELL,Equity,Stop-Loss,12349,898.43,11094712.07,1.068,0.4245,5,13,0.8057,9999.0,142.31,False,-0.4303,False,False,0,0.1239,0.0957,-4.03,0.0003,0.1019,0.0278,4.44,Low,False,none
TRD0074872,TRD0360,CMP014,DJHR,2026-02-13 18:21:12,SELL,Equity,Market,104245,110.72,11542006.4,3.9955,5.0555,3,19,2.6927,12.36,9999.0,True,3.7157,False,True,6,0.4028,0.1136,6.07,0.571,0.9451,0.6087,64.31,Medium,True,pump_and_dump
TRD0005239,TRD0351,CMP059,RFEI,2025-11-05 09:28:34,BUY,Futures,Stop-Loss,294690,60.95,17961355.5,5.2642,3.8788,3,13,3.8887,23.59,9999.0,True,3.9942,True,False,1,1.0545,0.6234,1.97,0.8702,0.8033,0.5828,78.23,High,True,insider_trading
TRD0079567,TRD0385,CMP028,EZAB,2026-04-13 12:48:00,BUY,Futures,Bracket Order,105847,1981.55,209741122.85,8.8796,4.4317,3,11,1.9405,45.56,3840.69,True,4.3654,True,False,4,1.1504,0.69,1.41,0.9339,0.8099,0.8547,86.04,Critical,True,insider_trading
TRD0098969,TRD0490,CMP054,SCIM,2025-10-31 09:17:24,BUY,Options,Stop-Loss,47394,177.52,8413382.88,9.5968,3.6123,4,5,2.4754,8.5,9999.0,True,4.8627,True,False,7,0.0796,0.142,5.6,0.8254,0.6422,0.624,67.19,Medium,True,front_running
TRD0098877,TRD0277,CMP021,TXFE,2026-03-15 13:06:19,BUY,Equity,Bracket Order,18550,73.23,1358416.5,0.6955,-0.0907,1,7,0.5117,1763.14,1522.7,False,0.989,False,False,0,0.0455,0.1718,-3.64,0.1382,0.011,0.0015,8.29,Low,False,none
TRD0028699,TRD0097,CMP042,EKVN,2025-10-30 14:52:53,BUY,Equity,Bracket Order,32491,226.84,7370258.44,0.7944,0.3052,1,17,1.3743,38.34,9999.0,True,1.5888,False,False,6,0.0722,0.8788,2.06,0.0068,0.0586,0.1075,12.46,Low,False,none
TRD0010671,TRD0247,CMP028,EZAB,2025-12-26 11:58:14,SELL,ETF,Stop-Loss,53259,1973.89,105127407.51,1.7349,0.5754,2,20,1.8963,2638.38,1247.86,False,0.129,False,False,6,0.0803,0.5514,5.1,0.0119,0.1153,0.0073,9.62,Low,False,none
TRD0036291,TRD0248,CMP036,UCCA,2026-01-13 15:22:21,BUY,ETF,Market,492555,122.73,60451275.15,8.3978,3.1211,4,23,1.9429,1776.39,6.28,False,4.4358,False,False,4,0.434,0.4378,2.38,0.964,0.7541,0.5081,78.0,High,True,insider_trading
TRD0008662,TRD0062,CMP028,EZAB,2026-04-13 14:25:41,BUY,Equity,Stop-Loss,17522,1924.12,33714430.64,6.0561,6.9577,3,19,2.5567,43.93,3842.32,True,3.3073,False,False,4,0.2738,0.2077,3.01,0.8313,0.7856,0.6227,72.39,High,True,front_running
TRD0063086,TRD0179,CMP048,JGWJ,2026-05-31 12:42:10,BUY,ETF,Limit,5893,108.67,640392.31,1.2178,0.6897,5,13,1.5308,9999.0,80.19,False,-1.6392,False,False,7,0.0721,0.6332,0.47,0.0429,0.2407,0.0697,16.53,Low,False,none
TRD0018615,TRD0124,CMP036,UCCA,2026-05-31 14:43:19,SELL,ETF,Cover Order,15246,103.69,1580857.74,0.6826,0.3952,4,24,1.5284,154.35,917.56,False,-0.2786,False,False,0,0.0875,0.6353,-5.01,0.0071,0.0576,0.008,8.52,Low,False,none
TRD0114108,TRD0207,CMP014,DJHR,2026-02-13 07:54:41,SELL,Options,Cover Order,95672,111.82,10698043.04,6.0238,6.8678,4,10,2.5799,22.8,9999.0,True,3.2738,True,True,2,0.4255,0.5604,2.55,0.9474,0.7483,0.8159,82.92,High,True,spoofing
TRD0047694,TRD0176,CMP027,BNLN,2026-04-18 09:59:08,BUY,Equity,Cover Order,100314,259.95,26076624.3,1.2481,-0.1704,5,3,1.6516,1398.12,2635.91,False,-0.8478,False,False,4,0.0569,0.0972,2.27,0.0416,0.1254,0.0787,7.79,Low,False,none
TRD0030666,TRD0341,CMP035,AQPF,2025-12-09 16:10:13,SELL,Futures,Stop-Loss,202101,1043.9,210973233.9,5.6371,2.8736,1,15,2.8955,38.82,537.0,True,4.5034,True,True,4,0.4307,0.36,3.16,0.9406,0.7669,0.3806,74.64,High,True,pump_and_dump
TRD0007509,TRD0397,CMP025,JXOT,2025-11-28 14:13:47,BUY,Equity,Cover Order,2120167,237.83,504239317.61,11.7714,4.531,5,22,2.2037,35.36,443.65,True,2.1663,False,False,7,0.3239,0.3764,4.59,0.8645,0.5677,0.6069,68.8,Medium,True,circular_trading
TRD0078747,TRD0252,CMP053,SVJO,2026-03-12 13:17:43,SELL,Futures,Bracket Order,109010,23.61,2573726.1,3.0352,6.9678,5,14,2.7859,4.42,226.79,True,2.5826,True,False,3,0.4997,0.7888,4.23,0.6151,0.926,0.7507,74.61,High,True,insider_trading
TRD0111134,TRD0328,CMP019,ADNW,2026-01-02 09:01:32,BUY,Equity,Cover Order,87945,45.16,3971596.2,1.2749,-0.1555,1,22,0.7095,6.43,9999.0,True,-0.6401,False,False,0,0.0562,0.1686,-2.5,0.13,0.0878,0.0206,10.48,Low,False,none
TRD0050350,TRD0208,CMP026,UGLJ,2026-03-21 12:43:17,BUY,Equity,Bracket Order,219916,1561.24,343341655.84,1.2511,0.6838,3,15,1.4555,1016.16,2028.16,False,0.8806,False,False,7,0.0154,0.2359,1.67,0.0645,0.0708,0.0183,7.66,Low,False,none
TRD0080560,TRD0090,CMP050,MCCS,2026-03-07 15:09:07,BUY,Options,Stop-Loss,41116,90.99,3741144.84,6.5602,3.3264,5,4,3.7106,30.68,1994.98,True,2.8484,True,False,2,0.3026,0.6416,5.42,0.9339,0.9231,0.7742,87.75,Critical,True,spoofing
TRD0070196,TRD0105,CMP058,JGPO,2026-03-26 18:39:16,BUY,Equity,Stop-Loss,245092,355.55,87142460.6,10.0599,4.2697,5,23,3.7928,9.24,1101.0,True,4.4323,False,True,7,0.458,0.2692,0.1,0.9575,0.9096,0.8091,85.2,Critical,True,pump_and_dump
TRD0097350,TRD0351,CMP005,QSGC,2026-03-12 14:49:30,SELL,Equity,Bracket Order,67327,81.67,5498596.09,1.1173,-1.2952,2,8,0.7134,2343.39,257.74,False,0.3729,False,False,5,0.1151,0.6234,5.85,0.0112,0.0057,0.0229,7.25,Low,False,none
TRD0088457,TRD0280,CMP029,OPWR,2026-06-14 18:28:09,SELL,Equity,Stop-Loss,14303,50.18,717724.54,1.4847,0.5214,2,8,1.5576,9999.0,920.5,False,-1.4961,False,True,0,0.0267,0.0999,-0.97,0.0261,0.0435,0.0017,3.5,Low,False,none
TRD0028974,TRD0312,CMP049,JIRH,2026-01-26 11:08:11,BUY,Equity,Stop-Loss,385152,214.11,82464894.72,8.316,6.4331,1,4,3.7226,45.42,9999.0,True,3.5331,False,False,4,0.8762,0.7761,6.9,0.7921,0.9473,0.5822,80.56,High,True,wash_trading
TRD0117217,TRD0197,CMP031,NGEI,2025-12-31 09:31:57,BUY,ETF,Cover Order,18637,489.77,9127843.49,1.0646,-1.9664,2,3,1.6682,238.67,9999.0,False,-1.2714,False,False,3,0.0391,0.1615,0.59,0.0222,0.056,0.0083,4.42,Low,False,none
TRD0009084,TRD0012,CMP019,ADNW,2025-10-17 12:32:31,SELL,ETF,Cover Order,24586,32.34,795111.24,1.308,-0.2034,1,19,0.9206,1850.91,9999.0,False,0.5131,False,False,1,0.0432,0.3877,1.46,0.01,0.0637,0.0559,7.08,Low,False,none
TRD0104144,TRD0082,CMP001,LMTI,2025-12-06 12:08:29,SELL,Equity,Limit,72025,331.89,23904377.25,1.5022,0.8366,5,11,0.5389,408.32,9999.0,False,0.1435,False,False,0,0.0183,0.0876,-1.39,0.047,0.2229,0.0221,10.01,Low,False,none
TRD0082766,TRD0333,CMP042,EKVN,2025-12-14 11:48:53,SELL,ETF,Market,134701,205.46,27675667.46,1.1655,-0.6169,1,1,0.9772,385.35,1038.59,False,-0.3511,False,False,0,0.0677,0.0642,-1.27,0.016,0.0216,0.0302,2.46,Low,False,none
TRD0031655,TRD0458,CMP029,OPWR,2025-11-13 13:00:11,SELL,ETF,Limit,21677,74.47,1614286.19,0.6169,0.1636,1,1,0.7874,983.62,9999.0,False,-2.1571,False,False,7,0.1144,0.0728,0.36,0.0466,0.039,0.0541,4.81,Low,False,none
TRD0073567,TRD0184,CMP021,TXFE,2025-11-07 18:53:31,BUY,Equity,Bracket Order,1536145,94.81,145641907.45,9.4275,4.4022,4,14,3.8253,379.68,2.72,False,2.0737,False,True,4,0.4319,0.8894,5.49,0.9543,0.7797,0.7776,86.89,Critical,True,front_running
TRD0055745,TRD0170,CMP025,JXOT,2026-04-28 09:48:05,SELL,Equity,Market,305698,249.94,76406158.12,4.1044,2.7176,3,21,2.8844,16.97,2072.51,True,2.0953,False,False,6,0.1198,0.1793,9.09,0.6764,0.729,0.7171,64.86,Medium,True,layering
TRD0000589,TRD0138,CMP031,NGEI,2025-12-11 09:35:38,SELL,Equity,Market,5683,457.2,2598267.6,1.0062,-0.4085,3,10,0.6283,718.61,9999.0,False,-1.2807,False,False,5,0.0429,0.1919,0.19,0.1,0.2029,0.0902,13.86,Low,False,none
TRD0027963,TRD0425,CMP014,DJHR,2025-10-28 12:15:41,SELL,Equity,Market,27859,96.46,2687279.14,1.6806,-0.3237,2,23,1.0487,2610.45,9999.0,False,-0.1332,False,False,1,0.0063,0.1572,1.22,0.0444,0.1798,0.1217,10.79,Low,False,none
TRD0057768,TRD0200,CMP031,NGEI,2025-10-04 11:56:50,BUY,ETF,Bracket Order,66363,459.55,30497116.65,0.8983,-0.0936,1,5,0.8972,2348.26,9999.0,False,0.0555,False,False,0,0.0118,0.2071,-1.65,0.2124,0.045,0.0259,13.37,Low,False,none
TRD0020966,TRD0090,CMP005,QSGC,2026-03-01 15:11:47,SELL,ETF,Market,67966,135.39,9201916.74,10.9427,4.979,1,4,2.0321,5.89,1489.07,True,2.4361,False,False,0,0.4987,0.6416,-3.48,0.7134,0.6856,0.8159,71.33,High,True,insider_trading
TRD0082186,TRD0045,CMP009,QWEI,2026-05-26 13:02:07,BUY,Futures,Stop-Loss,136799,135.19,18493856.81,11.224,6.6514,3,20,3.5384,21.77,428.93,True,4.7171,True,False,6,0.3338,0.788,8.45,0.9819,0.8718,0.7373,89.28,Critical,True,insider_trading
TRD0106125,TRD0456,CMP050,MCCS,2026-05-15 15:16:59,SELL,ETF,Limit,10474,94.6,990840.4,0.9607,0.5248,5,12,1.9111,827.12,448.87,False,-0.1138,False,False,0,0.1103,0.2422,-1.29,0.0735,0.0075,0.0318,6.43,Low,False,none
TRD0036529,TRD0252,CMP037,BUYO,2026-05-18 15:09:28,SELL,Equity,Limit,256221,249.31,63878457.51,7.3681,5.9451,4,6,2.6823,7.54,2497.72,True,4.8595,False,False,2,0.0214,0.7888,5.85,0.9371,0.9369,0.7826,89.9,Critical,True,front_running
TRD0026492,TRD0045,CMP055,NKNY,2026-01-19 10:35:06,BUY,Futures,Bracket Order,96702,1083.97,104822066.94,7.9551,4.2309,5,1,1.6435,46.26,287.82,True,2.7257,True,False,1,0.0035,0.788,2.07,0.7997,0.6464,0.8161,75.5,High,True,layering
TRD0087403,TRD0475,CMP010,VTWH,2026-03-16 16:40:05,SELL,ETF,Market,2987757,116.79,348940140.03,8.7114,4.393,1,24,3.0303,13.22,399.81,True,2.5817,False,True,3,0.8701,0.8184,4.09,0.7714,0.8322,0.7814,79.58,High,True,front_running
TRD0084980,TRD0207,CMP045,BPXM,2026-04-20 15:32:55,BUY,Equity,Limit,136205,227.34,30964844.7,7.5677,6.8774,1,1,2.2686,33.8,1912.14,True,2.0455,False,False,1,0.2711,0.5604,3.43,0.8893,0.9607,0.4872,81.75,High,True,wash_trading
TRD0041832,TRD0359,CMP002,JBDO,2026-05-26 15:35:23,BUY,ETF,Stop-Loss,72419,85.17,6167926.23,10.3973,5.207,1,8,2.8195,39.32,623.39,True,4.7095,False,False,4,0.746,0.3502,7.84,0.6118,0.6548,0.7197,61.47,Medium,True,wash_trading
TRD0035779,TRD0317,CMP014,DJHR,2025-11-21 12:00:15,SELL,ETF,Limit,11010,155.13,1707981.3,0.6747,0.1801,2,20,1.9923,2034.71,9999.0,False,0.4213,False,False,0,0.0563,0.2666,-6.56,0.1217,0.0032,0.0947,9.66,Low,False,none
TRD0000400,TRD0255,CMP003,NCBQ,2026-03-28 10:00:59,BUY,Equity,Cover Order,222771,105.05,23402093.55,6.623,5.2208,2,19,2.3528,2.23,984.68,True,2.193,False,False,4,0.5819,0.8046,3.09,0.9113,0.6913,0.7069,80.4,High,True,circular_trading
TRD0083364,TRD0078,CMP047,VBOF,2026-03-22 15:04:06,BUY,ETF,Cover Order,5960,259.52,1546739.2,0.8787,1.1021,3,24,1.0655,627.3,686.86,False,-0.1634,False,False,3,0.0426,0.1883,1.54,0.0028,0.2149,0.0099,8.6,Low,False,none
TRD0096278,TRD0133,CMP010,VTWH,2026-03-15 10:33:57,SELL,Options,Market,260424,63.06,16422337.44,5.0858,2.509,5,6,2.5312,43.32,369.71,True,4.2557,True,False,7,0.8266,0.3838,3.54,0.9488,0.5413,0.4503,69.53,Medium,True,front_running
TRD0098286,TRD0339,CMP011,CGLO,2025-10-26 10:10:52,BUY,Equity,Cover Order,6233,51.82,322994.06,0.6641,-0.2119,1,14,0.6326,117.09,9999.0,False,-0.2418,False,False,0,0.0434,0.1295,-0.59,0.1863,0.0957,0.0513,13.32,Low,False,none
TRD0042300,TRD0221,CMP045,BPXM,2026-05-10 13:22:39,BUY,ETF,Stop-Loss,22020,251.31,5533846.2,0.7165,0.4066,5,13,0.5584,517.85,444.03,False,0.3657,False,False,0,0.0181,0.4382,-6.71,0.069,0.0591,0.0206,9.57,Low,False,none
TRD0006308,TRD0040,CMP038,UXVA,2026-06-12 12:08:03,SELL,ETF,Stop-Loss,88251,686.68,60600196.68,0.6584,0.0945,4,24,1.3795,9999.0,362.17,False,1.1305,False,False,0,0.1893,0.2026,-1.07,0.0024,0.3178,0.0067,11.77,Low,False,none
TRD0053938,TRD0162,CMP005,QSGC,2025-12-28 11:42:28,BUY,ETF,Limit,177482,158.51,28132671.82,7.2177,5.5922,1,23,3.5391,26.42,9999.0,True,2.5889,False,False,6,0.6205,0.2769,3.12,0.7164,0.9486,0.9119,77.14,High,True,insider_trading
TRD0094298,TRD0019,CMP053,SVJO,2026-06-25 15:14:36,SELL,ETF,Stop-Loss,43894,40.04,1757515.76,1.1938,-0.2416,2,11,1.6908,9999.0,375.73,False,-0.3383,False,False,1,0.1593,0.1759,0.41,0.0232,0.1775,0.1449,10.3,Low,False,none
TRD0078166,TRD0495,CMP049,JIRH,2026-01-27 15:17:13,BUY,Equity,Limit,7314,197.26,1442759.64,0.9254,-0.4281,1,22,0.8069,17.27,9999.0,True,0.6693,False,False,1,0.0956,0.3565,3.38,0.0128,0.0462,0.0003,5.53,Low,False,none
TRD0089589,TRD0339,CMP044,UDJH,2025-12-02 15:35:25,BUY,ETF,Market,5281,73.72,389315.32,0.6156,-1.235,1,23,1.4346,685.73,9999.0,False,1.4777,False,False,4,0.0848,0.1295,1.01,0.0124,0.026,0.1073,4.24,Low,False,none
TRD0004417,TRD0351,CMP053,SVJO,2026-06-08 11:02:32,BUY,ETF,Limit,582368,32.42,18880370.56,10.4536,3.8379,1,19,1.5146,36.47,2105.33,True,3.9969,False,False,4,0.2136,0.6234,2.09,0.5297,0.8794,0.6065,65.55,Medium,True,layering
TRD0011505,TRD0090,CMP003,NCBQ,2026-02-10 16:42:47,BUY,Options,Bracket Order,47105,110.03,5182963.15,7.9236,4.0657,5,3,3.5486,112.62,0.16,False,4.1176,True,True,5,0.8268,0.6416,5.04,0.909,0.9635,0.7205,87.03,Critical,True,front_running
TRD0053423,TRD0122,CMP009,QWEI,2025-11-04 09:13:05,BUY,ETF,Bracket Order,60323,123.18,7430587.14,0.8319,0.0571,5,6,0.9169,220.57,9999.0,False,-0.032,False,False,5,0.1123,0.112,4.43,0.0366,0.2265,0.0705,10.62,Low,False,none
TRD0034941,TRD0041,CMP040,PWVJ,2026-01-29 13:58:04,BUY,ETF,Bracket Order,318001,1.11,352981.11,11.4752,5.1364,3,5,1.9056,1076.87,15.94,False,3.0667,False,False,2,0.524,0.862,4.58,0.864,0.8531,0.8343,85.61,Critical,True,insider_trading
TRD0104716,TRD0210,CMP042,EKVN,2026-01-30 15:56:49,BUY,Equity,Cover Order,226510,217.93,49363324.3,11.0982,5.841,5,2,2.4928,25.75,746.79,True,3.7909,False,False,5,0.3075,0.8977,7.06,0.925,0.7404,0.9267,86.71,Critical,True,front_running
TRD0019971,TRD0420,CMP012,INMT,2026-03-21 15:53:42,BUY,ETF,Market,2616,231.22,604871.52,1.4307,0.0282,4,15,1.0242,352.63,1144.48,False,-0.2229,False,False,0,0.0223,0.1695,-3.2,0.0301,0.1165,0.2559,10.38,Low,False,none
TRD0037778,TRD0275,CMP005,QSGC,2026-06-16 14:04:28,BUY,Equity,Stop-Loss,360205,138.52,49895596.6,5.6434,6.547,5,12,2.4726,40.14,2560.99,True,3.3516,False,False,5,0.4268,0.3232,0.97,0.8257,0.6294,0.3917,65.15,Medium,True,spoofing
TRD0069157,TRD0033,CMP023,OTXX,2026-01-27 12:43:10,BUY,ETF,Market,24624,3189.31,78533569.44,1.027,0.0138,5,6,1.1102,2238.46,619.32,False,-0.9861,False,False,0,0.0222,0.0846,-0.36,0.0246,0.1355,0.0328,6.51,Low,False,none
TRD0054858,TRD0455,CMP013,RXNL,2026-03-09 10:55:56,SELL,ETF,Cover Order,70199,116.7,8192223.3,0.9855,0.4695,4,10,0.6548,263.75,107.63,False,-0.3295,False,False,7,0.0603,0.2517,0.7,0.0383,0.0474,0.0541,6.47,Low,False,none
TRD0052873,TRD0448,CMP050,MCCS,2026-04-26 16:24:35,SELL,Futures,Cover Order,80269,68.68,5512874.92,5.374,2.7129,5,1,2.0323,6.0,866.5,True,3.347,True,True,0,0.133,0.4904,-3.0,0.8864,0.2141,0.7887,63.05,Medium,True,layering
TRD0031019,TRD0385,CMP027,BNLN,2026-06-14 11:25:35,BUY,Futures,Cover Order,129449,278.99,36114976.51,10.311,2.927,5,13,2.8853,28.68,4005.35,True,2.933,True,False,3,0.3904,0.69,4.6,0.6261,0.7859,0.7294,69.59,Medium,True,front_running
TRD0058959,TRD0210,CMP034,SIHG,2025-11-28 10:07:42,BUY,Equity,Market,206303,336.74,69470472.22,10.9871,6.7614,2,16,1.6922,1807.24,9.88,False,4.1577,False,False,5,0.2556,0.8977,1.5,0.5885,0.779,0.6549,68.65,Medium,True,insider_trading
TRD0056451,TRD0252,CMP000,SPDZ,2026-03-02 13:37:05,BUY,Options,Stop-Loss,225212,463.22,104322702.64,5.272,5.8648,5,18,3.431,3.46,859.65,True,2.1881,True,False,3,0.7131,0.7888,0.59,0.8781,0.9271,0.7046,85.78,Critical,True,insider_trading
TRD0021932,TRD0097,CMP041,LXML,2026-04-17 10:43:39,BUY,ETF,Market,532298,479.27,255114462.46,11.8299,4.2939,5,18,3.7097,16.3,1760.23,True,4.573,False,False,4,0.3591,0.8788,1.3,0.9035,0.9344,0.8869,90.78,Critical,True,layering
TRD0115339,TRD0223,CMP057,PNYK,2025-10-22 13:07:39,SELL,Futures,Bracket Order,9740,56.7,552258.0,1.2639,-0.3309,3,12,0.7896,506.57,9999.0,False,-0.9155,True,False,5,0.0912,0.2078,0.13,0.0677,0.0405,0.2329,9.83,Low,False,none
TRD0082587,TRD0097,CMP008,OIUY,2026-04-25 09:36:38,SELL,Options,Limit,266841,898.29,239700601.89,6.7582,2.8211,5,10,2.4903,657.84,10.0,False,2.4842,True,False,1,0.4464,0.8788,5.42,0.9558,0.97,0.389,86.73,Critical,True,insider_trading
TRD0061769,TRD0210,CMP043,QBPR,2026-01-26 11:54:09,SELL,Equity,Market,238827,425.62,101649547.74,9.9367,6.576,3,16,1.935,51.99,9999.0,False,3.7428,False,False,3,0.3166,0.8977,3.35,0.9272,0.7938,0.704,85.08,Critical,True,insider_trading
TRD0074211,TRD0385,CMP056,ASGU,2026-03-12 15:17:14,SELL,ETF,Market,11991,741.64,8893005.24,1.0296,0.4764,5,4,1.3247,39.52,2790.04,True,2.0928,False,False,3,0.1221,0.69,4.93,0.0033,0.0315,0.0293,8.43,Low,False,none
TRD0040857,TRD0259,CMP005,QSGC,2026-05-25 11:15:58,SELL,ETF,Stop-Loss,44695,114.77,5129645.15,0.9395,-0.0875,4,3,0.6908,570.95,2030.18,False,-0.0769,False,False,0,0.0184,0.1922,-3.46,0.0038,0.0093,0.0312,2.84,Low,False,none
TRD0089233,TRD0462,CMP008,OIUY,2026-05-22 16:00:30,BUY,ETF,Bracket Order,233161,869.97,202843075.17,7.6043,4.8509,3,18,3.6334,3.44,664.39,True,3.1925,False,True,5,0.8766,0.5748,6.71,0.9366,0.8215,0.7924,84.43,High,True,insider_trading
TRD0103219,TRD0372,CMP048,JGWJ,2026-05-23 11:43:30,BUY,Options,Limit,293495,102.79,30168351.05,9.9791,3.2827,3,10,3.365,5.99,902.06,True,3.4712,True,False,1,1.1192,0.5577,7.01,0.8398,0.9758,0.3378,77.71,High,True,wash_trading
TRD0090156,TRD0148,CMP023,OTXX,2025-11-23 15:14:54,SELL,Options,Stop-Loss,86189,3172.88,273467354.32,8.5193,5.3947,5,20,3.277,911.03,9.15,False,2.5896,True,False,6,0.1315,0.1353,4.03,0.924,0.7372,0.6371,74.61,High,True,insider_trading
TRD0094152,TRD0341,CMP004,KQZJ,2026-02-14 10:16:44,SELL,Equity,Bracket Order,39668,167.1,6628522.8,1.0748,1.0398,4,7,1.3578,2015.3,1617.47,False,-0.6994,False,False,3,0.0485,0.36,3.08,0.1178,0.0806,0.0592,12.21,Low,False,none
TRD0003065,TRD0289,CMP033,CHAM,2026-04-17 13:09:00,BUY,Equity,Stop-Loss,7442,1389.0,10336938.0,0.9851,0.2479,4,6,1.3955,146.22,2160.51,False,-1.4753,False,False,1,0.124,0.165,0.98,0.0261,0.0336,0.0109,4.0,Low,False,none
TRD0016551,TRD0390,CMP045,BPXM,2026-01-30 15:58:31,SELL,ETF,Market,59727,230.08,13741988.16,7.174,2.9951,2,1,3.59,7.44,9999.0,True,2.852,False,False,7,0.4312,0.6803,0.23,0.8689,0.9076,0.6301,82.58,High,True,insider_trading
TRD0062364,TRD0078,CMP033,CHAM,2026-02-24 13:41:21,BUY,Equity,Limit,5619,1351.04,7591493.76,0.8611,-0.6561,4,3,1.8527,1393.68,913.05,False,0.607,False,False,0,0.0999,0.1883,-5.66,0.1514,0.1465,0.1025,14.63,Low,False,none
TRD0047077,TRD0264,CMP029,OPWR,2026-06-13 14:48:03,BUY,ETF,Cover Order,5155,94.95,489467.25,1.0455,-1.46,3,13,1.377,9999.0,892.83,False,1.3644,False,False,0,0.0548,0.0429,-4.23,0.0788,0.3797,0.0497,16.11,Low,False,none
TRD0054052,TRD0223,CMP054,SCIM,2026-02-18 09:41:13,BUY,Equity,Market,5103,151.23,771726.69,0.5822,0.787,3,7,1.2829,2328.03,2631.89,False,-0.062,False,False,2,0.0738,0.2078,1.59,0.0452,0.1042,0.0095,7.38,Low,False,none
TRD0049079,TRD0112,CMP053,SVJO,2025-11-15 09:56:19,SELL,ETF,Limit,6349,52.09,330719.41,0.9917,-0.2876,4,12,1.6415,1467.53,9999.0,False,0.6288,False,False,0,0.0796,0.0369,-1.16,0.0466,0.0037,0.03,3.03,Low,False,none
TRD0003457,TRD0198,CMP022,TTZR,2026-05-25 14:32:25,SELL,ETF,Cover Order,115904,420.74,48765448.96,1.4078,-0.5051,5,9,0.6396,566.76,244.42,False,0.2779,False,False,0,0.0467,0.0175,-3.99,0.4053,0.0093,0.1381,20.76,Low,False,none
TRD0117392,TRD0039,CMP017,FNLM,2025-10-24 15:12:43,BUY,Equity,Bracket Order,38943,609.22,23724854.46,0.8062,-0.3327,3,4,0.9043,3318.05,9999.0,False,0.0944,False,False,5,0.0558,0.3201,3.05,0.1088,0.0094,0.0043,8.44,Low,False,none
TRD0067454,TRD0359,CMP041,LXML,2026-01-06 18:55:20,BUY,Equity,Stop-Loss,49897,460.77,22991040.69,8.0523,2.9589,2,15,3.1512,18.2,442.98,True,2.9096,False,True,0,1.1576,0.3502,-0.81,0.8845,0.7141,0.8853,78.01,High,True,circular_trading
TRD0087461,TRD0099,CMP058,JGPO,2026-03-26 12:31:52,BUY,ETF,Bracket Order,64606,379.89,24543173.34,3.3465,6.9764,5,15,3.2565,15.36,1094.88,True,3.6296,False,False,7,0.5275,0.2542,2.35,0.9138,0.396,0.931,69.51,Medium,True,layering
TRD0064587,TRD0359,CMP008,OIUY,2025-12-18 07:13:16,BUY,ETF,Market,31007,904.58,28048312.06,5.3839,4.1595,4,21,2.3164,39.78,9999.0,True,4.0209,False,True,6,0.1222,0.3502,2.52,0.8145,0.5286,0.3413,61.13,Medium,True,circular_trading
TRD0063298,TRD0309,CMP025,JXOT,2026-01-03 09:29:37,BUY,ETF,Cover Order,79323,258.61,20513721.03,1.5874,0.0447,1,6,1.2314,687.8,823.9,False,1.2486,False,False,0,0.0022,0.2159,-9.5,0.0235,0.0368,0.1391,6.41,Low,False,none
TRD0011369,TRD0155,CMP009,QWEI,2025-12-27 13:05:27,SELL,ETF,Limit,4720,117.7,555544.0,0.8165,-1.3991,2,12,0.543,1598.48,589.05,False,-0.2964,False,False,0,0.0577,0.023,-2.21,0.0507,0.1171,0.0199,6.32,Low,False,none
TRD0094728,TRD0042,CMP044,UDJH,2026-05-08 08:36:59,SELL,Futures,Stop-Loss,337717,46.36,15656560.12,3.0756,5.5387,4,23,3.8148,50.24,1981.45,False,2.562,True,True,6,0.5825,0.4561,1.88,0.8602,0.8799,0.665,79.64,High,True,layering
TRD0062791,TRD0384,CMP027,BNLN,2026-02-09 15:09:13,BUY,ETF,Cover Order,21977,269.19,5915988.63,1.8118,-0.6599,4,3,1.0763,3024.96,1009.07,False,-0.8615,False,False,0,0.007,0.1359,-0.98,0.0219,0.1215,0.0104,6.15,Low,False,none
TRD0118921,TRD0028,CMP032,MXGK,2025-11-10 13:42:06,BUY,ETF,Bracket Order,6727,1140.31,7670865.37,0.9727,1.6457,4,1,0.8417,1908.63,101.78,False,0.231,False,False,7,0.0474,0.4399,1.83,0.0036,0.2044,0.1782,13.37,Low,False,none
TRD0064813,TRD0248,CMP037,BUYO,2026-02-26 13:10:53,BUY,ETF,Bracket Order,84036,228.42,19195503.12,1.4522,0.111,3,15,1.2722,1953.52,551.75,False,0.5883,False,False,2,0.0398,0.4378,2.29,0.1274,0.0611,0.0499,12.69,Low,False,none
TRD0023562,TRD0192,CMP035,AQPF,2026-06-13 14:35:16,SELL,ETF,Cover Order,41059,1024.21,42053038.39,0.5789,0.2823,5,16,1.0503,133.25,159.41,False,-1.0574,False,False,0,0.085,0.434,-1.14,0.0948,0.0035,0.0127,8.9,Low,False,none
TRD0094173,TRD0069,CMP046,LUQA,2025-12-08 12:59:56,SELL,ETF,Bracket Order,74547,210.81,15715253.07,1.0254,0.1477,4,2,1.0374,679.14,9999.0,False,0.6777,False,False,0,0.0337,0.3824,-1.59,0.0288,0.0995,0.1037,9.66,Low,False,none
TRD0024290,TRD0105,CMP039,JDXM,2026-05-06 12:15:38,BUY,Equity,Market,12665,101.41,1284357.65,0.5401,0.5976,2,9,0.6514,725.69,7.11,False,-0.6579,False,False,3,0.0839,0.2692,0.08,0.1932,0.0259,0.2525,15.95,Low,False,none
TRD0019970,TRD0197,CMP004,KQZJ,2025-10-28 10:47:43,SELL,ETF,Stop-Loss,20511,112.35,2304410.85,0.921,0.7769,4,14,1.6508,565.0,9999.0,False,-0.5714,False,False,6,0.1086,0.1615,2.63,0.0007,0.1475,0.0662,7.06,Low,False,none
TRD0106126,TRD0034,CMP034,SIHG,2026-05-17 14:45:33,BUY,Options,Limit,66563,342.02,22765877.26,11.581,6.7637,4,24,3.8521,9999.0,4.92,False,3.0723,True,False,7,0.3894,0.0662,3.69,0.8906,0.6319,0.2323,63.18,Medium,True,circular_trading
TRD0101992,TRD0235,CMP036,UCCA,2026-04-28 13:22:36,SELL,Equity,Cover Order,10550,121.93,1286361.5,1.0044,0.4555,3,24,0.8004,947.7,124.22,False,0.2765,False,False,7,0.0654,0.3386,3.97,0.1315,0.0085,0.1157,11.29,Low,False,none
TRD0036598,TRD0184,CMP035,AQPF,2025-12-09 08:01:48,SELL,Equity,Stop-Loss,1134942,1046.11,1187274175.62,6.8294,6.5851,5,12,1.6821,46.96,528.86,True,3.2794,False,True,1,0.7424,0.8894,4.88,0.6401,0.963,0.8375,79.15,High,True,spoofing
TRD0087611,TRD0243,CMP027,BNLN,2026-02-10 13:50:40,SELL,Equity,Stop-Loss,15390,261.1,4018329.0,0.6147,0.2451,2,21,1.8143,3002.26,1031.77,False,0.4902,False,False,6,0.0281,0.2698,3.04,0.0234,0.2457,0.111,12.79,Low,False,none
TRD0119006,TRD0213,CMP034,SIHG,2026-02-10 13:35:17,SELL,Equity,Market,6241,316.67,1976337.47,1.0741,-0.5864,1,23,0.6947,27.78,1789.34,True,0.0644,False,False,5,0.0307,0.3075,7.08,0.0384,0.0237,0.215,8.74,Low,False,none
TRD0070823,TRD0255,CMP008,OIUY,2026-05-13 12:31:27,SELL,ETF,Limit,58043,902.94,52409346.42,1.9238,1.4009,1,10,0.7591,222.92,444.91,False,0.5301,False,False,3,0.0066,0.8046,4.64,0.1255,0.1795,0.0236,19.43,Low,False,none
TRD0050597,TRD0042,CMP000,SPDZ,2026-05-27 18:33:54,SELL,Futures,Stop-Loss,874063,472.18,412715067.34,7.7613,6.7421,5,5,3.9991,11.05,2065.49,True,4.3648,True,True,2,0.1329,0.4561,0.38,0.7266,0.6765,0.721,68.37,Medium,True,insider_trading
TRD0059082,TRD0362,CMP013,RXNL,2025-11-19 15:27:52,BUY,Equity,Cover Order,29198,119.31,3483613.38,0.7465,1.5562,2,22,1.0586,1187.88,163.84,False,-1.0605,False,False,6,0.0692,0.1275,5.55,0.0678,0.174,0.013,9.74,Low,False,none
TRD0087898,TRD0414,CMP018,YGCX,2025-12-30 11:47:07,SELL,Equity,Stop-Loss,10943,793.72,8685677.96,11.8918,4.2344,5,5,3.7051,22.82,9999.0,True,3.1862,False,False,7,0.2886,0.8918,1.28,0.9667,0.8353,0.6476,87.19,Critical,True,layering
TRD0111948,TRD0029,CMP002,JBDO,2026-06-21 14:22:48,SELL,ETF,Bracket Order,22509,103.19,2322703.71,0.9864,0.9116,3,23,0.6064,9999.0,583.47,False,-0.1207,False,False,6,0.1381,0.0282,5.59,0.0037,0.198,0.0329,6.88,Low,False,none
TRD0070991,TRD0224,CMP051,NQWS,2026-04-24 13:40:52,SELL,Equity,Cover Order,53795,31.27,1682169.65,1.0139,0.2905,1,17,1.827,219.56,1959.24,False,-1.2069,False,False,4,0.125,0.2941,4.4,0.1066,0.1171,0.0822,12.48,Low,False,none
TRD0074675,TRD0222,CMP025,JXOT,2026-06-14 13:37:04,BUY,Options,Bracket Order,107545,258.64,27815438.8,7.821,3.3455,3,20,3.834,19.38,1114.84,True,2.536,True,False,7,0.8937,0.7021,7.13,0.8674,0.8429,0.9109,85.0,Critical,True,circular_trading
TRD0059406,TRD0222,CMP046,LUQA,2026-04-25 12:58:09,SELL,Options,Stop-Loss,114862,155.47,17857595.14,6.1801,3.2617,4,13,3.017,31.1,476.87,True,4.8378,True,False,1,0.8651,0.7021,4.48,0.8823,0.7543,0.7752,80.98,High,True,wash_trading
TRD0016160,TRD0350,CMP009,QWEI,2026-05-25 14:38:55,BUY,ETF,Limit,10616,128.94,1368827.04,0.6796,0.3563,4,10,1.1344,44.16,406.54,True,-0.1801,False,False,2,0.0462,0.2726,0.4,0.0464,0.0629,0.034,7.21,Low,False,none
TRD0082221,TRD0048,CMP009,QWEI,2026-04-15 17:23:03,BUY,Equity,Cover Order,9259,113.17,1047841.03,0.9521,-1.0647,1,21,1.5853,550.72,549.61,False,-0.0485,False,True,5,0.0788,0.0957,1.89,0.0036,0.0873,0.0296,4.18,Low,False,none
TRD0070205,TRD0385,CMP017,FNLM,2026-04-13 09:35:42,SELL,Equity,Limit,120088,580.98,69768726.24,10.1545,4.292,1,22,2.2015,24.23,780.33,True,3.0067,False,False,7,0.6972,0.69,4.41,0.8458,0.9216,0.9602,87.01,Critical,True,front_running
TRD0016423,TRD0301,CMP029,OPWR,2026-06-24 11:10:48,SELL,ETF,Market,50718,86.0,4361748.0,0.6896,0.4118,3,23,1.5453,9999.0,1153.21,False,-0.1047,False,False,0,0.1643,0.3262,-1.76,0.2139,0.0129,0.1423,15.41,Low,False,none
TRD0057176,TRD0336,CMP041,LXML,2026-01-03 12:20:14,SELL,ETF,Bracket Order,34249,458.8,15713441.2,0.9563,0.6659,5,11,1.7149,96.78,364.39,False,-1.5665,False,False,1,0.0496,0.7178,2.34,0.0622,0.0413,0.077,12.37,Low,False,none
TRD0087019,TRD0222,CMP029,OPWR,2026-03-03 15:30:59,SELL,ETF,Bracket Order,136228,69.27,9436513.56,7.8862,4.07,1,5,3.9491,1554.45,15.26,False,4.8419,False,False,3,0.3666,0.7021,1.37,0.9341,0.8301,0.8367,86.51,Critical,True,layering
TRD0115825,TRD0410,CMP010,VTWH,2026-02-01 13:03:45,SELL,Equity,Cover Order,69957,68.01,4757775.57,0.9868,0.5363,4,9,1.7304,635.8,1862.4,False,0.9134,False,False,4,0.056,0.4317,3.7,0.0065,0.0563,0.0182,6.57,Low,False,none
TRD0105076,TRD0045,CMP027,BNLN,2025-12-27 11:41:23,BUY,Equity,Stop-Loss,72714,260.35,18931089.9,6.9431,4.0996,3,15,1.6118,50.39,269.97,False,4.1793,False,False,6,1.246,0.788,2.48,0.9398,0.7269,0.8609,84.89,High,True,insider_trading
TRD0080666,TRD0184,CMP023,OTXX,2026-04-30 11:26:56,BUY,ETF,Bracket Order,493270,3163.92,1560666818.4,3.3626,3.8842,4,24,1.7838,7.73,2850.05,True,3.1895,False,False,0,0.4895,0.8894,-1.01,0.85,0.838,0.7333,83.28,High,True,spoofing
TRD0005594,TRD0277,CMP008,OIUY,2026-01-24 18:06:23,BUY,ETF,Bracket Order,21982,878.15,19303493.3,0.7665,0.7591,3,2,0.9029,930.13,859.1,False,-0.2767,False,True,0,0.0087,0.1718,-4.89,0.0131,0.076,0.0146,4.81,Low,False,none
TRD0081582,TRD0189,CMP009,QWEI,2025-11-13 16:07:19,SELL,Equity,Cover Order,133418,136.81,18252916.58,11.3833,6.8883,1,7,1.6165,463.92,2.33,False,2.3136,False,True,7,0.5655,0.3276,1.6,0.8402,0.5201,0.5048,64.26,Medium,True,insider_trading
TRD0063274,TRD0427,CMP023,OTXX,2026-02-08 10:14:56,SELL,ETF,Stop-Loss,101344,3183.54,322632677.76,0.9551,1.1559,5,10,1.2859,1952.93,904.85,False,0.1716,False,False,0,0.0636,0.107,-1.28,0.1623,0.1185,0.0475,12.64,Low,False,none
TRD0023590,TRD0256,CMP036,UCCA,2026-06-23 13:18:29,BUY,Equity,Limit,178598,133.19,23787467.62,1.0807,-1.2446,4,9,1.1365,9999.0,396.23,False,1.3175,False,False,0,0.1329,0.0896,-2.5,0.0471,0.0955,0.0577,6.75,Low,False,none
TRD0036323,TRD0324,CMP033,CHAM,2026-01-16 11:14:37,SELL,Equity,Limit,76526,1373.34,105096216.84,11.5107,3.8118,2,6,2.5136,25.39,611.88,True,3.6394,False,False,2,0.4004,0.186,5.45,0.8405,0.5371,0.4853,63.07,Medium,True,front_running
TRD0059428,TRD0034,CMP007,PZVF,2026-01-27 09:58:20,SELL,Futures,Bracket Order,63363,56.95,3608522.85,9.947,5.9295,3,12,3.758,32.05,574.3,True,4.3826,True,False,2,0.5071,0.0662,5.06,0.8921,0.7752,0.6081,73.18,High,True,spoofing
TRD0045473,TRD0184,CMP022,TTZR,2026-02-14 14:02:36,BUY,Equity,Stop-Loss,860265,445.75,383463123.75,5.1095,2.6463,4,22,2.8613,13.25,1383.96,True,2.5806,False,False,4,0.5364,0.8894,2.15,0.6934,0.844,0.7441,76.58,High,True,insider_trading
TRD0029657,TRD0319,CMP037,BUYO,2025-11-28 13:49:13,BUY,ETF,Market,416854,270.8,112884063.2,1.9129,1.0109,2,1,0.6025,1607.61,9999.0,False,-0.6696,False,False,0,0.0252,0.3621,-7.18,0.0472,0.1241,0.1339,11.48,Low,False,none
TRD0018267,TRD0331,CMP006,XBFQ,2025-10-30 09:34:58,SELL,ETF,Stop-Loss,17190,74.92,1287874.8,1.1231,0.123,3,4,1.3591,2619.04,9999.0,False,-0.4274,False,False,0,0.0987,0.0472,-2.19,0.0654,0.038,0.0252,4.93,Low,False,none
TRD0001764,TRD0338,CMP035,AQPF,2026-06-22 15:01:57,BUY,Equity,Stop-Loss,5868,1076.2,6315141.6,0.9849,2.1165,4,16,1.4404,9999.0,83.2,False,0.0366,False,False,0,0.0959,0.3128,-6.05,0.0093,0.3512,0.0088,14.21,Low,False,none
TRD0115488,TRD0494,CMP033,CHAM,2025-12-20 10:45:11,SELL,Equity,Market,8888,1344.23,11947516.24,0.5871,0.5591,5,14,1.4425,36.61,127.79,True,1.8467,False,False,0,0.0813,0.1402,-6.04,0.062,0.0174,0.1086,6.34,Low,False,none
TRD0037439,TRD0252,CMP055,NKNY,2026-01-07 12:58:35,BUY,ETF,Market,337344,1087.87,366986417.28,9.9434,3.3057,3,14,1.8789,331.86,2.21,False,4.5945,False,False,0,0.2015,0.7888,-0.81,0.8265,0.9471,0.863,86.44,Critical,True,front_running
TRD0008485,TRD0405,CMP043,QBPR,2025-11-24 09:00:42,SELL,Equity,Stop-Loss,53401,423.99,22641489.99,1.2,-0.0092,4,21,1.8037,1566.88,9999.0,False,0.3832,False,False,0,0.0347,0.1099,-1.96,0.0049,0.0056,0.0234,1.84,Low,False,none
TRD0017942,TRD0222,CMP010,VTWH,2026-03-17 15:57:36,SELL,Options,Bracket Order,167626,65.78,11026438.28,10.2159,2.9832,5,8,3.4447,26.69,10.08,True,4.4143,True,False,5,0.6195,0.7021,4.37,0.6744,0.7919,0.7887,72.96,High,True,circular_trading
TRD0116639,TRD0110,CMP052,QXXS,2026-03-26 15:12:33,SELL,ETF,Stop-Loss,10116,1802.24,18231459.84,0.8935,-0.1338,3,17,0.7876,457.1,514.71,False,-0.4793,False,False,5,0.0732,0.2277,2.61,0.0495,0.2307,0.032,11.91,Low,False,none
TRD0067892,TRD0390,CMP007,PZVF,2026-01-27 11:01:32,SELL,ETF,Market,80554,79.78,6426598.12,10.5076,3.9442,5,5,2.9886,31.0,575.35,True,3.5215,False,False,2,0.0963,0.6803,3.48,0.7056,0.5779,0.7725,67.48,Medium,True,insider_trading
TRD0007284,TRD0015,CMP045,BPXM,2026-03-23 13:20:17,SELL,ETF,Stop-Loss,23539,251.99,5931592.61,1.0276,-0.9453,2,15,0.5332,708.01,1237.93,False,-0.8949,False,False,0,0.0737,0.1579,-1.36,0.0663,0.0087,0.0142,5.04,Low,False,none
TRD0087104,TRD0408,CMP016,FWEI,2026-02-03 12:24:47,SELL,Futures,Cover Order,12782,845.61,10808587.02,1.1875,0.3719,1,10,1.7611,115.95,1179.1,False,0.4544,True,False,4,0.073,0.16,0.81,0.0158,0.0121,0.066,3.66,Low,False,none
TRD0031915,TRD0011,CMP032,MXGK,2025-11-04 16:18:10,SELL,Futures,Limit,403628,1127.44,455066352.32,5.111,6.7998,3,1,2.8098,39.61,9999.0,True,4.9701,True,True,5,0.6013,0.2215,5.14,0.9925,0.7461,0.4668,76.26,High,True,circular_trading
TRD0102766,TRD0218,CMP047,VBOF,2026-02-06 13:01:11,SELL,Equity,Limit,51468,256.55,13204115.4,1.2072,0.1906,3,19,0.5028,51.63,118.49,False,0.3731,False,False,6,0.1152,0.0623,6.35,0.0475,0.0534,0.0265,4.76,Low,False,none
TRD0070976,TRD0210,CMP016,FWEI,2026-03-11 14:32:38,BUY,ETF,Stop-Loss,104657,821.31,85955840.67,4.492,2.8403,1,15,2.7781,19.42,750.18,True,3.1115,False,False,0,0.6555,0.8977,-0.13,0.9566,0.5505,0.4399,75.14,High,True,circular_trading
TRD0065115,TRD0430,CMP016,FWEI,2025-11-05 13:33:31,BUY,Equity,Bracket Order,19936,823.02,16407726.72,0.7958,-0.5717,1,20,1.1371,311.52,9999.0,False,-0.8184,False,False,0,0.0288,0.2994,-2.54,0.0155,0.0115,0.018,4.31,Low,False,none
TRD0014546,TRD0493,CMP031,NGEI,2025-10-11 10:35:33,SELL,ETF,Bracket Order,11922,470.41,5608228.02,1.6471,1.0391,2,11,0.5365,2181.61,9999.0,False,-0.1258,False,False,3,0.0417,0.238,4.53,0.0969,0.0304,0.033,8.15,Low,False,none
TRD0004295,TRD0067,CMP016,FWEI,2026-04-15 10:38:51,SELL,ETF,Bracket Order,26430,821.62,21715416.6,1.0872,-0.6034,2,14,1.2864,48.82,816.68,False,2.0702,False,False,0,0.0704,0.0933,-4.86,0.154,0.0838,0.051,11.14,Low,False,none
TRD0086586,TRD0453,CMP011,CGLO,2025-11-04 13:14:08,SELL,Futures,Market,40793,32.66,1332299.38,3.5338,6.9241,2,12,3.36,44.64,24.25,True,2.8087,True,False,5,0.2018,0.1975,12.12,0.6213,0.8712,0.5835,64.82,Medium,True,front_running
TRD0015439,TRD0336,CMP027,BNLN,2025-12-28 12:54:43,SELL,Equity,Stop-Loss,177627,274.26,48715981.02,4.7425,3.6002,4,9,1.6011,25.17,295.2,True,2.6991,False,False,0,0.3879,0.7178,-2.42,0.9071,0.8707,0.7271,85.02,Critical,True,insider_trading
TRD0053584,TRD0255,CMP027,BNLN,2026-01-14 10:53:18,SELL,Equity,Market,27612,293.71,8109920.52,0.8394,0.4169,5,24,0.8924,3653.22,380.81,False,0.7136,False,False,4,0.0122,0.8046,2.75,0.1073,0.1031,0.0445,16.63,Low,False,none
TRD0098170,TRD0045,CMP058,JGPO,2026-05-12 14:11:44,SELL,Equity,Stop-Loss,135169,351.02,47447022.38,10.2985,6.1444,5,12,2.0746,246.04,8.2,False,4.257,False,False,7,1.0539,0.788,4.73,0.441,0.7824,0.8164,63.44,Medium,True,spoofing
TRD0001060,TRD0210,CMP056,ASGU,2026-03-13 15:02:10,BUY,Futures,Cover Order,170289,734.0,124992126.0,8.7926,2.7265,3,10,1.9424,15.77,2813.79,True,4.6604,True,False,5,0.7355,0.8977,5.64,0.9521,0.4219,0.6207,73.79,High,True,layering
TRD0028647,TRD0363,CMP007,PZVF,2026-03-10 12:14:08,SELL,ETF,Limit,7482,30.99,231867.18,1.5913,0.4663,2,7,1.8696,100.23,978.21,False,-0.3506,False,False,5,0.0138,0.0525,0.86,0.0314,0.0837,0.1068,6.05,Low,False,none
TRD0088377,TRD0291,CMP051,NQWS,2026-05-26 14:03:56,BUY,Futures,Cover Order,17599,6.64,116857.36,1.1063,0.8569,5,14,0.9718,5.26,404.81,True,-0.6753,True,False,0,0.1004,0.1156,-3.72,0.0391,0.4189,0.0866,16.78,Low,False,none
TRD0053773,TRD0462,CMP013,RXNL,2025-11-12 15:04:12,BUY,ETF,Bracket Order,479462,104.05,49888021.1,11.7544,6.7022,4,17,2.6134,4.56,9999.0,True,4.6843,False,False,3,0.017,0.5748,4.45,0.8394,0.6624,0.4078,69.51,Medium,True,spoofing
TRD0048682,TRD0338,CMP012,INMT,2026-05-26 14:41:46,SELL,Options,Bracket Order,54102,255.14,13803584.28,8.8588,3.0456,4,23,2.5655,9999.0,8.45,False,4.8223,True,False,0,0.9222,0.3128,-0.19,0.6619,0.8934,0.7093,70.36,High,True,insider_trading
TRD0039259,TRD0385,CMP026,UGLJ,2026-05-09 15:30:12,BUY,Equity,Market,110393,1524.33,168275361.69,10.4929,6.8203,4,5,1.5637,230.07,3.58,False,2.2486,False,False,4,0.7522,0.69,1.78,0.8972,0.9375,0.9181,89.17,Critical,True,front_running
TRD0072664,TRD0374,CMP031,NGEI,2026-02-18 10:27:27,BUY,Equity,Market,9357,456.23,4268944.11,0.8438,0.4178,3,14,1.6827,1072.93,417.06,False,-1.7661,False,False,0,0.0198,0.2015,-4.76,0.0225,0.048,0.0608,5.38,Low,False,none
TRD0071452,TRD0472,CMP033,CHAM,2026-06-06 14:47:51,SELL,Equity,Stop-Loss,16218,1372.45,22258394.1,0.5532,1.0251,2,18,1.8054,9999.0,1055.42,False,-1.4359,False,False,5,0.0034,0.2599,0.11,0.1199,0.0232,0.0558,9.53,Low,False,none
TRD0086212,TRD0330,CMP037,BUYO,2026-02-03 13:20:33,SELL,Futures,Bracket Order,347584,229.28,79694059.52,9.7718,6.4479,3,5,2.2705,0.09,9999.0,True,3.4896,True,False,6,0.7072,0.2982,7.45,0.6307,0.8563,0.6522,66.84,Medium,True,layering
TRD0116392,TRD0385,CMP048,JGWJ,2026-05-23 12:51:10,BUY,ETF,Cover Order,67001,117.51,7873287.51,5.6072,4.9073,4,19,2.5702,4.86,903.19,True,4.6668,False,False,5,1.1127,0.69,3.89,0.9146,0.9953,0.5173,85.68,Critical,True,insider_trading
TRD0044311,TRD0390,CMP050,MCCS,2026-03-19 14:32:59,SELL,Equity,Stop-Loss,35871,73.36,2631496.56,3.5407,4.7252,2,12,1.5608,4.95,256.72,True,4.909,False,False,0,0.2907,0.6803,-2.28,0.9816,0.8643,0.8033,88.95,Critical,True,insider_trading
TRD0004261,TRD0073,CMP035,AQPF,2026-01-21 12:17:57,BUY,Equity,Bracket Order,3816,1054.13,4022560.08,0.9844,-0.7282,5,9,1.1163,2141.9,696.31,False,0.5594,False,False,6,0.0327,0.1504,2.19,0.082,0.0455,0.0471,7.27,Low,False,none
TRD0020726,TRD0252,CMP006,XBFQ,2026-02-15 11:16:06,BUY,Equity,Bracket Order,216568,60.59,13121855.12,5.3529,4.2272,1,21,2.9986,25.36,9999.0,True,2.8168,False,False,2,0.8131,0.7888,7.49,0.9143,0.3513,0.3403,64.68,Medium,True,insider_trading
TRD0062192,TRD0041,CMP044,UDJH,2026-05-29 10:17:10,SELL,Equity,Stop-Loss,173919,44.35,7713307.65,8.3398,3.2648,4,4,3.643,34.59,455.43,True,4.0087,False,False,6,0.2334,0.862,3.81,0.8122,0.8191,0.5004,77.25,High,True,spoofing
TRD0104688,TRD0255,CMP058,JGPO,2025-12-28 16:49:15,BUY,ETF,Stop-Loss,88481,310.33,27458308.73,3.235,2.6317,4,19,1.5419,7.17,598.98,True,4.2164,False,True,2,0.2655,0.8046,3.65,0.6573,0.653,0.77,68.76,Medium,True,spoofing
TRD0051230,TRD0091,CMP058,JGPO,2026-05-10 09:06:30,SELL,Futures,Bracket Order,463770,295.69,137132151.3,6.4632,4.2233,2,14,1.9469,44.88,841.61,True,3.6715,True,False,1,0.501,0.1658,5.02,0.8429,0.6728,0.88,72.97,High,True,circular_trading
TRD0027106,TRD0475,CMP027,BNLN,2025-12-27 14:24:55,SELL,Futures,Stop-Loss,1605041,285.09,457581138.69,5.0451,5.2292,4,22,3.6849,47.66,272.7,True,4.1659,True,False,2,0.4215,0.8184,3.2,0.8161,0.9269,0.5651,81.19,High,True,insider_trading
TRD0119944,TRD0271,CMP049,JIRH,2026-03-04 13:45:17,BUY,ETF,Market,20665,129.68,2679837.2,1.355,-1.3797,1,6,0.7574,9999.0,845.2,False,0.4555,False,False,4,0.0861,0.4495,1.31,0.0273,0.0812,0.0749,9.28,Low,False,none
TRD0116655,TRD0372,CMP021,TXFE,2025-11-26 08:15:36,BUY,Futures,Stop-Loss,135103,71.21,9620684.63,5.6721,5.6976,1,23,3.8611,6.66,65.69,True,2.6597,True,True,4,0.9965,0.5577,0.51,0.7436,0.7978,0.535,71.0,High,True,wash_trading
TRD0009425,TRD0414,CMP020,IARJ,2026-01-03 13:16:17,SELL,Options,Stop-Loss,898,1088.17,977176.66,1.0534,0.8164,3,13,0.7588,318.81,301.58,False,-0.3917,True,False,0,0.0545,0.8918,-1.68,0.1861,0.0522,0.0477,19.57,Low,False,none
TRD0085754,TRD0079,CMP041,LXML,2026-05-29 16:10:13,BUY,ETF,Market,4881,488.5,2384368.5,0.7587,0.7623,1,13,1.4984,9999.0,997.15,False,-0.2975,False,True,2,0.0262,0.0359,4.17,0.0709,0.0438,0.1387,6.94,Low,False,none
TRD0028175,TRD0029,CMP018,YGCX,2026-03-17 13:13:23,SELL,Equity,Limit,27222,759.23,20667759.06,1.4972,0.7303,1,5,1.0573,675.89,378.45,False,0.1291,False,False,0,0.0624,0.0282,-0.94,0.0081,0.2306,0.0389,8.15,Low,False,none
TRD0065067,TRD0041,CMP016,FWEI,2025-11-17 10:17:22,BUY,Equity,Market,145066,833.12,120857385.92,6.305,6.4348,1,9,3.3071,26.79,9999.0,True,2.1573,False,False,3,0.3956,0.862,4.16,0.8738,0.5197,0.8262,75.92,High,True,wash_trading
TRD0101507,TRD0212,CMP031,NGEI,2026-02-22 12:15:09,SELL,Equity,Limit,2806,444.26,1246593.56,1.0677,0.2284,5,14,1.6831,975.14,514.85,False,0.8292,False,False,0,0.037,0.2943,-0.23,0.0338,0.1342,0.0021,8.52,Low,False,none
TRD0057575,TRD0106,CMP032,MXGK,2026-05-07 09:55:15,BUY,Equity,Cover Order,2679,1164.04,3118463.16,0.7683,-0.6652,5,17,1.7411,310.04,1659.53,False,0.2727,False,False,1,0.0016,0.2705,2.6,0.0535,0.052,0.0156,6.91,Low,False,none
TRD0115269,TRD0248,CMP057,PNYK,2025-12-31 12:46:53,SELL,Equity,Bracket Order,187287,80.65,15104696.55,3.8746,3.2823,4,12,3.0985,20.48,73.78,True,2.5511,False,False,5,0.1935,0.4378,9.86,0.6072,0.8325,0.8741,69.79,Medium,True,circular_trading
TRD0026384,TRD0129,CMP032,MXGK,2025-10-25 13:39:13,BUY,ETF,Market,4288,1184.16,5077678.08,1.1,-0.6825,5,12,1.7344,282.26,9999.0,False,0.2606,False,False,0,0.0864,0.2007,-2.48,0.0109,0.1083,0.1076,7.36,Low,False,none
TRD0097874,TRD0412,CMP011,CGLO,2026-04-15 14:06:44,SELL,ETF,Bracket Order,488559,83.62,40853303.58,8.813,5.8188,2,4,2.5167,485.22,6.11,False,3.9771,False,False,4,0.8057,0.5609,6.09,0.9565,0.9384,0.7961,88.74,Critical,True,wash_trading
TRD0046099,TRD0180,CMP035,AQPF,2026-06-06 17:49:48,SELL,Equity,Bracket Order,173970,1048.66,182435380.2,9.2516,6.3129,3,23,1.6311,5.35,1127.64,True,4.3759,False,True,2,0.2484,0.0771,1.72,0.6281,0.936,0.7058,67.7,Medium,True,wash_trading
TRD0020886,TRD0340,CMP043,QBPR,2026-05-14 09:04:29,SELL,Futures,Market,303326,436.4,132371466.4,8.4658,6.3214,3,1,2.071,39.0,2537.18,True,3.3704,True,False,6,0.7855,0.1967,7.0,0.7935,0.8429,0.3901,68.81,Medium,True,insider_trading
TRD0081063,TRD0002,CMP029,OPWR,2025-12-28 14:19:46,SELL,ETF,Market,27509,79.5,2186965.5,1.0272,0.9345,4,5,1.0374,235.7,97.71,False,-0.2411,False,False,1,0.0773,0.2937,1.76,0.0776,0.1761,0.0933,13.11,Low,False,none
TRD0103950,TRD0252,CMP039,JDXM,2026-05-06 17:25:54,SELL,ETF,Market,388711,114.72,44592925.92,8.2779,5.2102,4,4,2.8699,720.52,12.28,False,2.3083,False,True,4,0.0803,0.7888,0.07,0.6838,0.7856,0.3288,67.16,Medium,True,circular_trading
TRD0048717,TRD0475,CMP032,MXGK,2026-05-19 10:25:10,BUY,Options,Bracket Order,2129516,1163.55,2477798341.8,8.5446,2.8787,2,18,3.973,21.54,1948.03,True,4.5207,True,False,0,0.4815,0.8184,-1.06,0.9897,0.8925,0.8174,91.76,Critical,True,layering
TRD0100143,TRD0390,CMP025,JXOT,2025-11-09 08:24:46,SELL,Equity,Market,45855,248.34,11387630.7,4.3319,3.2652,5,20,1.7772,18.17,9999.0,True,4.1768,False,True,7,1.2095,0.6803,5.16,0.9511,0.9399,0.7149,88.52,Critical,True,insider_trading
TRD0098300,TRD0474,CMP037,BUYO,2026-05-18 12:15:04,SELL,Options,Limit,48625,259.57,12621591.25,5.3669,5.7295,2,13,3.6456,10.45,2494.82,True,4.4798,True,False,0,0.5012,0.4314,-1.55,0.556,0.8494,0.7512,66.08,Medium,True,insider_trading
TRD0108884,TRD0349,CMP056,ASGU,2026-04-16 11:53:54,SELL,ETF,Stop-Loss,88029,721.62,63523486.98,1.0964,-1.018,4,20,0.5539,9999.0,797.09,False,-0.0689,False,False,3,0.0004,0.1307,5.89,0.0845,0.182,0.1232,12.42,Low,False,none
TRD0032315,TRD0168,CMP034,SIHG,2025-12-16 14:32:32,BUY,Equity,Limit,9770,342.79,3349058.3,0.9942,-0.5478,2,2,0.5212,1370.83,446.3,False,0.3408,False,False,6,0.0338,0.2017,2.56,0.0124,0.0131,0.0119,3.15,Low,False,none
TRD0117927,TRD0391,CMP002,JBDO,2026-04-30 14:05:52,BUY,ETF,Cover Order,122759,80.0,9820720.0,6.6399,6.9742,4,21,2.0649,2.11,1535.52,True,4.4553,False,False,1,0.5414,0.2387,1.74,0.7994,0.7759,0.8118,73.81,High,True,insider_trading
TRD0115537,TRD0385,CMP047,VBOF,2026-02-01 17:00:40,SELL,Futures,Stop-Loss,45559,287.57,13101401.63,3.8373,5.9065,2,17,3.953,167.64,2.48,False,2.8172,True,True,5,0.5823,0.69,5.49,0.9032,0.9329,0.8767,88.68,Critical,True,front_running
TRD0013139,TRD0171,CMP020,IARJ,2026-06-13 13:40:33,SELL,Equity,Bracket Order,27771,1083.7,30095432.7,1.2802,2.4445,4,16,1.7953,9999.0,1268.6,False,-1.0523,False,False,4,0.05,0.3125,4.12,0.1012,0.0826,0.0146,10.38,Low,False,none
TRD0090965,TRD0336,CMP036,UCCA,2025-12-05 09:02:52,BUY,Equity,Cover Order,275803,138.94,38320068.82,7.4904,3.2589,2,7,2.4865,20.07,143.69,True,3.8562,False,False,2,0.2727,0.7178,2.86,0.7605,0.7808,0.8828,78.07,High,True,layering
TRD0005091,TRD0063,CMP002,JBDO,2026-05-27 09:33:42,BUY,Equity,Cover Order,204358,110.48,22577471.84,6.1186,2.5309,3,21,2.8327,21.34,641.36,True,4.3534,False,False,6,0.5001,0.6313,1.67,0.6176,0.655,0.5353,61.78,Medium,True,insider_trading
TRD0005580,TRD0346,CMP015,WXZK,2026-03-29 10:01:14,SELL,Equity,Bracket Order,47005,563.64,26493898.2,1.8624,0.0895,5,24,1.9549,778.75,722.73,False,-0.5432,False,False,1,0.0737,0.0967,1.77,0.2529,0.0777,0.0023,14.71,Low,False,none
TRD0091019,TRD0414,CMP047,VBOF,2025-11-01 13:58:28,SELL,Futures,Stop-Loss,3716,254.75,946651.0,5.2512,5.8629,4,10,2.8644,31.6,9999.0,True,3.6247,True,False,2,0.4053,0.8918,4.89,0.7108,0.8782,0.6376,76.81,High,True,wash_trading
TRD0029573,TRD0416,CMP001,LMTI,2026-04-23 08:53:49,BUY,Equity,Market,259943,347.57,90348388.51,4.5568,6.2422,3,11,3.8965,37.92,1063.87,True,4.7614,False,True,2,0.8811,0.3352,4.41,0.6145,0.8765,0.6344,66.82,Medium,True,circular_trading
TRD0092712,TRD0292,CMP047,VBOF,2026-02-11 12:03:37,BUY,ETF,Cover Order,106028,239.18,25359777.04,0.8343,0.3549,5,4,0.636,252.15,67.41,False,-0.5161,False,False,0,0.0439,0.3059,-0.49,0.0024,0.1025,0.0676,7.26,Low,False,none
TRD0102561,TRD0259,CMP015,WXZK,2026-03-15 07:59:13,BUY,ETF,Stop-Loss,61250,596.96,36563800.0,1.4884,-1.1334,2,12,0.9294,1116.78,384.7,False,-1.3091,False,True,0,0.0278,0.1922,-1.11,0.0661,0.2017,0.1203,12.75,Low,False,none
TRD0065254,TRD0359,CMP025,JXOT,2025-11-30 12:38:28,SELL,Equity,Limit,73829,246.61,18206969.69,11.0093,3.455,5,8,3.2835,1500.65,11.05,False,4.9151,False,False,0,0.1048,0.3502,-0.09,0.58,0.8928,0.6809,66.6,Medium,True,spoofing
TRD0052959,TRD0181,CMP057,PNYK,2026-04-25 11:45:37,SELL,Futures,Bracket Order,113907,82.33,9377963.31,6.0814,6.0995,3,1,2.6851,45.75,2223.45,True,2.0068,True,False,7,0.0552,0.3502,0.34,0.7127,0.5806,0.5657,61.48,Medium,True,front_running
TRD0041240,TRD0359,CMP019,ADNW,2026-01-02 11:16:00,SELL,Equity,Limit,55726,8.99,500976.74,7.7916,3.1316,5,20,3.832,4.19,9999.0,True,4.5271,False,False,2,0.5233,0.3502,6.79,0.7088,0.8015,0.4312,65.91,Medium,True,layering
TRD0102579,TRD0063,CMP039,JDXM,2026-06-14 09:08:27,SELL,Equity,Stop-Loss,220916,102.58,22661563.28,6.1885,4.3154,3,14,1.901,12.73,207.19,True,2.1011,False,False,1,0.1596,0.6313,7.66,0.9509,0.9753,0.6486,88.09,Critical,True,layering
TRD0019286,TRD0414,CMP002,JBDO,2026-06-02 10:56:32,BUY,Equity,Cover Order,922,113.29,104453.38,1.3671,-0.3911,2,22,0.6174,9999.0,124.04,False,-0.251,False,False,3,0.1048,0.8918,3.63,0.0222,0.0923,0.0062,12.78,Low,False,none
TRD0039376,TRD0294,CMP033,CHAM,2026-05-25 12:30:54,SELL,ETF,Bracket Order,20527,1393.61,28606632.47,0.3941,0.8675,5,3,1.9038,9999.0,765.14,False,-0.1483,False,False,7,0.0913,0.1304,2.12,0.0351,0.1586,0.0138,7.85,Low,False,none
TRD0046979,TRD0041,CMP046,LUQA,2026-04-04 13:19:34,BUY,Options,Limit,138181,169.32,23396806.92,6.4864,5.9599,1,17,2.1159,26.78,368.61,True,4.4743,True,False,5,0.2929,0.862,3.27,0.911,0.8069,0.8382,86.4,Critical,True,circular_trading
TRD0075507,TRD0413,CMP054,SCIM,2026-05-25 07:04:46,BUY,ETF,Limit,340825,168.82,57538076.5,8.3629,3.7122,3,9,3.9524,26.64,4933.29,True,3.8879,False,True,4,0.1918,0.1505,6.39,0.8398,0.5273,0.4785,62.29,Medium,True,wash_trading
TRD0000633,TRD0083,CMP022,TTZR,2026-03-06 18:46:46,SELL,Equity,Stop-Loss,212718,433.13,92134547.34,7.0812,3.5909,3,1,1.9418,1671.34,9.33,False,2.4329,False,True,0,0.2644,0.1354,-7.41,0.8957,0.9551,0.789,82.15,High,True,front_running
TRD0067783,TRD0248,CMP037,BUYO,2026-05-17 15:18:30,SELL,Equity,Stop-Loss,684027,225.87,154501178.49,11.8966,6.9965,3,11,2.3275,31.39,2473.88,True,3.0042,False,False,3,0.8161,0.4378,5.37,0.6211,0.9442,0.5268,68.56,Medium,True,front_running
TRD0029908,TRD0100,CMP005,QSGC,2026-02-21 13:46:43,BUY,ETF,Cover Order,9470,125.08,1184507.6,1.1084,-0.0745,3,23,0.6098,199.31,1295.65,False,0.2895,False,False,1,0.0466,0.0702,0.57,0.0359,0.0513,0.0884,5.18,Low,False,none
TRD0016598,TRD0369,CMP048,JGWJ,2026-05-27 11:36:51,SELL,Futures,Market,207689,119.51,24820912.39,7.7091,5.1923,3,4,2.2091,16.9,89.9,True,4.004,True,False,5,0.9289,0.5509,6.24,0.8018,0.5878,0.8155,71.46,High,True,pump_and_dump
TRD0033454,TRD0268,CMP053,SVJO,2026-06-09 14:01:54,BUY,ETF,Limit,314660,49.43,15553643.8,4.8985,3.8384,4,2,2.8372,9.48,2132.32,True,3.8014,False,False,3,0.4552,0.2993,3.39,0.5963,0.8343,0.3299,59.8,Medium,True,insider_trading
TRD0063307,TRD0026,CMP033,CHAM,2025-10-07 15:59:11,SELL,ETF,Limit,6267,1400.58,8777434.86,0.8474,1.2325,5,22,0.7749,1041.09,9999.0,False,-0.7178,False,False,0,0.0816,0.2322,-0.99,0.2875,0.0545,0.2602,20.8,Low,False,none
TRD0006096,TRD0483,CMP041,LXML,2026-05-25 18:04:32,SELL,ETF,Cover Order,33049,475.11,15701910.39,1.3681,-1.4115,3,6,1.9654,9999.0,903.05,False,0.451,False,True,2,0.0729,0.1801,7.22,0.1112,0.1359,0.0352,11.41,Low,False,none
TRD0053564,TRD0412,CMP047,VBOF,2026-04-29 13:25:21,SELL,Options,Bracket Order,259230,266.54,69095164.2,5.0877,6.8519,3,22,1.774,30.59,283.06,True,3.0623,True,False,3,0.3775,0.5609,3.52,0.9519,0.5476,0.8987,78.35,High,True,wash_trading
TRD0026359,TRD0255,CMP021,TXFE,2026-01-01 17:53:53,SELL,Equity,Market,130705,92.25,12057536.25,5.11,4.1448,4,1,2.9849,23.88,807.18,True,3.0443,False,True,4,0.5308,0.8046,3.82,0.6687,0.9762,0.232,70.9,High,True,layering
TRD0007125,TRD0475,CMP022,TTZR,2026-02-13 10:14:59,BUY,Options,Stop-Loss,2563176,398.26,1020810473.76,9.9448,4.7083,2,14,2.7044,41.05,1356.17,True,3.0576,True,False,4,0.2548,0.8184,3.96,0.7039,0.7248,0.6323,71.09,High,True,insider_trading
TRD0057371,TRD0077,CMP039,JDXM,2025-12-24 12:04:50,BUY,Equity,Limit,39647,137.29,5443136.63,1.098,0.7156,3,15,1.8806,233.58,9999.0,False,1.8735,False,False,3,0.0312,0.4257,1.5,0.2057,0.2198,0.0679,21.13,Low,False,none
TRD0019973,TRD0390,CMP058,JGPO,2026-05-11 10:28:27,SELL,ETF,Cover Order,79435,326.12,25905342.2,8.8171,2.5717,1,4,2.1257,19.52,866.97,True,2.4125,False,False,7,0.6843,0.6803,7.08,0.9515,0.9073,0.8541,89.65,Critical,True,insider_trading
TRD0035562,TRD0327,CMP006,XBFQ,2026-06-05 15:38:01,SELL,ETF,Limit,66869,89.5,5984775.5,1.2911,-0.6951,2,11,0.5861,9999.0,1579.84,False,0.3646,False,False,0,0.0659,0.1066,-3.64,0.1326,0.1076,0.0203,10.57,Low,False,none
TRD0020911,TRD0314,CMP029,OPWR,2026-03-02 13:13:02,SELL,ETF,Cover Order,6880,66.31,456212.8,1.2223,0.4892,4,2,0.8505,11.04,1299.19,True,0.4391,False,False,4,0.0425,0.2237,1.26,0.0082,0.0535,0.0576,5.08,Low,False,none
TRD0085499,TRD0199,CMP031,NGEI,2025-12-01 14:18:05,BUY,ETF,Bracket Order,4686,463.83,2173507.38,1.1602,-1.0545,4,2,1.7036,953.9,9999.0,False,-0.9439,False,False,0,0.0723,0.0179,-1.56,0.0331,0.2286,0.104,10.09,Low,False,none
TRD0118060,TRD0063,CMP003,NCBQ,2026-03-28 12:20:34,BUY,Options,Cover Order,217096,114.85,24933475.6,5.7647,5.3728,3,9,2.9963,1075.69,0.09,False,2.0192,True,False,4,0.4037,0.6313,6.35,0.9251,0.9442,0.8883,89.59,Critical,True,insider_trading
TRD0095195,TRD0097,CMP036,UCCA,2026-06-05 14:20:17,BUY,Futures,Limit,392007,129.6,50804107.2,10.527,3.8651,4,20,1.6291,34.74,1037.18,True,3.1881,True,False,5,0.4721,0.8788,2.97,0.7152,0.7963,0.6196,74.15,High,True,front_running
TRD0031815,TRD0390,CMP053,SVJO,2026-06-17 12:00:23,SELL,ETF,Limit,11561,75.75,875745.75,1.4819,0.6347,4,16,1.9379,9999.0,180.49,False,-0.696,False,False,7,0.0283,0.6803,2.29,0.013,0.0198,0.09,9.33,Low,False,none
TRD0048274,TRD0294,CMP046,LUQA,2026-01-02 14:54:42,BUY,ETF,Bracket Order,20455,206.63,4226616.65,0.546,-0.8356,4,24,1.7556,77.23,9999.0,False,0.6181,False,False,0,0.0904,0.1304,-1.49,0.0061,0.0104,0.0546,2.71,Low,False,none
TRD0004670,TRD0432,CMP025,JXOT,2026-05-18 12:38:04,SELL,ETF,Bracket Order,61557,255.83,15748127.31,1.4725,-0.2931,5,18,1.7434,668.36,465.86,False,0.5147,False,False,0,0.0319,0.1924,-1.32,0.1326,0.1914,0.0281,14.05,Low,False,none
TRD0088467,TRD0041,CMP002,JBDO,2026-04-30 09:20:08,BUY,ETF,Bracket Order,286477,93.86,26888731.22,10.5665,6.6537,1,23,3.7182,6.87,1530.76,True,4.8187,False,False,1,0.7241,0.862,4.46,0.7377,0.5974,0.6131,68.93,Medium,True,front_running
TRD0113245,TRD0415,CMP012,INMT,2026-03-10 11:16:17,BUY,Equity,Cover Order,38942,203.97,7942999.74,1.1126,-0.6193,3,23,0.5499,621.26,875.86,False,-0.098,False,False,4,0.1406,0.1044,0.57,0.0634,0.0654,0.0813,7.08,Low,False,none
TRD0110286,TRD0351,CMP050,MCCS,2025-12-14 14:11:56,BUY,Options,Cover Order,205545,78.37,16108561.65,4.9356,3.2967,1,12,2.1892,2023.63,2.03,False,2.4893,True,False,7,0.7522,0.6234,4.32,0.762,0.5423,0.7459,67.98,Medium,True,insider_trading
TRD0004252,TRD0226,CMP008,OIUY,2025-12-19 09:25:02,BUY,ETF,Market,151381,910.83,137882356.23,9.7589,6.7689,5,13,2.1271,13.59,9999.0,True,3.6241,False,False,4,0.6489,0.2349,2.71,0.8459,0.5025,0.8281,67.91,Medium,True,layering
TRD0008016,TRD0413,CMP012,INMT,2026-04-08 12:43:27,BUY,ETF,Market,54042,189.39,10235014.38,1.4277,-1.5017,1,11,1.9239,1145.52,76.2,False,-1.0472,False,False,1,0.1287,0.1505,0.31,0.0574,0.0943,0.0251,7.29,Low,False,none
TRD0011205,TRD0398,CMP012,INMT,2026-03-02 15:14:29,SELL,Equity,Market,15818,215.42,3407513.56,0.963,-1.5313,2,5,1.7015,809.29,687.83,False,-0.1207,False,False,0,0.0566,0.152,-7.94,0.1264,0.0694,0.0205,9.6,Low,False,none
TRD0038260,TRD0062,CMP037,BUYO,2026-03-21 08:22:24,BUY,Equity,Limit,2350,225.11,529008.5,1.0008,-1.2293,2,19,0.7454,1406.33,1098.94,False,-1.4231,False,True,0,0.0783,0.2077,-6.59,0.044,0.0882,0.2535,10.51,Low,False,none
TRD0104699,TRD0392,CMP010,VTWH,2025-11-15 11:08:23,BUY,Equity,Stop-Loss,436485,83.22,36324281.7,10.2134,4.7786,1,3,2.3998,11.53,9999.0,True,4.1734,False,False,7,0.4271,0.2648,3.51,0.5932,0.6413,0.5853,57.36,Medium,True,wash_trading
TRD0039381,TRD0372,CMP031,NGEI,2026-01-30 11:43:24,BUY,Futures,Bracket Order,308845,448.02,138368736.9,9.2151,6.2204,4,12,2.2171,37.67,483.52,True,4.2225,True,False,2,0.0968,0.5577,4.91,0.6665,0.768,0.5327,66.6,Medium,True,layering
TRD0091525,TRD0280,CMP027,BNLN,2025-12-27 09:51:46,SELL,Equity,Bracket Order,48258,283.05,13659426.9,4.2985,6.6209,3,4,3.0792,52.22,268.15,False,3.0483,False,False,3,0.4757,0.0999,1.4,0.8156,0.7501,0.7113,70.87,High,True,spoofing
TRD0046041,TRD0452,CMP006,XBFQ,2026-02-17 11:44:07,BUY,Equity,Stop-Loss,27436,60.77,1667285.72,1.2842,1.5572,5,23,0.5674,754.58,23.11,False,-0.0791,False,False,6,0.0131,0.0701,2.09,0.1366,0.0218,0.0769,8.66,Low,False,none
TRD0002399,TRD0019,CMP005,QSGC,2026-03-10 10:28:04,SELL,Equity,Stop-Loss,18996,138.25,2626197.0,0.627,1.5567,2,5,1.7843,2395.75,205.38,False,-1.1742,False,False,4,0.0827,0.1759,6.05,0.063,0.023,0.009,5.42,Low,False,none
TRD0045250,TRD0248,CMP014,DJHR,2026-02-12 14:47:43,SELL,ETF,Limit,420023,114.24,47983427.52,6.4304,6.4686,1,3,1.5481,39.92,9999.0,True,2.3806,False,False,2,0.69,0.4378,6.75,0.9569,0.6706,0.8232,79.9,High,True,insider_trading
TRD0009771,TRD0414,CMP016,FWEI,2025-11-16 13:49:42,BUY,Futures,Market,4137,815.13,3372192.81,5.4946,4.9515,1,18,3.112,47.25,9999.0,True,2.1745,True,False,0,0.1192,0.8918,-1.8,0.8469,0.9661,0.8195,88.3,Critical,True,front_running
TRD0109115,TRD0098,CMP030,FHSA,2025-12-08 09:27:28,BUY,Options,Limit,30627,146.96,4500943.92,7.6053,3.932,3,19,3.9912,40.37,9999.0,True,2.1553,True,False,4,0.5371,0.0828,3.02,0.6941,0.8927,0.7231,69.69,Medium,True,spoofing
TRD0058652,TRD0016,CMP033,CHAM,2025-11-19 12:41:55,BUY,Equity,Market,555537,1363.91,757702469.67,6.6239,3.6021,2,9,1.6724,12.37,9999.0,True,2.5304,False,False,3,0.9396,0.1939,1.06,0.9491,0.7315,0.814,78.8,High,True,insider_trading
TRD0049712,TRD0356,CMP032,MXGK,2026-01-23 14:39:21,BUY,Equity,Cover Order,33814,1139.46,38529700.44,1.1393,-0.6711,5,12,0.9979,131.68,1878.74,False,-0.4707,False,False,1,0.1843,0.0922,2.33,0.202,0.0662,0.0604,12.9,Low,False,none
TRD0102054,TRD0054,CMP059,RFEI,2025-12-12 12:24:35,BUY,ETF,Limit,11563,81.6,943540.8,0.8775,-0.2233,4,2,1.8779,1164.97,7.04,False,-0.7297,False,False,0,0.0023,0.2012,-3.95,0.0668,0.034,0.0952,7.47,Low,False,none
TRD0024440,TRD0372,CMP052,QXXS,2025-11-17 11:00:05,BUY,Futures,Limit,142756,1798.16,256698128.96,5.9234,2.7812,3,19,3.4734,31.7,194.64,True,2.7677,True,False,3,0.941,0.5577,1.03,0.8875,0.8756,0.3287,76.71,High,True,wash_trading
TRD0022965,TRD0317,CMP019,ADNW,2026-02-05 09:12:37,SELL,Equity,Limit,19069,30.44,580460.36,1.1546,2.6064,5,2,0.7366,1828.11,809.76,False,0.9231,False,False,4,0.04,0.2666,8.85,0.022,0.085,0.0118,6.38,Low,False,none
TRD0101809,TRD0197,CMP048,JGWJ,2026-04-15 10:10:22,BUY,Futures,Market,231560,134.44,31130926.4,11.7238,6.9568,4,23,3.0062,11.49,777.26,True,2.145,True,False,7,0.8631,0.1615,5.76,0.681,0.7064,0.4563,60.3,Medium,True,front_running
TRD0034966,TRD0426,CMP011,CGLO,2025-11-02 09:14:52,SELL,Options,Cover Order,183298,86.76,15902934.48,3.8592,2.9621,2,7,3.458,27.74,49.97,True,2.2058,True,False,5,0.2869,0.1678,2.44,0.8475,0.7382,0.6613,71.88,High,True,wash_trading
TRD0101969,TRD0120,CMP056,ASGU,2025-10-15 15:39:21,BUY,ETF,Market,9888,735.49,7272525.12,1.1759,-1.5885,3,17,0.6837,761.59,9999.0,False,0.1982,False,False,5,0.1664,0.0233,1.83,0.3064,0.0287,0.0164,15.13,Low,False,none
TRD0061945,TRD0363,CMP033,CHAM,2026-04-23 07:43:08,SELL,Equity,Stop-Loss,46944,1343.47,63067855.68,8.4029,6.896,4,24,2.5809,7.66,2299.08,True,3.1666,False,True,0,0.5643,0.0525,-9.32,0.896,0.6872,0.8395,74.05,High,True,front_running
TRD0099493,TRD0417,CMP046,LUQA,2026-03-22 09:07:08,BUY,Equity,Market,25312,148.92,3769463.04,0.7236,-0.7398,1,22,1.8624,342.98,52.41,False,-0.1638,False,False,1,0.0165,0.1572,4.05,0.005,0.2029,0.1973,10.84,Low,False,none
TRD0105301,TRD0046,CMP013,RXNL,2026-01-02 13:40:09,SELL,ETF,Market,6124,94.26,577248.24,1.4376,-0.7452,4,12,1.5268,133.68,1218.04,False,-0.427,False,False,3,0.0814,0.3065,2.01,0.1138,0.0529,0.071,10.84,Low,False,none
TRD0005503,TRD0305,CMP040,PWVJ,2026-03-05 14:15:50,BUY,Equity,Market,38974,19.46,758434.04,1.3411,2.2737,5,20,0.5564,236.57,856.24,False,-1.9612,False,False,0,0.1151,0.03,-1.64,0.1892,0.0259,0.0047,9.66,Low,False,none
TRD0089745,TRD0462,CMP002,JBDO,2026-02-25 13:39:31,BUY,Options,Stop-Loss,144952,61.05,8849319.6,4.8259,3.8953,2,22,3.6145,0.92,130.14,True,4.6623,True,False,7,0.2146,0.5748,3.29,0.9186,0.9673,0.6826,86.34,Critical,True,insider_trading
TRD0029851,TRD0024,CMP003,NCBQ,2026-04-21 16:37:09,SELL,ETF,Bracket Order,205759,117.3,24135530.7,1.1853,-0.065,3,11,1.2513,495.42,580.37,False,-0.5869,False,True,0,0.0264,0.1403,-2.77,0.0531,0.0828,0.0158,6.51,Low,False,none
TRD0063281,TRD0116,CMP025,JXOT,2025-12-29 12:15:48,SELL,Equity,Limit,149361,256.26,38275249.86,1.2637,-0.836,1,8,1.607,805.03,706.67,False,1.5035,False,False,0,0.0084,0.1034,-2.74,0.0221,0.0494,0.0472,4.22,Low,False,none
TRD0014465,TRD0486,CMP049,JIRH,2025-11-21 15:27:04,BUY,Equity,Market,60221,193.11,11629277.31,0.8202,1.7801,4,21,1.1037,1625.1,9999.0,False,0.0493,False,False,0,0.0698,0.1954,-7.75,0.0168,0.1398,0.0894,8.24,Low,False,none
TRD0114853,TRD0210,CMP011,CGLO,2026-04-14 09:28:15,SELL,ETF,Stop-Loss,65819,37.25,2451757.75,3.0897,6.842,5,11,3.6629,22.53,2745.33,True,3.8245,False,False,3,0.6133,0.8977,1.31,0.8301,0.8177,0.8276,83.28,High,True,layering
TRD0069365,TRD0336,CMP006,XBFQ,2026-03-19 09:18:42,SELL,Equity,Market,417123,71.02,29624075.46,11.9259,5.247,5,10,1.5342,37.01,740.69,True,4.3519,False,False,3,0.5165,0.7178,1.61,0.8944,0.888,0.9152,87.79,Critical,True,front_running
TRD0089714,TRD0323,CMP050,MCCS,2026-06-05 08:25:12,SELL,Equity,Limit,690,79.79,55055.1,0.4485,-0.8685,1,12,1.7623,329.98,946.01,False,0.5576,False,True,4,0.0463,0.0769,1.2,0.0964,0.0234,0.1848,8.58,Low,False,none
TRD0106277,TRD0477,CMP033,CHAM,2026-03-09 15:11:00,SELL,Equity,Market,38432,1400.31,53816713.92,0.8736,-0.2776,1,12,1.1857,1080.19,1226.55,False,0.476,False,False,0,0.0072,0.025,-0.82,0.0123,0.0417,0.1024,3.59,Low,False,none
TRD0032063,TRD0058,CMP009,QWEI,2025-11-16 15:39:13,BUY,ETF,Cover Order,58305,97.66,5694066.3,1.0778,0.4011,2,13,0.9559,392.38,73.86,False,0.6883,False,False,0,0.002,0.08,-3.05,0.0154,0.2405,0.1361,10.75,Low,False,none
TRD0093459,TRD0215,CMP027,BNLN,2025-12-28 07:59:45,SELL,ETF,Cover Order,670115,283.86,190218843.9,6.3531,4.0975,1,16,3.8505,30.08,290.28,True,2.72,False,True,1,0.2118,0.3095,7.08,0.9729,0.8086,0.7478,82.35,High,True,insider_trading
TRD0028398,TRD0389,CMP035,AQPF,2026-06-07 11:23:04,SELL,ETF,Bracket Order,29093,1099.3,31981934.9,1.2924,1.0416,3,2,1.316,280.45,12.2,False,-0.8112,False,False,0,0.0441,0.4386,-0.92,0.0503,0.2635,0.0021,14.59,Low,False,none
TRD0035426,TRD0184,CMP020,IARJ,2026-01-16 17:39:02,BUY,Equity,Cover Order,756795,1051.66,795891029.7,4.4853,4.481,1,4,1.7424,2.43,617.96,True,4.6559,False,True,5,0.784,0.8894,7.4,0.9527,0.8312,0.7952,88.63,Critical,True,insider_trading
TRD0112165,TRD0335,CMP017,FNLM,2025-10-03 14:54:55,BUY,ETF,Cover Order,17593,608.68,10708507.24,0.6698,0.9452,1,11,1.6196,3822.35,9999.0,False,0.0915,False,False,6,0.0641,0.1169,4.22,0.0338,0.0801,0.0179,5.36,Low,False,none
TRD0035041,TRD0390,CMP035,AQPF,2026-06-06 18:51:52,SELL,Equity,Market,62019,1055.35,65451751.65,7.3683,6.238,3,13,3.0249,4.32,1128.67,True,4.2744,False,True,5,0.9196,0.6803,2.75,0.933,0.983,0.6871,88.58,Critical,True,insider_trading
TRD0093330,TRD0143,CMP035,AQPF,2025-11-15 14:48:46,BUY,Equity,Stop-Loss,9952,1065.45,10603358.4,0.7119,1.3605,1,12,1.2429,40.36,9999.0,True,-0.2641,False,False,7,0.0109,0.1682,6.14,0.011,0.1659,0.0853,8.43,Low,False,none
TRD0046702,TRD0111,CMP031,NGEI,2026-02-15 11:14:02,SELL,Options,Cover Order,365375,415.08,151659855.0,1.7825,1.0199,5,22,0.777,1144.16,345.84,False,0.4191,True,False,6,0.0034,0.2341,0.17,0.0678,0.1469,0.0258,10.19,Low,False,none
TRD0062474,TRD0210,CMP018,YGCX,2026-05-08 14:31:58,BUY,ETF,Market,93349,764.79,71392381.71,4.2404,3.1612,5,16,2.8581,12.49,573.42,True,2.6211,False,False,7,0.2288,0.8977,5.36,0.8525,0.9609,0.5693,84.71,High,True,wash_trading
TRD0029731,TRD0462,CMP058,JGPO,2026-05-11 15:32:46,SELL,Options,Limit,147589,331.11,48868193.79,4.2912,6.9712,3,17,3.9597,14.45,872.05,True,2.5441,True,False,1,0.384,0.5748,6.63,0.9835,0.8805,0.8853,89.7,Critical,True,insider_trading
TRD0015960,TRD0255,CMP054,SCIM,2025-10-31 18:33:36,BUY,Equity,Stop-Loss,282688,167.73,47415258.24,8.9273,6.1899,4,24,3.536,4959.16,0.77,False,2.5294,False,True,0,0.5904,0.8046,-0.4,0.696,0.8452,0.8745,77.84,High,True,insider_trading
TRD0076559,TRD0265,CMP046,LUQA,2026-04-05 09:01:24,BUY,ETF,Market,460605,150.75,69436203.75,6.3268,2.5766,1,6,2.8219,7.08,388.31,True,3.106,False,False,1,0.2291,0.3017,8.44,0.6904,0.632,0.4847,60.32,Medium,True,front_running
TRD0036117,TRD0359,CMP029,OPWR,2025-12-23 17:33:39,SELL,Futures,Limit,36596,82.89,3033442.44,4.4043,5.4653,2,14,2.0907,19.06,9999.0,True,4.5964,True,True,1,0.8201,0.3502,3.4,0.9662,0.827,0.6027,80.83,High,True,pump_and_dump
TRD0025743,TRD0312,CMP027,BNLN,2025-12-15 08:26:47,SELL,Equity,Limit,392017,253.22,99266544.74,6.7707,4.3755,2,24,2.7402,21.27,892.24,True,4.7303,False,True,0,0.2682,0.7761,-0.29,0.7327,0.8698,0.9096,80.47,High,True,wash_trading
TRD0012089,TRD0440,CMP036,UCCA,2025-12-23 09:48:47,BUY,Equity,Market,4107,121.59,499370.13,0.6679,-0.5114,5,12,1.2008,503.28,412.69,False,-0.2134,False,False,0,0.0241,0.4866,-0.99,0.1547,0.2153,0.0429,18.93,Low,False,none
TRD0027635,TRD0435,CMP056,ASGU,2026-02-09 12:17:16,BUY,ETF,Cover Order,91684,744.83,68288993.72,0.931,-1.171,1,10,1.1922,786.52,2043.04,False,1.2466,False,False,0,0.055,0.242,-2.62,0.0184,0.0521,0.0368,5.36,Low,False,none
TRD0081328,TRD0161,CMP014,DJHR,2025-12-24 15:32:38,BUY,ETF,Cover Order,28916,114.1,3299315.6,0.9626,-1.1918,2,7,1.0378,1239.17,9999.0,False,-0.5052,False,False,4,0.0884,0.1335,1.34,0.0046,0.0068,0.166,4.24,Low,False,none
TRD0024098,TRD0196,CMP058,JGPO,2026-05-21 07:38:44,SELL,Equity,Bracket Order,47212,331.82,15665885.84,4.772,3.2085,2,5,2.7532,36.59,217.65,True,2.4342,False,True,7,0.4408,0.4032,4.2,0.6259,0.9744,0.5813,70.15,High,True,insider_trading
TRD0001068,TRD0462,CMP011,CGLO,2026-04-15 14:17:00,SELL,ETF,Cover Order,281434,42.02,11825856.68,9.2095,3.9439,1,18,3.8553,485.05,6.28,False,2.881,False,False,0,0.7447,0.5748,-0.3,0.9263,0.9401,0.5931,84.53,High,True,spoofing
TRD0012646,TRD0476,CMP017,FNLM,2026-01-14 14:07:52,BUY,Equity,Cover Order,45183,643.51,29075712.33,1.292,-0.5539,2,11,1.3942,1351.14,9999.0,False,0.3947,False,False,4,0.0106,0.0473,2.8,0.153,0.055,0.0384,9.58,Low,False,none
TRD0001247,TRD0051,CMP005,QSGC,2026-02-01 09:56:32,SELL,Equity,Stop-Loss,13993,109.33,1529854.69,1.0753,1.6936,5,3,0.5086,683.15,811.82,False,-0.3352,False,False,0,0.0051,0.1998,-2.12,0.0264,0.0863,0.0514,6.55,Low,False,none
TRD0091669,TRD0414,CMP038,UXVA,2026-01-05 16:42:46,SELL,Equity,Bracket Order,3806,646.06,2458904.36,5.1311,3.784,4,7,2.9367,24.78,9999.0,True,2.7677,False,True,3,1.1661,0.8918,2.5,0.9374,0.7822,0.7508,85.83,Critical,True,insider_trading
TRD0100241,TRD0026,CMP027,BNLN,2026-05-25 12:00:04,BUY,Equity,Bracket Order,7341,263.48,1934206.68,1.3995,-0.2912,2,5,0.5002,508.11,3525.92,False,-0.6799,False,False,0,0.0816,0.2322,-2.95,0.0793,0.163,0.1244,12.65,Low,False,none
TRD0103390,TRD0252,CMP040,PWVJ,2026-03-26 15:59:48,SELL,Equity,Market,433287,50.03,21677348.61,9.5235,4.8591,2,4,2.6024,28.68,269.16,True,2.9943,False,False,6,0.7274,0.7888,3.08,0.8651,0.9828,0.618,85.57,Critical,True,spoofing
TRD0028030,TRD0434,CMP037,BUYO,2026-02-02 15:57:40,SELL,ETF,Stop-Loss,205584,226.1,46482542.4,6.2755,6.8794,4,5,2.0778,21.47,9999.0,True,2.5323,False,False,1,0.5957,0.2833,1.52,0.8577,0.8211,0.499,73.55,High,True,pump_and_dump
TRD0100252,TRD0036,CMP033,CHAM,2026-05-04 12:10:14,BUY,Equity,Cover Order,21870,1390.6,30412422.0,1.0878,0.3777,1,18,0.5464,9999.0,260.8,False,-0.4192,False,False,0,0.0103,0.1991,-2.23,0.0425,0.0167,0.0092,4.54,Low,False,none
TRD0034392,TRD0338,CMP026,UGLJ,2025-12-13 10:40:43,BUY,ETF,Bracket Order,4250,1532.57,6513422.5,0.7647,0.2447,2,4,1.0075,248.51,1026.6,False,-0.386,False,False,5,0.081,0.3128,2.7,0.0292,0.0402,0.0205,5.96,Low,False,none
TRD0079243,TRD0211,CMP059,RFEI,2026-03-02 14:26:27,SELL,Equity,Market,1130,71.02,80252.6,0.5465,-0.581,5,5,0.5925,91.76,757.06,False,-1.6924,False,False,5,0.0285,0.4793,3.07,0.0617,0.3165,0.0066,17.16,Low,False,none
TRD0114309,TRD0343,CMP038,UXVA,2026-05-20 10:41:17,BUY,Equity,Bracket Order,4106,639.56,2626033.36,0.824,-0.6168,4,4,0.7006,133.52,287.39,False,0.0297,False,False,2,0.0938,0.2526,2.06,0.1303,0.0112,0.063,9.67,Low,False,none
TRD0039158,TRD0434,CMP010,VTWH,2026-06-12 11:03:50,BUY,ETF,Stop-Loss,60522,71.7,4339427.4,1.5487,0.5651,1,11,1.4221,9999.0,2056.42,False,0.4201,False,False,0,0.0267,0.2833,-0.81,0.111,0.0282,0.0373,9.23,Low,False,none
TRD0097077,TRD0165,CMP038,UXVA,2026-05-06 09:28:57,SELL,Futures,Limit,821377,645.91,530535618.07,7.6499,5.6388,4,21,3.1889,49.82,1775.03,False,3.7555,True,False,2,0.3183,0.3813,4.07,0.6073,0.6934,0.72,62.74,Medium,True,layering
TRD0062306,TRD0357,CMP035,AQPF,2025-12-17 13:26:15,SELL,Equity,Bracket Order,100995,1032.78,104305616.1,1.1164,1.8635,2,12,1.0377,142.55,150.45,False,-0.0606,False,False,4,0.1018,0.1991,2.07,0.0705,0.071,0.0138,7.5,Low,False,none
TRD0040582,TRD0138,CMP002,JBDO,2025-11-05 11:54:57,BUY,ETF,Bracket Order,6116,73.85,451666.6,0.8406,0.2128,5,3,1.9912,659.72,9999.0,False,0.1342,False,False,0,0.121,0.1919,-4.65,0.0584,0.0631,0.0184,6.72,Low,False,none
TRD0051829,TRD0227,CMP009,QWEI,2025-12-20 11:10:38,SELL,Equity,Limit,52162,127.1,6629790.2,0.9108,-0.1652,2,19,1.8776,1768.39,419.14,False,1.0795,False,False,0,0.0646,0.2096,-5.47,0.035,0.1048,0.0198,7.11,Low,False,none
TRD0056695,TRD0150,CMP007,PZVF,2025-11-21 17:55:24,SELL,ETF,Market,10346,30.25,312966.5,1.1767,-0.32,1,23,1.4215,1025.75,9999.0,False,-0.4171,False,True,0,0.0471,0.2223,-3.06,0.0291,0.0204,0.0073,4.25,Low,False,none
TRD0058264,TRD0147,CMP023,OTXX,2025-12-26 13:01:33,SELL,ETF,Limit,67254,3189.95,214536897.3,0.7769,1.9297,2,1,0.7246,121.25,798.93,False,0.3939,False,False,0,0.0602,0.1613,-4.21,0.0398,0.0631,0.0838,6.55,Low,False,none
TRD0051208,TRD0481,CMP026,UGLJ,2026-02-13 13:26:30,SELL,Equity,Stop-Loss,243646,1574.15,383535350.9,1.6959,-1.0753,1,10,0.8627,1879.44,1164.88,False,1.5215,False,False,3,0.0145,0.4861,1.53,0.0752,0.0436,0.1244,11.42,Low,False,none
TRD0060975,TRD0035,CMP001,LMTI,2026-03-17 18:25:33,BUY,Equity,Limit,27929,399.75,11164617.75,0.9853,0.8366,1,24,1.6668,916.39,185.4,False,-1.5834,False,True,5,0.0812,0.2032,1.46,0.0642,0.0347,0.0088,6.09,Low,False,none
TRD0085978,TRD0011,CMP008,OIUY,2026-04-25 09:41:27,BUY,Equity,Market,750146,879.59,659820920.14,8.9516,6.0652,4,7,3.6217,657.76,10.08,False,2.6341,False,False,4,0.3736,0.2215,0.25,0.8903,0.9203,0.7236,80.74,High,True,front_running
TRD0040736,TRD0410,CMP051,NQWS,2025-10-03 12:31:09,SELL,Equity,Stop-Loss,63823,9.65,615891.95,0.9056,-0.3435,5,19,0.5137,1331.08,9999.0,False,-1.5045,False,False,3,0.0055,0.4317,1.89,0.0816,0.1567,0.0592,13.58,Low,False,none
TRD0056514,TRD0336,CMP001,LMTI,2026-06-21 09:51:20,BUY,ETF,Stop-Loss,269939,339.33,91598400.87,6.3271,2.6025,5,1,1.6201,15.86,1379.04,True,2.8386,False,False,2,0.3818,0.7178,6.32,0.9029,0.868,0.6538,83.66,High,True,pump_and_dump
TRD0101922,TRD0080,CMP008,OIUY,2026-01-06 13:19:37,SELL,Equity,Cover Order,5331,865.52,4614087.12,1.375,-0.4276,5,10,0.5082,1366.91,422.32,False,0.3776,False,False,0,0.0468,0.2697,-0.61,0.026,0.0935,0.002,6.7,Low,False,none
TRD0075817,TRD0359,CMP025,JXOT,2026-06-14 12:03:40,BUY,Futures,Bracket Order,42502,251.06,10670552.12,7.0516,6.4573,5,10,2.485,20.93,1113.29,True,3.1101,True,False,3,0.8747,0.3502,4.18,0.9566,0.9194,0.8977,87.6,Critical,True,layering
TRD0078315,TRD0144,CMP019,ADNW,2026-05-11 12:03:38,BUY,Equity,Limit,87500,26.1,2283750.0,7.5366,3.0272,3,18,1.9829,8.75,454.74,True,4.074,False,False,5,0.214,0.2356,6.15,0.8576,0.5037,0.3634,61.51,Medium,True,spoofing
TRD0066783,TRD0191,CMP010,VTWH,2025-11-15 09:42:16,BUY,Equity,Market,179736,53.53,9621268.08,5.2912,5.3301,5,18,3.9919,12.96,9999.0,True,4.2216,False,False,3,0.7207,0.0305,3.72,0.6561,0.8965,0.6957,67.16,Medium,True,circular_trading
TRD0019566,TRD0118,CMP011,CGLO,2026-04-14 11:25:22,SELL,Equity,Stop-Loss,19044,46.86,892401.84,3.384,5.7778,1,16,3.9447,20.58,2747.28,True,2.0471,False,False,5,0.2432,0.1403,1.92,0.7729,0.8005,0.759,71.58,High,True,circular_trading
TRD0002544,TRD0160,CMP001,LMTI,2026-04-23 11:34:20,BUY,Options,Cover Order,83266,314.76,26208806.16,11.3634,4.0856,1,3,2.6945,35.25,1066.55,True,3.9804,True,False,5,0.4811,0.1215,2.16,0.8409,0.8933,0.8888,79.19,High,True,insider_trading
TRD0092162,TRD0207,CMP012,INMT,2026-04-05 14:39:53,SELL,Equity,Market,68443,233.2,15960907.6,5.4683,5.3364,4,17,3.0153,1215.58,6.14,False,2.0066,False,False,0,0.5638,0.5604,-1.0,0.7634,0.8972,0.7759,78.51,High,True,insider_trading
TRD0093976,TRD0106,CMP032,MXGK,2026-06-19 12:13:19,SELL,Equity,Market,38537,1171.25,45136461.25,10.2489,6.8515,5,2,1.5118,11.29,30.3,True,3.2785,False,False,3,0.8195,0.2705,3.87,0.8977,0.7112,0.6954,74.87,High,True,insider_trading
TRD0030524,TRD0462,CMP039,JDXM,2026-01-01 13:42:30,BUY,Futures,Stop-Loss,382421,75.31,28800125.51,9.4821,6.9715,4,18,2.812,39.95,9999.0,True,2.509,True,False,3,0.2137,0.5748,4.15,0.869,0.7852,0.6745,78.53,High,True,layering
TRD0057843,TRD0042,CMP007,PZVF,2026-01-03 12:25:40,SELL,Equity,Bracket Order,870153,3.77,3280476.81,6.3954,2.7335,5,4,2.2551,605.59,0.75,False,4.2361,False,False,4,1.3482,0.4561,6.51,0.8263,0.9486,0.9031,83.75,High,True,insider_trading
TRD0007235,TRD0006,CMP000,SPDZ,2026-02-28 07:22:54,SELL,ETF,Limit,26629,473.5,12608831.5,0.725,0.4386,3,6,0.6027,57.7,805.42,False,0.5996,False,True,3,0.0322,0.173,1.64,0.1046,0.0255,0.0035,7.25,Low,False,none
TRD0015028,TRD0381,CMP053,SVJO,2026-04-22 15:20:12,SELL,Equity,Stop-Loss,58034,63.58,3689801.72,0.9839,0.5428,3,17,0.8223,1160.18,981.63,False,-0.1164,False,False,0,0.0161,0.039,-4.22,0.0239,0.0751,0.0009,3.73,Low,False,none
TRD0034729,TRD0412,CMP025,JXOT,2026-04-27 10:00:45,SELL,Equity,Stop-Loss,413397,245.27,101393882.19,7.4596,4.2937,2,23,3.94,40.76,2048.72,True,3.9472,False,False,2,1.009,0.5609,4.35,0.6983,0.7988,0.5234,68.85,Medium,True,spoofing
TRD0112481,TRD0063,CMP058,JGPO,2026-05-10 13:52:04,SELL,ETF,Bracket Order,353797,362.93,128403545.21,9.2034,5.5105,1,9,3.4053,40.13,846.37,True,4.8146,False,False,3,0.4092,0.6313,4.72,0.5329,0.7663,0.6665,63.28,Medium,True,wash_trading
TRD0014068,TRD0161,CMP010,VTWH,2026-04-21 12:54:08,SELL,ETF,Cover Order,18931,46.26,875748.06,0.7842,-1.8664,1,13,1.9295,9999.0,810.26,False,-0.9586,False,False,6,0.0404,0.1335,2.27,0.026,0.1436,0.0341,7.32,Low,False,none
TRD0071565,TRD0210,CMP000,SPDZ,2026-05-27 12:38:51,SELL,ETF,Bracket Order,183844,434.32,79847126.08,9.3432,4.8212,1,3,1.8534,16.97,2059.57,True,4.1046,False,False,5,0.3201,0.8977,3.36,0.9135,0.9554,0.5945,87.66,Critical,True,wash_trading
TRD0058366,TRD0351,CMP032,MXGK,2026-06-16 17:07:41,BUY,Futures,Market,185630,1150.75,213613722.5,3.2365,3.5108,4,14,2.2229,36.79,657.17,True,2.7082,True,True,1,0.0073,0.6234,0.72,0.8715,0.635,0.6104,73.66,High,True,circular_trading
TRD0023129,TRD0095,CMP048,JGWJ,2026-04-15 14:16:09,BUY,Options,Stop-Loss,47947,109.03,5227661.41,7.1541,4.6037,3,6,2.2282,7.39,781.36,True,3.7777,True,False,7,0.3035,0.04,6.47,0.7645,0.6376,0.7128,64.62,Medium,True,layering
TRD0022945,TRD0037,CMP024,GGME,2025-11-19 15:29:43,SELL,ETF,Limit,20303,71.92,1460191.76,1.3481,0.7382,3,9,1.6703,944.16,9999.0,False,1.1023,False,False,0,0.0329,0.2208,-1.57,0.0614,0.1188,0.0076,8.65,Low,False,none
TRD0044592,TRD0312,CMP050,MCCS,2026-03-19 12:26:46,SELL,Options,Limit,328832,73.94,24313838.08,5.2816,2.6614,1,12,2.9043,7.06,254.61,True,4.1259,True,False,5,0.7323,0.7761,3.97,0.8907,0.9219,0.6834,85.75,Critical,True,pump_and_dump
TRD0078729,TRD0040,CMP046,LUQA,2025-12-11 15:59:02,BUY,ETF,Bracket Order,201029,212.95,42809125.55,2.0132,-0.6925,2,17,1.4328,604.16,9999.0,False,0.061,False,False,0,0.0516,0.2026,-3.48,0.0406,0.0216,0.0206,4.81,Low,False,none
TRD0082648,TRD0210,CMP012,INMT,2026-04-04 12:42:33,SELL,Futures,Stop-Loss,180930,228.09,41268323.7,8.5273,2.9228,4,17,2.2654,19.82,1477.3,True,4.7679,True,False,2,0.1489,0.8977,5.79,0.9853,0.6889,0.7822,85.72,Critical,True,front_running
TRD0064448,TRD0024,CMP011,CGLO,2026-04-02 15:50:14,BUY,ETF,Limit,198474,33.0,6549642.0,0.9962,-0.0098,5,9,0.7875,304.16,2463.7,False,-0.5976,False,False,1,0.0499,0.1403,3.53,0.0824,0.1684,0.0567,11.01,Low,False,none
TRD0000606,TRD0481,CMP041,LXML,2026-02-02 09:17:11,SELL,ETF,Stop-Loss,848502,440.91,374113016.82,6.365,6.4949,4,10,3.8559,17.21,620.17,True,4.5292,False,False,2,0.4228,0.4861,1.42,0.688,0.7674,0.8581,71.71,High,True,insider_trading
TRD0119568,TRD0184,CMP036,UCCA,2026-04-22 13:06:20,SELL,Equity,Limit,533584,100.13,53427765.92,3.1256,4.6054,2,3,2.5581,20.06,597.34,True,3.1336,False,False,2,0.1007,0.8894,3.98,0.6443,0.7831,0.4724,68.47,Medium,True,insider_trading
TRD0019360,TRD0385,CMP015,WXZK,2025-10-29 13:29:13,BUY,ETF,Limit,51703,593.09,30664532.27,5.4702,6.4024,2,5,2.6516,39.9,9999.0,True,2.6596,False,False,2,0.5274,0.69,4.37,0.7836,0.9243,0.8008,81.9,High,True,insider_trading
TRD0027543,TRD0248,CMP042,EKVN,2026-06-06 07:36:55,SELL,Equity,Limit,697488,215.28,150155216.64,11.6914,6.2864,4,11,2.8284,55.69,839.4,False,2.5178,False,True,3,0.5673,0.4378,1.92,0.7618,0.9451,0.7842,78.78,High,True,insider_trading
TRD0098025,TRD0407,CMP021,TXFE,2026-04-23 11:31:25,BUY,Options,Limit,112424,76.34,8582448.16,0.8598,-0.1119,3,3,1.5012,828.72,2457.12,False,-0.5073,True,False,2,0.177,0.0767,1.11,0.1892,0.0465,0.0164,10.92,Low,False,none
TRD0093690,TRD0253,CMP009,QWEI,2026-04-26 11:20:38,BUY,Equity,Limit,8689,129.03,1121141.67,1.0138,0.495,1,16,1.4593,292.76,807.57,False,-1.6237,False,False,5,0.0636,0.1576,2.55,0.0644,0.039,0.0987,7.12,Low,False,none
TRD0106440,TRD0336,CMP017,FNLM,2026-06-04 15:48:47,BUY,Futures,Market,269666,600.48,161929039.68,6.698,5.1684,3,22,3.2513,9999.0,2.85,False,3.8421,True,False,3,0.9109,0.7178,0.51,0.9152,0.9086,0.826,88.01,Critical,True,spoofing
TRD0073907,TRD0461,CMP038,UXVA,2026-03-16 09:05:39,BUY,ETF,Stop-Loss,15690,670.64,10522341.6,0.724,0.4672,1,17,1.3687,1274.2,550.65,False,1.0788,False,False,0,0.0129,0.0751,-0.28,0.2825,0.0664,0.1565,17.8,Low,False,none
TRD0010140,TRD0090,CMP044,UDJH,2025-12-29 16:20:21,BUY,Equity,Stop-Loss,21233,40.64,862909.12,4.4912,5.7206,2,7,2.5743,36.98,9999.0,True,3.616,False,True,4,0.578,0.6416,6.84,0.9077,0.9232,0.7787,86.64,Critical,True,circular_trading
TRD0103844,TRD0184,CMP030,FHSA,2025-12-08 15:14:43,BUY,Equity,Limit,1123472,143.37,161072180.64,7.847,5.3188,4,19,3.3442,34.58,9999.0,True,2.1309,False,False,7,0.6398,0.8894,0.25,0.8609,0.9057,0.389,80.64,High,True,wash_trading
TRD0062931,TRD0003,CMP043,QBPR,2026-03-03 09:23:09,SELL,Equity,Bracket Order,20717,443.01,9177838.17,0.8801,-0.6446,4,24,1.7799,1766.69,809.49,False,-0.7157,False,False,0,0.0225,0.2248,-6.1,0.0288,0.1094,0.0229,7.17,Low,False,none
TRD0039491,TRD0164,CMP005,QSGC,2026-06-22 11:41:20,SELL,Equity,Market,46949,134.34,6307128.66,1.3764,-1.0473,4,15,1.2741,9999.0,101.47,False,-1.0484,False,False,0,0.0429,0.1522,-3.53,0.001,0.0247,0.0268,2.71,Low,False,none
TRD0061069,TRD0012,CMP049,JIRH,2026-05-23 16:18:08,SELL,ETF,Cover Order,34295,181.71,6231744.45,1.5542,0.3821,2,12,0.6516,9999.0,2767.75,False,-0.566,False,True,2,0.0722,0.3877,0.17,0.0814,0.1335,0.0412,12.16,Low,False,none
TRD0091398,TRD0262,CMP041,LXML,2026-04-08 13:09:19,BUY,Equity,Bracket Order,40767,476.71,19434036.57,1.4819,0.5462,3,23,1.1215,229.87,1546.66,False,-0.6024,False,False,0,0.0292,0.2461,-1.8,0.0539,0.0915,0.0087,7.76,Low,False,none
TRD0055145,TRD0103,CMP049,JIRH,2026-06-19 12:33:29,SELL,Equity,Cover Order,65503,182.26,11938576.78,1.0675,-0.6215,3,15,0.7782,9999.0,3412.01,False,-0.5572,False,False,4,0.0415,0.221,1.41,0.1321,0.0104,0.0106,8.63,Low,False,none
TRD0020464,TRD0459,CMP028,EZAB,2026-05-19 09:29:38,SELL,Equity,Bracket Order,3642,1958.89,7134277.38,0.6748,1.2899,3,20,1.118,9999.0,728.76,False,-0.2431,False,False,0,0.0853,0.0523,-0.47,0.0223,0.0989,0.0812,5.71,Low,False,none
TRD0062496,TRD0359,CMP009,QWEI,2026-05-06 12:08:07,BUY,Futures,Cover Order,55506,138.06,7663158.36,8.6915,3.1896,3,12,1.6298,51.97,1048.36,False,4.8604,True,False,1,0.4869,0.3502,7.1,0.7404,0.9128,0.5803,72.91,High,True,front_running
TRD0024701,TRD0395,CMP048,JGWJ,2026-03-04 09:24:03,BUY,ETF,Bracket Order,29841,119.86,3576742.26,1.0317,-0.2143,2,23,1.1539,231.51,860.43,False,-0.3981,False,False,3,0.0157,0.149,0.65,0.0404,0.2341,0.0844,11.6,Low,False,none
TRD0074363,TRD0330,CMP050,MCCS,2026-05-07 14:54:44,BUY,Equity,Stop-Loss,45328,95.06,4308879.68,1.3031,1.9197,1,12,1.4657,1019.49,256.5,False,-1.1494,False,False,4,0.0419,0.2982,8.4,0.0139,0.1751,0.037,9.42,Low,False,none
TRD0093358,TRD0105,CMP011,CGLO,2025-11-02 14:17:00,SELL,Equity,Market,295352,67.77,20016005.04,10.5136,2.7532,4,23,3.268,22.7,55.01,True,4.7097,False,False,7,0.6906,0.2692,3.89,0.7576,0.7439,0.7777,70.77,High,True,insider_trading
TRD0060773,TRD0111,CMP021,TXFE,2025-11-28 10:50:21,BUY,ETF,Market,780881,71.9,56145343.9,3.123,6.3051,4,3,2.4349,15.88,43.92,True,4.2255,False,False,6,0.5013,0.2341,5.09,0.7509,0.5882,0.6524,63.56,Medium,True,insider_trading
TRD0033243,TRD0065,CMP022,TTZR,2026-02-15 14:31:42,SELL,Equity,Limit,7218,430.0,3103740.0,1.2891,0.6995,2,17,1.1944,450.93,11.23,False,-0.6207,False,False,4,0.0111,0.1531,3.87,0.0637,0.081,0.0311,7.29,Low,False,none
TRD0107824,TRD0343,CMP013,RXNL,2025-12-23 14:14:20,BUY,ETF,Stop-Loss,4325,93.33,403652.25,0.7957,-0.225,2,24,0.6919,373.11,978.61,False,-0.9647,False,False,0,0.0798,0.2526,-2.5,0.074,0.0556,0.0013,7.54,Low,False,none
TRD0066000,TRD0432,CMP025,JXOT,2026-06-19 14:06:01,SELL,ETF,Cover Order,52287,233.54,12211105.98,1.2616,-0.1711,2,14,1.473,9999.0,101.11,False,1.1097,False,False,0,0.115,0.1924,-2.11,0.0537,0.1153,0.0292,8.24,Low,False,none
TRD0035200,TRD0275,CMP058,JGPO,2026-02-03 14:32:21,BUY,Equity,Stop-Loss,55564,320.73,17821041.72,0.9813,0.7128,2,20,1.7454,127.11,878.55,False,0.9892,False,False,4,0.07,0.3232,0.63,0.0212,0.0071,0.0102,4.55,Low,False,none
TRD0019915,TRD0210,CMP002,JBDO,2026-02-18 15:28:53,BUY,Options,Stop-Loss,93583,98.3,9199208.9,4.2012,4.8241,2,7,2.3736,36.04,1863.85,True,3.6101,True,False,7,0.2987,0.8977,1.06,0.7237,0.6316,0.7037,71.05,High,True,spoofing
TRD0059438,TRD0350,CMP006,XBFQ,2026-02-07 10:16:54,BUY,ETF,Cover Order,16228,52.84,857487.52,1.2276,-0.2209,5,21,0.6378,218.34,9999.0,False,0.3331,False,False,4,0.0928,0.2726,4.94,0.0171,0.0378,0.0976,6.09,Low,False,none
TRD0053819,TRD0041,CMP026,UGLJ,2026-05-08 08:24:19,SELL,Equity,Limit,292654,1529.92,447737207.68,11.811,3.3001,2,1,3.3718,27.52,131.52,True,4.0293,False,True,2,0.17,0.862,4.76,0.7891,0.5817,0.7166,72.33,High,True,layering
TRD0043579,TRD0341,CMP008,OIUY,2026-01-20 15:28:16,BUY,Equity,Cover Order,60908,903.16,55009669.28,1.6193,-1.0148,4,16,1.2226,1028.77,760.47,False,0.0066,False,False,3,0.0771,0.36,1.88,0.0043,0.0805,0.0117,6.38,Low,False,none
TRD0117050,TRD0107,CMP029,OPWR,2026-05-30 13:44:12,SELL,Equity,Limit,58370,39.75,2320207.5,0.5443,-0.177,1,1,0.987,9999.0,555.77,False,-0.9866,False,False,2,0.1129,0.2606,1.93,0.0395,0.0043,0.0275,4.92,Low,False,none
TRD0114099,TRD0088,CMP048,JGWJ,2026-02-24 13:40:24,BUY,Equity,Stop-Loss,29914,114.64,3429340.96,0.9818,-0.1723,2,2,1.0042,419.24,672.7,False,-0.566,False,False,0,0.0673,0.0497,-3.54,0.0041,0.0069,0.1071,2.5,Low,False,none
TRD0068146,TRD0165,CMP045,BPXM,2026-02-28 11:47:24,BUY,ETF,Cover Order,138045,262.9,36292030.5,1.5329,-1.4356,1,22,1.4026,1261.56,684.38,False,0.5329,False,False,0,0.0094,0.3813,-2.28,0.0095,0.2379,0.0145,11.6,Low,False,none
TRD0054499,TRD0184,CMP056,ASGU,2025-11-16 10:33:26,SELL,ETF,Limit,520440,798.06,415342346.4,4.1526,3.8095,2,10,2.1543,2828.25,1.31,False,2.0687,False,False,1,0.0814,0.8894,0.3,0.8419,0.8544,0.7742,84.02,High,True,insider_trading
TRD0053818,TRD0161,CMP043,QBPR,2026-04-23 13:40:04,SELL,Equity,Market,19431,451.84,8779703.04,0.6365,0.761,1,7,1.5226,538.41,2037.77,False,-0.8382,False,False,5,0.0719,0.1335,5.45,0.0502,0.0855,0.0934,7.56,Low,False,none
TRD0052457,TRD0452,CMP054,SCIM,2026-04-16 13:51:04,BUY,ETF,Limit,13308,153.76,2046238.08,0.6321,-1.1532,3,8,0.5873,955.86,4004.06,False,0.9852,False,False,5,0.0937,0.0701,0.45,0.0246,0.0619,0.0538,4.47,Low,False,none
TRD0066549,TRD0414,CMP000,SPDZ,2026-05-26 08:34:59,SELL,ETF,Stop-Loss,9608,437.58,4204268.64,10.1621,5.9328,3,11,3.5038,45.04,2031.51,True,3.5614,False,True,3,0.8441,0.8918,3.03,0.8207,0.8457,0.9052,84.8,High,True,front_running
TRD0105471,TRD0475,CMP055,NKNY,2025-11-03 13:23:30,BUY,Equity,Limit,192602,1080.18,208044828.36,0.7635,-1.0389,1,21,1.288,1287.3,9999.0,False,-0.4797,False,False,0,0.0133,0.8184,-1.64,0.0367,0.0016,0.0805,11.09,Low,False,none
TRD0091269,TRD0133,CMP048,JGWJ,2026-05-29 14:36:46,BUY,Equity,Cover Order,65044,108.82,7078088.08,1.4047,1.1407,3,8,1.9829,9999.0,34.1,False,-0.0804,False,False,0,0.1121,0.3838,-0.69,0.0467,0.0059,0.0075,6.23,Low,False,none
TRD0114840,TRD0033,CMP039,JDXM,2025-12-22 11:10:14,SELL,Equity,Market,26549,110.55,2934991.95,1.2338,-0.183,1,22,1.1422,282.49,9999.0,False,-1.7148,False,False,3,0.0189,0.0846,0.84,0.0952,0.047,0.0228,6.88,Low,False,none
TRD0009912,TRD0214,CMP017,FNLM,2026-01-23 14:40:21,SELL,Equity,Limit,36877,607.03,22385445.31,1.1286,-0.0798,1,7,0.7377,1134.59,9999.0,False,0.8015,False,False,1,0.1108,0.2168,3.9,0.0434,0.0159,0.0557,5.43,Low,False,none
TRD0024444,TRD0233,CMP019,ADNW,2026-06-06 10:03:19,BUY,Equity,Stop-Loss,4010,25.13,100771.3,1.0755,-1.2066,4,3,0.6186,361.09,167.79,False,0.0932,False,False,5,0.0244,0.2491,5.41,0.1384,0.0214,0.0021,9.39,Low,False,none
TRD0010122,TRD0222,CMP025,JXOT,2026-01-30 11:22:51,SELL,Equity,Bracket Order,205787,227.34,46783616.58,11.0619,6.4298,5,19,1.6483,37.91,1473.79,True,2.3239,False,False,0,0.7719,0.7021,-3.05,0.8991,0.8725,0.7875,85.47,Critical,True,front_running
TRD0075185,TRD0101,CMP045,BPXM,2026-05-31 08:45:28,SELL,Futures,Cover Order,168415,254.64,42885195.6,8.4514,5.4721,5,13,1.667,18.47,943.41,True,4.118,True,True,1,0.4931,0.12,3.69,0.9268,0.8912,0.6839,79.9,High,True,spoofing
TRD0061957,TRD0123,CMP014,DJHR,2026-05-30 14:45:04,SELL,Equity,Stop-Loss,30164,112.9,3405515.6,0.7015,0.6958,4,8,1.9615,9999.0,774.39,False,-1.0418,False,False,4,0.064,0.241,0.64,0.2167,0.04,0.0178,13.63,Low,False,none
TRD0048068,TRD0042,CMP036,UCCA,2026-01-12 16:38:44,BUY,ETF,Stop-Loss,867332,120.8,104773705.6,7.4901,4.8132,3,21,2.8172,16.45,899.52,True,3.6959,False,True,0,0.5535,0.4561,-0.08,0.7197,0.9689,0.6212,75.33,High,True,insider_trading
TRD0086613,TRD0451,CMP010,VTWH,2025-11-15 12:10:10,BUY,Futures,Cover Order,783942,97.45,76395147.9,7.5111,2.6779,2,19,2.2669,10.5,9999.0,True,2.5742,True,False,1,0.5906,0.1134,8.53,0.8956,0.9415,0.6837,79.94,High,True,layering
TRD0036081,TRD0359,CMP041,LXML,2025-12-18 10:55:27,SELL,ETF,Bracket Order,79097,497.85,39378441.45,11.7469,5.1099,4,5,1.7263,21.02,186.09,True,2.6346,False,False,6,0.7284,0.3502,2.83,0.7715,0.9149,0.6231,75.01,High,True,insider_trading
TRD0016496,TRD0462,CMP029,OPWR,2026-05-06 10:37:07,BUY,Equity,Cover Order,114530,36.24,4150567.2,3.2528,3.3329,4,10,1.7741,23.35,1546.36,True,2.6653,False,False,2,0.6999,0.5748,5.64,0.985,0.8888,0.7205,87.54,Critical,True,spoofing
TRD0056264,TRD0222,CMP042,EKVN,2026-06-08 12:50:11,BUY,Equity,Bracket Order,101607,221.99,22555737.93,5.3924,6.1589,2,22,3.3916,2.47,892.62,True,3.4814,False,False,5,0.6868,0.7021,1.52,0.9678,0.7943,0.8102,86.55,Critical,True,insider_trading
TRD0026550,TRD0463,CMP028,EZAB,2026-03-31 12:00:28,SELL,Equity,Stop-Loss,11386,1943.04,22123453.44,1.1536,-0.6899,1,22,0.9745,358.35,3527.9,False,-0.5413,False,False,1,0.0089,0.3469,1.87,0.0504,0.014,0.0639,7.12,Low,False,none
TRD0022858,TRD0207,CMP044,UDJH,2026-01-17 13:26:58,SELL,Options,Stop-Loss,116931,55.89,6535273.59,9.5808,6.1604,3,16,3.4126,16.77,416.13,True,2.498,True,False,0,0.3223,0.5604,-1.08,0.9175,0.8509,0.426,78.81,High,True,spoofing
TRD0086969,TRD0385,CMP008,OIUY,2026-04-24 12:26:29,BUY,Equity,Cover Order,84572,889.44,75221719.68,7.2976,5.1831,5,24,2.1639,11.17,841.15,True,3.1366,False,False,7,0.635,0.69,2.61,0.9489,0.9547,0.5771,86.9,Critical,True,spoofing
TRD0115326,TRD0040,CMP035,AQPF,2026-04-20 13:07:33,SELL,Equity,Market,1193297,1051.48,1254727929.56,10.5729,2.9824,3,24,3.3694,5.07,2833.14,True,3.5039,False,False,1,0.2705,0.2026,3.43,0.6784,0.9484,0.5945,69.92,Medium,True,front_running
TRD0031191,TRD0414,CMP016,FWEI,2026-03-12 15:27:21,SELL,Equity,Bracket Order,6377,816.62,5207585.74,8.0953,3.7712,3,4,2.9087,860.01,5.49,False,4.5468,False,False,6,0.5535,0.8918,1.69,0.872,0.9701,0.8587,90.14,Critical,True,pump_and_dump
TRD0093529,TRD0252,CMP011,CGLO,2026-06-04 11:56:41,SELL,Futures,Market,406403,34.98,14215976.94,9.7546,5.3834,3,14,2.5179,27.65,712.61,True,4.7066,True,False,1,0.2934,0.7888,3.49,0.9408,0.8928,0.6747,87.13,Critical,True,insider_trading
TRD0093800,TRD0041,CMP053,SVJO,2026-03-01 11:12:11,SELL,Equity,Stop-Loss,78296,39.87,3121661.52,3.3021,2.5727,4,7,3.6384,29.9,1077.74,True,2.8418,False,False,3,0.3985,0.862,6.16,0.743,0.7051,0.5704,71.76,High,True,circular_trading
TRD0002049,TRD0097,CMP059,RFEI,2025-12-11 13:51:22,SELL,ETF,Limit,165508,52.05,8614691.4,3.4926,3.6489,2,20,1.7803,15.51,577.26,True,2.5625,False,False,6,0.4495,0.8788,5.01,0.9026,0.9577,0.5685,86.66,Critical,True,front_running
TRD0094621,TRD0422,CMP051,NQWS,2026-01-10 10:05:25,SELL,Futures,Market,70791,35.63,2522283.33,1.2843,0.4372,4,15,1.3828,540.35,1042.49,False,1.506,True,False,0,0.0594,0.3016,-1.44,0.2477,0.1002,0.0347,17.69,Low,False,none
TRD0056634,TRD0475,CMP025,JXOT,2026-01-30 16:32:47,SELL,ETF,Stop-Loss,3317713,280.27,929855422.51,9.0777,4.4924,5,2,2.913,32.75,1478.95,True,4.6182,False,True,1,0.6598,0.8184,7.51,0.9591,0.8475,0.7412,87.89,Critical,True,layering
TRD0022502,TRD0205,CMP012,INMT,2026-05-23 12:39:36,BUY,Options,Market,57976,210.02,12176119.52,0.9042,0.4995,2,10,1.2582,65.59,1156.13,False,1.3481,True,False,1,0.1103,0.2051,1.5,0.064,0.1047,0.0276,8.49,Low,False,none
TRD0053392,TRD0184,CMP047,VBOF,2026-04-29 14:05:38,SELL,Futures,Cover Order,1127838,252.92,285252786.96,7.3422,4.5432,3,3,1.8596,29.92,283.73,True,2.1392,True,False,2,0.4448,0.8894,7.62,0.8442,0.691,0.5594,76.0,High,True,pump_and_dump
TRD0118481,TRD0045,CMP033,CHAM,2025-12-22 14:40:17,BUY,Futures,Cover Order,60979,1377.97,84027232.63,5.0823,4.5092,1,24,3.4981,621.97,15.31,False,4.5965,True,False,2,0.1381,0.788,9.47,0.9339,0.8478,0.7693,86.88,Critical,True,circular_trading
TRD0085898,TRD0252,CMP001,LMTI,2026-06-21 09:52:53,BUY,ETF,Cover Order,315698,321.2,101402197.6,6.8367,4.3032,2,2,3.1187,15.83,1379.06,True,2.519,False,False,5,0.321,0.7888,6.16,0.7001,0.6709,0.3818,65.25,Medium,True,pump_and_dump
TRD0083631,TRD0274,CMP044,UDJH,2026-05-22 12:58:22,SELL,ETF,Market,52909,26.0,1375634.0,1.0999,-0.6869,4,1,1.8512,199.91,290.12,False,0.7024,False,False,0,0.0571,0.4725,-0.14,0.2044,0.0521,0.0076,15.6,Low,False,none
TRD0108907,TRD0424,CMP028,EZAB,2026-04-18 16:40:02,SELL,Options,Market,300601,1975.4,593807215.4,8.3148,2.7587,3,2,3.7664,8.07,78.31,True,3.6806,True,True,0,0.5145,0.1159,-0.7,0.5098,0.9094,0.7529,62.68,Medium,True,spoofing
TRD0071553,TRD0045,CMP054,SCIM,2026-05-24 11:42:35,BUY,Futures,Bracket Order,64501,183.35,11826258.35,5.6027,5.4931,5,7,2.5718,46.01,4913.92,True,2.8198,True,False,2,0.348,0.788,7.18,0.702,0.7125,0.7751,72.47,High,True,insider_trading
TRD0006703,TRD0377,CMP041,LXML,2025-12-04 13:01:36,BUY,Equity,Limit,7358,489.55,3602108.9,1.2714,0.2514,5,8,1.5852,147.8,9999.0,False,-1.3377,False,False,0,0.1159,0.1981,-7.7,0.2198,0.0048,0.045,12.69,Low,False,none
TRD0108874,TRD0091,CMP023,OTXX,2025-12-31 12:07:43,BUY,Equity,Bracket Order,911035,3196.53,2912150708.55,11.6597,4.1188,2,22,3.3675,2.15,918.03,True,3.0837,False,False,1,0.5227,0.1658,5.17,0.8792,0.2724,0.8907,62.75,Medium,True,wash_trading
TRD0080565,TRD0273,CMP029,OPWR,2026-02-06 10:43:59,BUY,ETF,Cover Order,21800,62.54,1363372.0,0.9138,0.0044,4,5,1.1264,589.52,720.71,False,-0.6642,False,False,0,0.0174,0.3135,-0.53,0.0398,0.2641,0.0164,13.1,Low,False,none
TRD0065696,TRD0097,CMP034,SIHG,2026-03-03 18:58:32,BUY,Equity,Limit,471491,304.11,143385128.01,9.086,5.28,4,19,3.1605,10.18,184.39,True,4.2893,False,True,6,0.231,0.8788,2.03,0.9432,0.9854,0.4972,88.25,Critical,True,spoofing
TRD0038911,TRD0429,CMP022,TTZR,2026-02-19 11:37:33,SELL,ETF,Cover Order,16744,426.73,7145167.12,0.9502,-1.3777,5,21,0.8491,357.83,104.33,False,0.3793,False,False,3,0.0228,0.1157,3.85,0.1926,0.0625,0.0155,11.93,Low,False,none
TRD0058911,TRD0097,CMP045,BPXM,2026-01-30 10:48:22,SELL,Futures,Limit,535728,285.74,153078918.72,10.9114,4.9901,1,3,3.9428,12.61,9999.0,True,4.2402,True,False,2,0.301,0.8788,0.98,0.9221,0.7823,0.7563,85.1,Critical,True,insider_trading
TRD0030009,TRD0207,CMP058,JGPO,2026-04-05 12:34:52,SELL,Futures,Stop-Loss,138020,330.21,45575584.2,9.9445,3.6484,5,2,2.2449,881.41,5.08,False,4.8722,True,False,5,1.1239,0.5604,2.49,0.6779,0.7539,0.6285,68.15,Medium,True,pump_and_dump
TRD0097165,TRD0414,CMP018,YGCX,2026-01-11 10:11:02,SELL,ETF,Cover Order,3800,764.23,2904074.0,4.3374,4.7414,1,16,2.0813,48.88,263.58,False,3.1017,False,False,3,0.6081,0.8918,1.18,0.8294,0.5161,0.4728,68.82,Medium,True,layering
TRD0084914,TRD0340,CMP054,SCIM,2025-11-28 07:43:43,BUY,Equity,Limit,25636,136.97,3511362.92,0.7083,0.5443,2,6,1.6424,4297.99,661.94,False,0.3052,False,True,0,0.077,0.1967,-1.32,0.3089,0.1048,0.0091,19.15,Low,False,none
TRD0042199,TRD0204,CMP036,UCCA,2026-02-12 09:46:58,BUY,ETF,Market,21692,110.62,2399569.04,1.0562,-0.1849,4,17,0.7607,1061.98,720.69,False,0.5062,False,False,3,0.0325,0.2099,0.7,0.0792,0.0422,0.0604,7.84,Low,False,none
TRD0104883,TRD0492,CMP004,KQZJ,2025-11-11 10:54:00,BUY,ETF,Bracket Order,141116,110.55,15600373.8,0.9225,0.8063,5,15,1.8396,228.89,9999.0,False,1.2852,False,False,4,0.0657,0.0981,9.75,0.0686,0.026,0.0377,5.41,Low,False,none
TRD0011466,TRD0313,CMP013,RXNL,2026-03-23 12:21:01,SELL,Equity,Bracket Order,33518,132.08,4427057.44,0.8508,-0.7976,5,8,0.5384,1287.01,73.67,False,1.1,False,False,0,0.0403,0.2919,-1.35,0.1795,0.0887,0.0633,14.61,Low,False,none
TRD0087341,TRD0430,CMP022,TTZR,2026-03-07 11:34:47,BUY,ETF,Cover Order,24250,442.39,10727957.5,0.9699,0.6973,5,10,0.9613,1654.54,26.13,False,1.1013,False,False,0,0.0604,0.2994,-4.77,0.0139,0.0848,0.0732,7.26,Low,False,none
TRD0049723,TRD0041,CMP047,VBOF,2026-02-07 10:22:39,BUY,Futures,Market,96129,261.65,25152152.85,3.8489,5.286,2,24,1.8363,30.27,139.85,True,2.8413,True,False,1,0.7499,0.862,4.56,0.7672,0.8378,0.8617,81.2,High,True,front_running
TRD0033103,TRD0276,CMP035,AQPF,2026-02-28 12:14:16,SELL,Equity,Cover Order,12956,1048.66,13586438.96,1.0183,0.9535,1,9,0.971,1229.96,1608.25,False,1.0414,False,False,4,0.1423,0.5356,0.67,0.0957,0.0129,0.0301,10.5,Low,False,none
TRD0030016,TRD0159,CMP005,QSGC,2026-02-22 17:38:22,SELL,ETF,Cover Order,16267,118.78,1932194.26,0.7049,-0.3105,3,1,0.5137,171.45,1323.51,False,-0.0177,False,True,6,0.0236,0.0364,2.85,0.0042,0.1149,0.0564,4.85,Low,False,none
TRD0039505,TRD0359,CMP011,CGLO,2026-06-05 09:23:54,SELL,Equity,Bracket Order,61384,54.13,3322715.92,9.3027,5.4404,2,2,1.5736,6.2,734.06,True,2.9999,False,False,0,0.0671,0.3502,-0.57,0.9378,0.8723,0.7486,83.1,High,True,spoofing
TRD0098260,TRD0042,CMP020,IARJ,2026-03-19 15:41:07,BUY,Options,Stop-Loss,1024666,1046.45,1072261735.7,8.8823,6.7471,3,12,3.8675,6.33,378.01,True,4.747,True,False,2,0.6703,0.4561,2.28,0.6355,0.801,0.5186,64.97,Medium,True,insider_trading
TRD0027283,TRD0090,CMP058,JGPO,2026-06-14 09:14:34,BUY,Futures,Stop-Loss,46428,364.78,16936005.84,8.414,5.6606,2,5,1.8607,33.71,501.48,True,3.6474,True,False,7,1.0019,0.6416,2.8,0.99,0.8138,0.8911,88.75,Critical,True,pump_and_dump
TRD0007798,TRD0149,CMP037,BUYO,2025-10-18 11:19:15,BUY,Equity,Bracket Order,26996,253.59,6845915.64,0.7579,-1.7331,5,9,1.3238,2594.11,9999.0,False,0.3546,False,False,0,0.0371,0.1191,-2.87,0.2512,0.084,0.1819,17.74,Low,False,none
TRD0049543,TRD0269,CMP012,INMT,2025-11-17 11:53:06,SELL,Equity,Stop-Loss,26964,234.53,6323866.92,1.0276,-0.3323,1,21,1.1618,1835.53,9999.0,False,0.6234,False,False,0,0.0426,0.1493,-1.46,0.0309,0.0503,0.0025,4.43,Low,False,none
TRD0052899,TRD0041,CMP059,RFEI,2025-12-11 15:43:58,SELL,Equity,Limit,126523,77.28,9777697.44,4.427,6.9713,4,14,1.8535,13.63,579.14,True,2.2749,False,False,6,0.6265,0.862,2.55,0.6936,0.6276,0.4851,65.94,Medium,True,insider_trading
TRD0044915,TRD0174,CMP033,CHAM,2025-12-04 10:42:41,SELL,Options,Cover Order,169284,1382.28,233997887.52,9.0292,5.1052,3,21,1.9371,35.75,345.64,True,2.5968,True,False,7,1.0538,0.0981,3.37,0.8669,0.6114,0.6097,67.48,Medium,True,pump_and_dump
TRD0006014,TRD0284,CMP041,LXML,2026-04-02 11:42:02,BUY,ETF,Market,127867,443.6,56721801.2,0.9975,-1.108,3,21,1.9403,375.32,1401.2,False,0.0231,False,False,1,0.0382,0.0834,1.92,0.035,0.1021,0.0576,6.34,Low,False,none
TRD0114861,TRD0088,CMP008,OIUY,2025-12-18 14:47:27,BUY,Options,Bracket Order,187400,914.54,171384796.0,6.4968,5.3005,5,5,3.9871,32.21,9999.0,True,4.4967,True,False,4,0.459,0.0497,6.6,0.8989,0.9247,0.6273,78.1,High,True,front_running
TRD0088051,TRD0353,CMP027,BNLN,2026-05-09 12:25:10,BUY,ETF,Limit,1981,258.38,511850.78,1.0159,0.7306,3,2,0.7985,891.69,3142.34,False,-0.101,False,False,0,0.132,0.2433,-2.1,0.111,0.2584,0.0022,15.21,Low,False,none
TRD0055635,TRD0097,CMP038,UXVA,2026-05-24 09:50:38,SELL,Equity,Cover Order,198197,685.31,135826386.07,4.5027,5.2337,1,22,2.3936,38.36,382.55,True,4.9421,False,False,5,0.4738,0.8788,5.64,0.6315,0.6167,0.8869,69.01,Medium,True,insider_trading
TRD0026761,TRD0336,CMP051,NQWS,2025-11-27 15:54:56,BUY,ETF,Bracket Order,254431,4.99,1269610.69,6.071,5.9387,3,1,2.7088,7.68,9999.0,True,4.3586,False,False,0,0.1806,0.7178,-0.12,0.8852,0.6926,0.77,79.34,High,True,insider_trading
TRD0012301,TRD0412,CMP022,TTZR,2026-05-13 15:38:35,SELL,Equity,Limit,286894,417.87,119884395.78,5.5516,5.4871,3,2,2.0217,42.48,1638.19,True,4.4423,False,False,0,0.6876,0.5609,-0.75,0.884,0.8068,0.476,76.73,High,True,wash_trading
TRD0019803,TRD0373,CMP015,WXZK,2025-10-30 12:25:34,BUY,Equity,Cover Order,51686,597.22,30867912.92,6.7481,5.1167,2,9,3.1535,16.96,9999.0,True,4.6773,False,False,4,0.4392,0.0903,3.67,0.6622,0.9093,0.9312,71.95,High,True,insider_trading
TRD0058201,TRD0208,CMP002,JBDO,2026-05-25 15:52:57,SELL,Equity,Market,128936,83.6,10779049.6,0.8409,0.5695,5,18,1.5426,63.02,599.68,False,-0.2112,False,False,0,0.0413,0.2359,-0.02,0.0049,0.057,0.0018,4.32,Low,False,none
TRD0046850,TRD0491,CMP038,UXVA,2025-11-07 12:32:50,SELL,ETF,Cover Order,34035,666.81,22694878.35,1.0147,1.3754,2,2,1.0303,1444.95,9999.0,False,-0.685,False,False,0,0.0034,0.1498,-4.25,0.0748,0.1363,0.0223,9.29,Low,False,none
TRD0076809,TRD0445,CMP025,JXOT,2025-11-08 09:05:33,SELL,Futures,Cover Order,201404,240.53,48443704.12,6.5899,2.7206,4,9,1.8308,41.49,9999.0,True,3.71,True,False,3,0.2346,0.1605,0.76,0.8644,0.6577,0.7614,71.66,High,True,insider_trading
TRD0040720,TRD0499,CMP044,UDJH,2026-02-14 17:33:35,SELL,ETF,Limit,1286073,49.53,63699195.69,11.3997,4.1326,3,17,2.6299,1.6,659.34,True,3.2937,False,True,5,0.0685,0.3768,2.83,0.6716,0.7159,0.6,64.47,Medium,True,insider_trading
TRD0070243,TRD0057,CMP036,UCCA,2025-11-15 09:16:18,BUY,Equity,Market,6425,122.22,785263.5,1.0058,-0.8624,4,7,1.9699,336.09,20.56,False,1.1896,False,False,7,0.0611,0.0846,1.96,0.1074,0.1182,0.0416,9.85,Low,False,none
TRD0043129,TRD0100,CMP045,BPXM,2026-02-18 07:54:10,BUY,ETF,Bracket Order,4438,242.45,1075993.1,0.6155,0.1542,4,24,0.7073,1505.45,440.49,False,-0.4784,False,True,2,0.0157,0.0702,3.43,0.2943,0.0153,0.0185,14.68,Low,False,none
TRD0095349,TRD0360,CMP011,CGLO,2025-12-27 09:37:58,SELL,Equity,Cover Order,30069,40.73,1224710.37,1.1539,-0.6348,4,6,1.2048,2614.37,153.49,False,0.3172,False,False,6,0.0693,0.1136,1.94,0.0548,0.029,0.0638,5.43,Low,False,none
TRD0031192,TRD0102,CMP044,UDJH,2026-05-09 10:55:01,SELL,ETF,Stop-Loss,14758,58.28,860096.24,0.8458,0.4223,2,4,1.3698,23.94,2007.75,True,0.6274,False,False,0,0.0538,0.1147,-0.23,0.0843,0.0879,0.0626,8.52,Low,False,none
TRD0098380,TRD0237,CMP017,FNLM,2026-03-31 12:23:32,BUY,Equity,Limit,21256,633.13,13457811.28,0.9279,-1.068,5,10,0.7683,333.43,471.13,False,-0.437,False,False,1,0.1142,0.0194,4.02,0.1051,0.0812,0.0258,7.75,Low,False,none
TRD0061380,TRD0475,CMP024,GGME,2025-12-27 11:12:29,BUY,Options,Limit,1234924,69.32,85604931.68,3.6381,3.2736,3,23,2.314,36.45,9999.0,True,2.2424,True,False,7,0.0999,0.8184,1.92,0.7132,0.6982,0.2177,64.49,Medium,True,wash_trading
TRD0115568,TRD0119,CMP029,OPWR,2026-06-20 08:08:56,SELL,Equity,Cover Order,13600,40.86,555696.0,0.9544,-0.0409,1,17,0.769,9999.0,1054.18,False,0.4736,False,True,5,0.0709,0.1704,3.06,0.2382,0.0693,0.1717,17.08,Low,False,none
TRD0098213,TRD0417,CMP027,BNLN,2026-03-12 11:42:42,BUY,ETF,Limit,28103,279.99,7868558.97,0.9489,0.898,1,16,1.4715,2284.4,1749.63,False,0.54,False,False,7,0.0714,0.1572,2.32,0.0021,0.105,0.0863,6.11,Low,False,none
TRD0036357,TRD0207,CMP001,LMTI,2026-06-20 15:07:52,BUY,ETF,Limit,58086,317.84,18462054.24,4.7377,2.53,1,18,1.7189,34.58,1360.31,True,2.5767,False,False,4,0.5481,0.5604,4.3,0.7786,0.7405,0.8259,75.24,High,True,insider_trading
TRD0019323,TRD0478,CMP036,UCCA,2025-11-18 15:09:57,SELL,Equity,Limit,19147,141.63,2711789.61,0.9804,0.3891,5,17,1.0851,258.2,98.45,False,0.824,False,False,7,0.0875,0.0256,4.43,0.0667,0.0941,0.0161,6.32,Low,False,none
TRD0002269,TRD0356,CMP038,UXVA,2026-05-19 09:06:13,SELL,ETF,Market,52244,638.06,33334806.64,1.2247,-1.1631,2,4,1.7877,159.1,261.81,False,-1.8738,False,False,7,0.0416,0.0922,5.08,0.032,0.0152,0.0225,3.16,Low,False,none
TRD0013941,TRD0248,CMP044,UDJH,2026-05-10 18:38:54,SELL,Equity,Bracket Order,329499,7.02,2313082.98,6.1805,5.0635,3,23,2.5126,482.23,7.79,False,3.9084,False,True,6,0.4825,0.4378,1.02,0.7916,0.9271,0.4252,74.19,High,True,wash_trading
TRD0024164,TRD0369,CMP010,VTWH,2025-11-14 16:00:42,BUY,Equity,Cover Order,232382,78.27,18188539.14,10.2492,3.0134,3,14,1.6099,30.66,9999.0,True,4.9394,False,True,4,0.0662,0.5509,3.53,0.7783,0.955,0.6386,78.76,High,True,insider_trading
TRD0017470,TRD0042,CMP049,JIRH,2026-01-28 14:53:51,SELL,Equity,Bracket Order,951104,206.44,196345909.76,6.877,6.1693,3,6,3.1695,9999.0,6.34,False,3.6031,False,False,0,0.527,0.4561,-1.19,0.9599,0.9087,0.8634,87.97,Critical,True,insider_trading
TRD0076522,TRD0336,CMP025,JXOT,2026-06-14 13:50:18,BUY,Futures,Limit,172356,256.93,44283427.08,4.2558,3.6448,3,20,3.8524,19.15,1115.06,True,2.3309,True,False,1,0.7455,0.7178,0.36,0.858,0.826,0.3696,76.11,High,True,circular_trading
TRD0097822,TRD0462,CMP021,TXFE,2026-01-01 11:50:47,SELL,Equity,Bracket Order,140355,80.61,11314016.55,4.6771,2.8748,2,13,2.3008,29.94,801.13,True,2.5672,False,False,6,0.7792,0.5748,6.95,0.5709,0.8603,0.4352,63.78,Medium,True,front_running
TRD0100097,TRD0033,CMP013,RXNL,2026-01-16 11:31:32,SELL,Equity,Cover Order,30583,123.66,3781893.78,1.6074,-0.2427,3,13,1.542,1139.78,200.18,False,0.3842,False,False,1,0.1361,0.0846,1.29,0.0155,0.025,0.1781,4.96,Low,False,none
TRD0057846,TRD0401,CMP032,MXGK,2026-06-12 14:52:25,SELL,Equity,Limit,1277,1132.87,1446674.99,1.1814,0.7642,5,13,0.9655,135.05,558.91,False,-1.4987,False,False,0,0.1178,0.3051,-1.05,0.0144,0.2203,0.0527,11.1,Low,False,none
TRD0008885,TRD0072,CMP037,BUYO,2025-10-10 12:33:40,SELL,Equity,Stop-Loss,22333,218.06,4869933.98,0.7807,0.2069,2,20,0.8482,2784.87,9999.0,False,0.2281,False,False,0,0.0386,0.179,-1.71,0.0296,0.0797,0.0118,5.69,Low,False,none
TRD0005709,TRD0184,CMP026,UGLJ,2025-12-26 12:25:47,SELL,ETF,Limit,639941,1537.67,984018077.47,4.1393,4.7231,1,5,2.286,12.13,65.24,True,2.8354,False,False,4,0.8301,0.8894,1.06,0.9657,0.6994,0.6333,82.83,High,True,wash_trading
TRD0068907,TRD0300,CMP017,FNLM,2026-03-07 07:40:24,BUY,Equity,Market,12909,631.59,8153195.31,0.9802,0.4969,1,13,0.6732,109.59,9999.0,False,-1.2641,False,True,0,0.0176,0.1297,-1.02,0.0135,0.052,0.1097,5.11,Low,False,none
TRD0107962,TRD0401,CMP022,TTZR,2026-02-14 15:45:45,BUY,Options,Bracket Order,8848,444.49,3932847.52,6.1678,4.0886,5,14,2.6343,11.53,1385.68,True,4.9759,True,False,4,1.1712,0.3051,4.77,0.833,0.654,0.6278,69.57,Medium,True,spoofing
TRD0019470,TRD0288,CMP045,BPXM,2026-01-20 12:06:43,BUY,ETF,Cover Order,18292,277.07,5068164.44,0.871,0.3294,1,18,0.9742,251.3,9999.0,False,-0.614,False,False,4,0.09,0.2615,0.69,0.1744,0.0902,0.0251,13.55,Low,False,none
TRD0058850,TRD0372,CMP040,PWVJ,2026-01-28 14:50:23,BUY,Options,Cover Order,358083,29.78,10663711.74,11.2433,5.3331,5,11,2.7993,7.19,9999.0,True,3.6283,True,False,5,0.081,0.5577,4.56,0.8491,0.6434,0.4848,70.36,High,True,wash_trading
TRD0058730,TRD0045,CMP031,NGEI,2026-01-10 11:59:41,SELL,Equity,Bracket Order,67779,451.4,30595440.6,5.887,5.3329,5,19,2.7736,517.4,3.79,False,2.8162,False,False,7,0.5635,0.788,3.34,0.8567,0.9461,0.7053,85.39,Critical,True,insider_trading
TRD0019853,TRD0248,CMP017,FNLM,2026-06-04 16:33:37,SELL,ETF,Cover Order,289702,585.77,169698740.54,5.8979,6.1444,4,6,2.1112,9999.0,3.59,False,2.5578,False,True,2,0.3083,0.4378,1.22,0.9457,0.9504,0.6627,85.39,Critical,True,insider_trading
TRD0106368,TRD0272,CMP001,LMTI,2026-06-21 14:00:31,BUY,Equity,Stop-Loss,612999,308.83,189312481.17,9.2713,5.0677,3,14,3.8751,11.7,1383.19,True,4.1748,False,False,0,0.0556,0.1522,-1.89,0.6239,0.8498,0.7186,65.87,Medium,True,pump_and_dump
TRD0078089,TRD0065,CMP031,NGEI,2025-10-02 13:14:16,BUY,Equity,Limit,5468,475.61,2600635.48,0.9581,1.3548,5,7,1.1003,2394.97,9999.0,False,-0.2156,False,False,0,0.0096,0.1531,-2.64,0.0764,0.2314,0.0754,13.04,Low,False,none
TRD0055178,TRD0442,CMP051,NQWS,2026-02-13 12:45:58,BUY,Equity,Cover Order,27600,12.51,345276.0,0.9007,0.5802,1,13,1.8017,1900.48,278.33,False,-0.354,False,False,0,0.0146,0.116,-0.73,0.0412,0.0818,0.1859,8.26,Low,False,none
TRD0095934,TRD0205,CMP021,TXFE,2025-11-27 10:40:34,BUY,Futures,Market,393086,120.41,47331485.26,5.9244,6.5457,3,12,1.7221,40.04,19.75,True,4.3386,True,False,3,0.5505,0.2051,4.82,0.9465,0.674,0.4396,71.46,High,True,pump_and_dump
TRD0064056,TRD0073,CMP047,VBOF,2026-06-13 18:56:02,SELL,ETF,Cover Order,36880,260.35,9601708.0,11.8133,6.8387,2,14,1.8063,6.5,1054.92,True,2.9396,False,True,3,0.2941,0.1504,5.95,0.5708,0.8188,0.324,56.61,Medium,True,insider_trading
TRD0101799,TRD0323,CMP038,UXVA,2026-01-01 08:45:32,SELL,Equity,Market,1892,659.48,1247736.16,1.242,0.4038,3,6,1.6114,128.74,9999.0,False,1.3596,False,True,4,0.0526,0.0769,0.24,0.0168,0.005,0.0069,1.78,Low,False,none
TRD0088892,TRD0334,CMP049,JIRH,2025-10-01 14:59:16,BUY,ETF,Limit,9577,161.26,1544387.02,0.6098,-0.483,4,18,0.9077,2849.56,9999.0,False,-1.0747,False,False,6,0.0955,0.1983,2.22,0.0392,0.0276,0.015,4.8,Low,False,none
TRD0069843,TRD0181,CMP013,RXNL,2026-03-25 15:22:01,BUY,Equity,Bracket Order,16782,119.56,2006455.92,0.8266,-0.6873,5,13,1.8642,1235.99,124.69,False,1.0284,False,False,0,0.173,0.3502,-2.54,0.0246,0.0188,0.2467,8.87,Low,False,none
TRD0073946,TRD0222,CMP008,OIUY,2026-04-24 08:46:53,BUY,ETF,Cover Order,228954,865.08,198063526.32,11.5737,6.2159,3,22,3.4453,14.83,837.49,True,2.6046,False,True,4,0.5718,0.7021,5.72,0.9629,0.941,0.6804,88.79,Critical,True,layering
TRD0091443,TRD0375,CMP059,RFEI,2025-12-11 12:58:51,SELL,ETF,Cover Order,557200,54.92,30601424.0,9.7621,3.5211,5,1,2.9085,16.39,576.39,True,2.9295,False,False,7,0.238,0.2115,0.35,0.7393,0.7522,0.7251,68.83,Medium,True,layering
TRD0115644,TRD0313,CMP008,OIUY,2026-06-01 09:59:22,BUY,Equity,Market,283297,851.22,241148072.34,6.6554,2.6092,2,8,2.6076,5.47,230.54,True,3.2891,False,False,7,0.8273,0.2919,7.18,0.5197,0.7108,0.7388,58.71,Medium,True,layering
TRD0016119,TRD0184,CMP055,NKNY,2026-01-19 11:56:25,SELL,Equity,Market,520899,1106.58,576416415.42,3.1429,6.8836,3,24,3.044,44.9,289.17,True,2.2331,False,False,3,0.8944,0.8894,4.63,0.9464,0.8519,0.9108,90.7,Critical,True,circular_trading
TRD0109665,TRD0266,CMP027,BNLN,2026-01-27 16:44:45,SELL,ETF,Market,6021,265.11,1596227.31,1.1363,-0.1695,4,24,0.8243,3335.36,698.67,False,0.1212,False,True,0,0.018,0.5211,-2.62,0.2541,0.1532,0.0205,21.55,Low,False,none
TRD0108028,TRD0223,CMP027,BNLN,2025-11-06 11:59:09,BUY,Equity,Stop-Loss,52308,296.11,15488921.88,6.2978,4.9772,4,9,2.7829,40.22,9999.0,True,3.6744,False,False,3,0.8242,0.2078,4.4,0.8822,0.9095,0.829,81.5,High,True,insider_trading
TRD0003259,TRD0090,CMP010,VTWH,2025-10-05 14:29:14,SELL,Equity,Cover Order,8082,104.78,846831.96,1.2087,0.6916,2,8,0.9318,992.18,9999.0,False,-0.5818,False,False,3,0.025,0.6416,0.21,0.064,0.0409,0.0294,10.96,Low,False,none
TRD0012342,TRD0049,CMP007,PZVF,2026-03-13 12:49:24,BUY,ETF,Stop-Loss,17294,60.74,1050437.56,5.8019,4.036,1,21,2.0216,27.65,1050.8,True,4.8348,False,False,4,0.258,0.0563,8.34,0.6669,0.6489,0.8206,62.35,Medium,True,pump_and_dump
TRD0088003,TRD0351,CMP009,QWEI,2026-05-27 18:21:27,BUY,Equity,Cover Order,351250,126.0,44257500.0,6.6238,4.5825,2,21,2.3172,9999.0,7.55,False,3.7167,False,True,7,0.6825,0.6234,4.54,0.9727,0.5043,0.5385,73.21,High,True,circular_trading
TRD0017103,TRD0450,CMP042,EKVN,2026-04-14 12:11:58,SELL,Equity,Market,141024,209.94,29606578.56,1.7213,0.4286,2,5,1.1785,428.02,1095.74,False,0.5273,False,False,5,0.0167,0.0638,0.22,0.0582,0.0924,0.002,6.06,Low,False,none
TRD0037213,TRD0475,CMP059,RFEI,2026-03-20 13:16:41,SELL,Options,Market,1903303,79.95,152169074.85,5.5456,4.8761,1,9,2.3218,3.18,339.08,True,2.3842,True,False,0,0.2866,0.8184,-5.25,0.6566,0.8976,0.8607,77.57,High,True,pump_and_dump
TRD0001333,TRD0444,CMP003,NCBQ,2026-05-11 08:45:43,BUY,Equity,Market,186542,114.06,21276980.52,6.3703,6.0765,2,17,1.5326,23.27,1052.51,True,4.7514,False,True,2,0.1517,0.2163,0.84,0.6601,0.9545,0.576,69.14,Medium,True,spoofing
TRD0038287,TRD0358,CMP012,INMT,2026-01-07 15:44:04,SELL,ETF,Cover Order,38255,205.12,7846865.6,1.2983,0.635,1,13,1.5343,607.68,9999.0,False,1.3943,False,False,6,0.0308,0.5422,0.8,0.184,0.0856,0.0133,16.47,Low,False,none
TRD0104276,TRD0182,CMP018,YGCX,2026-03-10 09:14:53,BUY,Equity,Cover Order,13376,739.45,9890883.2,1.1565,-0.2297,1,17,0.7627,847.87,206.48,False,0.3702,False,False,0,0.0706,0.2187,-1.36,0.0381,0.0124,0.1046,5.84,Low,False,none
TRD0081974,TRD0002,CMP007,PZVF,2026-03-13 07:46:37,BUY,ETF,Market,43044,10.59,455835.96,1.1987,1.3198,4,4,0.8448,32.69,1045.75,True,0.7173,False,True,0,0.0198,0.2937,-4.53,0.1969,0.1498,0.0354,16.82,Low,False,none
TRD0050088,TRD0248,CMP045,BPXM,2026-01-04 11:19:35,SELL,ETF,Cover Order,82212,244.92,20135363.04,1.4739,-0.8786,3,22,0.6996,636.09,9999.0,False,1.2765,False,False,0,0.0477,0.4378,-1.91,0.2326,0.0093,0.0171,15.38,Low,False,none
TRD0056199,TRD0042,CMP049,JIRH,2026-01-26 11:20:42,BUY,ETF,Market,917985,194.97,178979535.45,9.1077,6.6218,5,22,1.5294,45.21,9999.0,True,4.2307,False,False,3,0.4527,0.4561,1.08,0.6867,0.6034,0.7963,65.51,Medium,True,layering
TRD0065799,TRD0075,CMP014,DJHR,2026-03-09 10:46:04,SELL,Options,Bracket Order,31189,155.87,4861429.43,1.407,-0.3315,2,9,1.5555,927.58,556.06,False,-1.1459,True,False,2,0.0793,0.1644,5.92,0.0957,0.1248,0.0602,10.6,Low,False,none
TRD0119960,TRD0379,CMP002,JBDO,2025-11-22 15:01:14,SELL,ETF,Cover Order,23972,122.54,2937528.88,1.3715,-1.2398,4,10,0.7645,248.62,9999.0,False,0.4224,False,False,0,0.0906,0.0015,-3.26,0.0222,0.1843,0.1252,8.42,Low,False,none
TRD0058744,TRD0312,CMP045,BPXM,2026-05-30 07:01:46,SELL,ETF,Stop-Loss,465349,247.0,114941203.0,9.5519,4.8807,4,2,2.835,44.2,917.68,True,2.1268,False,True,3,0.7314,0.7761,0.46,0.8712,0.9583,0.7374,86.78,Critical,True,layering
TRD0108936,TRD0367,CMP005,QSGC,2025-12-29 08:28:39,BUY,Equity,Bracket Order,340659,132.07,44990834.13,4.6197,5.4927,5,7,1.5227,5.65,9999.0,True,4.5454,False,True,2,0.6292,0.094,6.95,0.9311,0.7426,0.681,75.33,High,True,insider_trading
TRD0056582,TRD0041,CMP049,JIRH,2026-01-27 13:39:04,BUY,Options,Market,263426,179.74,47348189.24,9.4349,2.5585,4,16,2.9542,18.9,9999.0,True,3.8695,True,False,3,0.9426,0.862,4.18,0.8378,0.9672,0.8327,87.83,Critical,True,insider_trading
TRD0099416,TRD0381,CMP050,MCCS,2026-05-13 09:03:52,BUY,Equity,Cover Order,40508,88.55,3586983.4,0.7685,-0.6104,5,13,1.0775,881.34,394.65,False,-0.631,False,False,2,0.1063,0.039,0.83,0.0924,0.0068,0.0284,5.18,Low,False,none
TRD0069773,TRD0042,CMP057,PNYK,2025-12-09 11:53:30,SELL,Equity,Bracket Order,684837,51.23,35084199.51,6.1011,6.1096,1,16,2.0827,2.16,644.2,True,4.1627,False,False,3,0.8187,0.4561,7.08,0.6983,0.4057,0.3928,54.05,Medium,True,insider_trading
TRD0066870,TRD0088,CMP020,IARJ,2026-04-01 15:41:54,SELL,Equity,Cover Order,23381,1088.86,25458635.66,0.7109,-0.2913,3,10,0.8855,364.95,305.68,False,0.5231,False,False,1,0.0199,0.0497,5.05,0.0454,0.028,0.0116,3.55,Low,False,none
TRD0114237,TRD0319,CMP023,OTXX,2026-01-03 14:36:17,SELL,Equity,Cover Order,178449,3194.21,570003580.29,1.0142,-0.8988,1,16,1.9997,2812.57,45.2,False,1.0641,False,False,3,0.0112,0.3621,1.38,0.0969,0.0108,0.006,8.4,Low,False,none
TRD0004641,TRD0235,CMP039,JDXM,2025-12-10 13:12:11,BUY,Equity,Market,9628,100.47,967325.16,0.9591,-1.4671,5,13,1.7398,568.45,9999.0,False,-0.6948,False,False,5,0.0362,0.3386,3.99,0.0735,0.0968,0.036,10.14,Low,False,none
TRD0086863,TRD0315,CMP037,BUYO,2026-01-21 15:40:42,BUY,ETF,Market,3643,234.91,855777.13,1.2076,0.4295,5,19,0.6412,309.76,9999.0,False,0.3493,False,False,0,0.0614,0.4596,-1.03,0.0137,0.0588,0.0863,8.27,Low,False,none
TRD0063130,TRD0184,CMP049,JIRH,2026-01-26 14:55:54,BUY,ETF,Stop-Loss,679491,179.01,121635683.91,3.9109,5.895,4,3,3.6724,41.62,9999.0,True,4.0894,False,False,7,0.2611,0.8894,2.39,0.8303,0.6721,0.8826,79.66,High,True,layering
TRD0097801,TRD0284,CMP030,FHSA,2026-01-19 13:29:19,BUY,Equity,Limit,101895,174.47,17777620.65,0.9098,0.0683,5,4,1.3165,3631.57,526.46,False,0.1857,False,False,5,0.0572,0.0834,2.08,0.0578,0.0166,0.115,5.66,Low,False,none
TRD0097775,TRD0184,CMP032,MXGK,2026-02-26 13:38:30,BUY,Equity,Cover Order,898952,1123.33,1009819750.16,5.7917,2.6604,4,9,3.2738,16.75,683.31,True,3.7145,False,False,6,0.4087,0.8894,2.3,0.701,0.5867,0.6505,67.8,Medium,True,layering
TRD0055470,TRD0248,CMP017,FNLM,2026-03-11 17:35:13,SELL,ETF,Stop-Loss,619225,646.01,400025542.25,11.4932,4.9131,2,4,2.9326,3.68,9999.0,True,2.7171,False,True,6,0.7216,0.4378,1.75,0.9295,0.9198,0.7811,85.52,Critical,True,wash_trading
TRD0082745,TRD0372,CMP023,OTXX,2025-11-21 12:46:57,SELL,Futures,Cover Order,263510,3207.14,845113461.4,11.0059,4.4372,4,3,2.3609,41.32,9999.0,True,3.5713,True,False,3,0.9903,0.5577,2.9,0.7073,0.7298,0.5999,68.3,Medium,True,insider_trading
TRD0079097,TRD0313,CMP005,QSGC,2026-01-21 14:22:50,SELL,ETF,Market,38832,139.85,5430655.2,0.85,0.4919,1,15,1.5619,942.71,552.25,False,1.3334,False,False,6,0.0941,0.2919,3.68,0.2323,0.0499,0.0595,15.76,Low,False,none
TRD0084596,TRD0012,CMP002,JBDO,2025-12-06 11:14:31,BUY,ETF,Cover Order,24684,116.63,2878894.92,1.0197,0.7953,2,13,1.3425,1816.28,83.61,False,0.2266,False,False,0,0.0256,0.3877,-6.43,0.035,0.0838,0.2165,11.21,Low,False,none
TRD0052077,TRD0173,CMP019,ADNW,2025-11-29 08:21:56,BUY,Equity,Market,57867,9.01,521381.67,1.0712,-0.364,3,2,1.7412,823.09,9999.0,False,-0.4902,False,True,0,0.0481,0.1751,-2.89,0.0336,0.0017,0.1807,6.02,Low,False,none
TRD0051448,TRD0465,CMP041,LXML,2026-01-06 12:15:37,BUY,ETF,Market,8927,452.87,4042770.49,0.752,-0.5385,4,16,0.5811,24.86,436.31,True,0.1923,False,False,6,0.1199,0.1448,0.5,0.0228,0.0458,0.059,4.73,Low,False,none
TRD0109905,TRD0184,CMP013,RXNL,2026-01-08 07:47:59,BUY,ETF,Limit,576010,97.03,55890250.3,3.5294,3.1576,4,3,2.9596,1335.5,4.45,False,2.5334,False,True,7,0.8715,0.8894,5.87,0.8672,0.8548,0.7658,85.05,Critical,True,pump_and_dump
TRD0016460,TRD0210,CMP006,XBFQ,2026-02-16 17:56:05,SELL,Futures,Bracket Order,108927,65.52,7136897.04,4.5234,2.7561,4,19,3.732,772.38,5.31,False,4.554,True,True,2,0.0395,0.8977,0.62,0.8791,0.9528,0.8706,90.18,Critical,True,spoofing
TRD0052112,TRD0336,CMP030,FHSA,2026-06-18 14:23:51,BUY,Futures,Limit,161773,117.22,18963031.06,4.2893,4.0329,5,10,1.8208,30.66,4127.36,True,2.3444,True,False,6,0.1452,0.7178,2.05,0.9471,0.8164,0.8354,86.82,Critical,True,insider_trading
TRD0079484,TRD0403,CMP031,NGEI,2025-10-29 10:34:52,SELL,Equity,Stop-Loss,41080,450.86,18521328.8,1.4301,2.0588,3,7,0.7576,1749.62,9999.0,False,0.4746,False,False,0,0.0908,0.3501,-0.04,0.1336,0.1226,0.0253,13.57,Low,False,none
TRD0095697,TRD0097,CMP059,RFEI,2026-01-29 08:43:56,SELL,Futures,Cover Order,455113,50.8,23119740.4,10.0874,6.7013,4,4,2.8454,16.65,1155.37,True,2.1795,True,True,0,0.1604,0.8788,-0.54,0.95,0.8093,0.8081,87.94,Critical,True,layering
TRD0050565,TRD0499,CMP041,LXML,2026-06-26 14:05:29,SELL,ETF,Bracket Order,185291,453.77,84079497.07,1.4099,-0.6186,4,10,0.7317,9999.0,1667.07,False,-0.0721,False,False,0,0.0587,0.3768,-3.87,0.1166,0.0971,0.0649,12.9,Low,False,none
TRD0108622,TRD0226,CMP057,PNYK,2025-10-12 18:52:17,BUY,Equity,Market,20017,105.35,2108790.95,1.2717,0.0661,1,24,1.0996,740.82,9999.0,False,-0.3424,False,True,3,0.0877,0.2349,0.46,0.0248,0.0916,0.0431,6.86,Low,False,none
TRD0007372,TRD0011,CMP039,JDXM,2026-05-04 10:37:35,SELL,Futures,Market,684521,85.74,58690830.54,11.4417,6.4799,4,21,1.7669,42.52,1250.72,True,4.2479,True,False,5,0.6908,0.2215,7.6,0.7821,0.8291,0.5418,70.41,High,True,spoofing
TRD0112976,TRD0283,CMP011,CGLO,2026-04-25 10:25:52,SELL,Options,Stop-Loss,75897,48.36,3670378.92,1.1683,-0.7998,4,16,1.3291,248.9,242.43,False,0.016,True,False,0,0.104,0.1352,-7.23,0.0827,0.1555,0.0555,10.57,Low,False,none
TRD0065363,TRD0063,CMP019,ADNW,2026-04-21 14:19:42,BUY,Equity,Stop-Loss,392684,24.21,9506879.64,9.3976,2.9687,1,24,2.8505,22.99,2614.87,True,3.6955,False,False,1,0.8219,0.6313,11.04,0.9156,0.9253,0.6876,85.59,Critical,True,layering
TRD0108593,TRD0146,CMP032,MXGK,2026-05-25 11:48:10,SELL,Equity,Cover Order,71732,1143.81,82047778.92,0.9501,0.813,2,23,1.5391,570.12,123.84,False,-0.5283,False,False,2,0.0342,0.2545,1.7,0.017,0.22,0.0448,10.58,Low,False,none
TRD0034279,TRD0462,CMP032,MXGK,2026-05-20 10:56:13,SELL,Equity,Stop-Loss,150757,1171.89,176670620.73,5.1641,6.5348,3,10,1.7214,690.99,2.98,False,2.9929,False,False,7,0.0982,0.5748,6.53,0.946,0.8974,0.7484,86.47,Critical,True,spoofing
TRD0018599,TRD0042,CMP021,TXFE,2026-05-26 09:40:49,BUY,ETF,Stop-Loss,743756,66.52,49474649.12,6.5085,4.8992,5,8,3.6563,38.56,3247.28,True,4.5074,False,False,1,0.5491,0.4561,2.83,0.9598,0.8771,0.6903,84.42,High,True,pump_and_dump
TRD0111990,TRD0143,CMP056,ASGU,2026-01-13 11:57:40,SELL,ETF,Cover Order,9643,756.49,7294833.07,0.8667,1.2108,3,20,0.5055,1434.85,1394.72,False,0.4039,False,False,3,0.0167,0.1682,1.2,0.2615,0.0664,0.0997,16.94,Low,False,none
TRD0000028,TRD0203,CMP004,KQZJ,2025-10-31 13:32:08,BUY,Equity,Stop-Loss,6746,114.31,771135.26,1.1649,-0.2073,3,5,0.7893,490.26,9999.0,False,-1.3462,False,False,2,0.1461,0.1169,0.63,0.2692,0.0141,0.0882,15.03,Low,False,none
TRD0098041,TRD0101,CMP048,JGWJ,2025-10-02 11:51:33,SELL,ETF,Market,22718,119.79,2721389.22,0.956,1.1428,2,22,0.5632,1225.01,9999.0,False,-0.1869,False,False,0,0.0019,0.12,-0.06,0.0149,0.0611,0.0102,3.86,Low,False,none
TRD0042668,TRD0269,CMP043,QBPR,2026-05-20 13:14:44,BUY,ETF,Limit,165019,462.78,76367492.82,5.4125,6.2836,1,22,2.6682,34.92,109.17,True,3.2719,False,False,5,0.5505,0.1493,5.98,0.8674,0.5846,0.4473,64.77,Medium,True,insider_trading
TRD0001568,TRD0335,CMP043,QBPR,2026-01-27 15:20:46,BUY,ETF,Bracket Order,23370,400.16,9351739.2,0.9083,1.4923,2,15,0.8702,24.55,9999.0,True,1.4434,False,False,6,0.029,0.1169,2.52,0.0119,0.0026,0.0506,2.54,Low,False,none
TRD0031949,TRD0208,CMP036,UCCA,2026-02-09 12:21:59,BUY,Equity,Stop-Loss,173640,119.1,20680524.0,0.8991,-0.9565,5,7,1.161,1131.4,651.27,False,0.7533,False,False,0,0.0552,0.2359,-0.9,0.2144,0.0218,0.0012,12.68,Low,False,none
TRD0025525,TRD0242,CMP034,SIHG,2026-06-22 09:28:50,SELL,Equity,Limit,3168,303.8,962438.4,0.6257,0.0467,3,18,1.947,9999.0,863.64,False,0.1216,False,False,0,0.0489,0.4246,-7.32,0.1812,0.1311,0.0546,17.15,Low,False,none
TRD0080541,TRD0314,CMP005,QSGC,2026-03-01 09:59:46,SELL,ETF,Stop-Loss,53848,131.58,7085319.84,10.8183,6.5066,2,22,3.62,11.09,1483.87,True,2.5865,False,False,0,1.0272,0.2237,-4.81,0.7373,0.938,0.7469,74.76,High,True,insider_trading
TRD0059576,TRD0385,CMP002,JBDO,2026-02-25 13:52:31,BUY,ETF,Cover Order,108223,112.49,12174005.27,9.8509,4.0106,4,21,1.8847,0.7,130.35,True,4.2697,False,False,3,0.4726,0.69,3.06,0.9523,0.7679,0.8643,85.76,Critical,True,spoofing
TRD0097903,TRD0093,CMP043,QBPR,2025-11-29 14:17:31,BUY,ETF,Stop-Loss,169235,424.74,71880873.9,0.8197,-0.4108,5,14,1.2611,1441.6,9999.0,False,0.985,False,False,6,0.0859,0.1006,1.79,0.096,0.0424,0.1239,8.46,Low,False,none
TRD0051223,TRD0333,CMP056,ASGU,2026-03-13 14:07:18,BUY,Futures,Cover Order,1129862,705.61,797241925.82,8.3829,2.7817,3,16,3.7919,16.69,2812.88,True,2.2204,True,False,4,0.5443,0.0642,0.82,0.8098,0.6599,0.6721,66.96,Medium,True,layering
TRD0059706,TRD0121,CMP039,JDXM,2026-03-11 13:02:08,SELL,Options,Bracket Order,137686,80.88,11136043.68,7.8331,5.7907,1,21,3.6416,42.87,189.67,True,3.2095,True,False,1,0.449,0.2252,7.2,0.9526,0.5825,0.4619,69.52,Medium,True,insider_trading
TRD0012814,TRD0414,CMP052,QXXS,2025-11-17 08:09:53,BUY,ETF,Limit,3651,1780.86,6501919.86,4.2595,6.2927,3,15,2.4475,34.54,191.8,True,2.1288,False,True,3,0.3962,0.8918,7.06,0.9322,0.6907,0.5819,80.32,High,True,spoofing
TRD0021624,TRD0431,CMP059,RFEI,2026-06-12 14:40:06,BUY,ETF,Market,62584,46.99,2940822.16,3.1172,4.4748,3,24,2.4471,0.55,2014.21,True,3.8102,False,False,5,0.3346,0.1533,7.95,0.8404,0.6482,0.6438,68.45,Medium,True,layering
TRD0077786,TRD0090,CMP040,PWVJ,2026-01-28 09:56:37,BUY,Futures,Stop-Loss,42443,45.88,1947284.84,6.1986,5.9718,4,9,2.511,12.09,9999.0,True,4.2743,True,False,3,0.6658,0.6416,2.98,0.9064,0.9044,0.6535,84.14,High,True,front_running
TRD0051931,TRD0222,CMP000,SPDZ,2026-01-22 15:32:17,SELL,ETF,Market,59542,473.17,28173488.14,4.006,4.732,3,4,3.8239,31.72,9999.0,True,2.198,False,False,5,0.2754,0.7021,1.84,0.9655,0.7989,0.7193,85.22,Critical,True,insider_trading
TRD0043077,TRD0276,CMP005,QSGC,2026-06-18 17:38:17,SELL,Options,Market,112929,93.37,10544180.73,7.3312,2.5299,5,12,2.2534,9999.0,11.42,False,4.7713,True,True,7,0.3081,0.5356,1.65,0.874,0.6942,0.5957,74.45,High,True,pump_and_dump
TRD0022135,TRD0093,CMP046,LUQA,2025-11-17 12:19:44,BUY,Equity,Market,201604,185.73,37443910.92,0.9878,0.1829,2,21,1.0683,1183.81,9999.0,False,0.6748,False,False,3,0.0015,0.1006,1.73,0.0635,0.031,0.0026,4.83,Low,False,none
TRD0012117,TRD0319,CMP056,ASGU,2026-03-12 14:38:03,BUY,ETF,Cover Order,1894679,744.89,1411327440.31,10.6164,5.182,4,23,2.9162,40.18,2789.39,True,3.8892,False,False,5,0.5983,0.3621,0.72,0.7817,0.5973,0.8226,69.06,Medium,True,spoofing
TRD0004256,TRD0045,CMP001,LMTI,2026-03-10 17:56:11,BUY,ETF,Bracket Order,96211,355.85,34236684.35,7.3974,4.7289,2,11,3.5005,1084.88,16.91,False,2.1212,False,True,1,0.5954,0.788,1.94,0.8952,0.7557,0.2897,75.18,High,True,wash_trading
TRD0073713,TRD0475,CMP014,DJHR,2026-02-12 09:49:24,BUY,Equity,Market,340057,153.55,52215752.35,0.9287,1.4249,3,1,1.7293,44.89,9999.0,True,1.2789,False,False,0,0.0117,0.8184,-0.39,0.2218,0.1393,0.041,22.96,Low,False,none
TRD0101217,TRD0385,CMP044,UDJH,2026-01-17 10:46:13,SELL,ETF,Bracket Order,95302,60.86,5800079.72,7.7581,6.6366,5,6,1.9433,19.45,413.45,True,2.0592,False,False,4,0.0191,0.69,5.78,0.7447,0.7349,0.7824,74.19,High,True,layering
TRD0006076,TRD0475,CMP056,ASGU,2026-03-14 14:21:35,SELL,Options,Limit,1835112,734.11,1347174070.32,6.324,2.5996,5,18,2.348,9999.0,7.55,False,3.215,True,False,2,0.7059,0.8184,7.22,0.9353,0.7514,0.4568,79.67,High,True,spoofing
TRD0094511,TRD0359,CMP057,PNYK,2026-04-27 12:11:40,BUY,Futures,Cover Order,41208,85.39,3518751.12,5.8228,4.3443,4,24,1.8857,1143.43,2.69,False,3.5969,True,False,0,0.7117,0.3502,-0.55,0.6498,0.7864,0.7476,67.55,Medium,True,insider_trading
TRD0006276,TRD0350,CMP041,LXML,2026-06-23 09:11:02,BUY,ETF,Limit,12233,448.31,5484176.23,0.9063,0.9127,3,2,1.0828,9999.0,1590.16,False,1.659,False,False,0,0.0676,0.2726,-1.82,0.1824,0.1307,0.056,15.7,Low,False,none
TRD0014455,TRD0045,CMP006,XBFQ,2026-03-20 14:35:49,SELL,ETF,Bracket Order,125114,63.66,7964757.24,10.0154,4.2658,4,7,3.7226,7.72,769.97,True,2.378,False,False,2,0.953,0.788,5.21,0.5815,0.7322,0.8316,68.49,Medium,True,layering
TRD0105410,TRD0407,CMP030,FHSA,2025-12-27 09:27:43,BUY,Equity,Cover Order,667401,153.78,102632925.78,4.1157,3.0915,3,10,2.9216,29.57,415.64,True,2.9619,False,False,6,0.1459,0.0767,2.5,0.5413,0.874,0.661,61.26,Medium,True,insider_trading
TRD0085660,TRD0210,CMP049,JIRH,2026-01-26 14:49:19,BUY,Equity,Limit,199849,160.12,31999821.88,8.0141,5.3967,2,3,3.152,41.73,9999.0,True,3.4317,False,False,6,0.3747,0.8977,0.17,0.8767,0.8695,0.7102,85.17,Critical,True,wash_trading
TRD0001918,TRD0255,CMP053,SVJO,2026-03-11 16:05:34,SELL,ETF,Stop-Loss,152606,38.21,5831075.26,6.324,3.8327,2,5,1.5668,25.62,205.59,True,3.0011,False,True,5,0.2204,0.8046,5.49,0.8252,0.8157,0.6579,79.52,High,True,pump_and_dump
TRD0042156,TRD0427,CMP013,RXNL,2026-05-15 09:33:50,SELL,Equity,Stop-Loss,930729,125.53,116834411.37,9.4274,4.8175,1,4,3.546,17.8,1342.88,True,3.6402,False,False,1,0.0107,0.107,4.65,0.8406,0.5852,0.835,68.98,Medium,True,spoofing
TRD0028625,TRD0184,CMP003,NCBQ,2026-05-10 13:05:08,BUY,Equity,Limit,864132,130.35,112639606.2,5.0794,5.681,3,17,3.7994,42.95,1032.84,True,4.5655,False,False,2,1.0139,0.8894,3.19,0.904,0.9496,0.5344,86.08,Critical,True,front_running
TRD0088956,TRD0411,CMP040,PWVJ,2025-12-06 09:27:02,BUY,Options,Limit,1881,1.94,3649.14,0.7053,-0.0433,4,2,0.6118,1284.58,9999.0,False,-0.6439,True,False,0,0.0896,0.1075,-4.66,0.0149,0.0058,0.0961,3.36,Low,False,none
TRD0113942,TRD0095,CMP016,FWEI,2025-12-27 09:28:34,BUY,Equity,Stop-Loss,11924,837.02,9980626.48,1.4881,0.3005,3,24,0.7213,1030.89,264.16,False,0.3159,False,False,0,0.0511,0.04,-5.05,0.0112,0.0097,0.1469,3.4,Low,False,none
TRD0014646,TRD0336,CMP014,DJHR,2026-04-17 14:18:29,BUY,Options,Stop-Loss,249469,146.81,36624543.89,7.2482,3.3964,1,4,2.8411,258.05,11.96,False,4.7495,True,False,7,0.5649,0.7178,4.85,0.807,0.8322,0.7657,79.94,High,True,layering
TRD0086879,TRD0090,CMP008,OIUY,2026-03-02 08:05:59,BUY,Equity,Limit,45140,883.27,39870807.8,7.2816,3.4175,5,12,3.967,52.14,1737.1,False,2.5848,False,True,3,0.4669,0.6416,2.96,0.888,0.9621,0.6685,85.27,Critical,True,insider_trading
TRD0039949,TRD0203,CMP016,FWEI,2026-04-22 13:43:58,BUY,ETF,Cover Order,11072,846.64,9373998.08,2.388,0.2933,5,23,1.7694,9999.0,122.27,False,0.2491,False,False,6,0.1239,0.1169,4.39,0.0537,0.0847,0.026,6.52,Low,False,none
TRD0022567,TRD0338,CMP041,LXML,2026-01-07 10:20:28,BUY,Options,Bracket Order,71818,488.07,35052211.26,11.8855,6.3514,1,2,2.2431,2.78,458.4,True,3.3034,True,False,0,0.4137,0.3128,-0.86,0.7045,0.8449,0.581,68.89,Medium,True,spoofing
TRD0035767,TRD0304,CMP025,JXOT,2025-10-16 13:39:05,BUY,ETF,Stop-Loss,8283,256.19,2122021.77,1.3304,1.7652,3,15,1.224,588.93,9999.0,False,-1.2978,False,False,5,0.0999,0.0816,1.35,0.0378,0.0748,0.0375,5.32,Low,False,none
TRD0067975,TRD0352,CMP025,JXOT,2026-05-13 11:10:41,SELL,ETF,Stop-Loss,5176,215.86,1117291.36,0.7593,-0.2907,4,6,1.0814,789.82,344.4,False,0.7041,False,False,0,0.0003,0.1237,-3.16,0.0026,0.0781,0.0326,4.19,Low,False,none
TRD0106504,TRD0207,CMP058,JGPO,2026-02-08 18:01:33,BUY,Equity,Bracket Order,201535,321.58,64809625.3,11.5712,3.9534,1,11,2.03,3.63,1002.04,True,4.0462,False,True,3,0.7917,0.5604,2.3,0.7849,0.9321,0.8654,81.87,High,True,wash_trading
TRD0081070,TRD0145,CMP055,NKNY,2025-10-03 10:20:22,BUY,Equity,Market,5540,1116.47,6185243.8,0.7717,-1.0626,3,4,1.2575,2034.35,9999.0,False,0.37,False,False,0,0.05,0.1415,-4.01,0.0073,0.0076,0.0797,3.17,Low,False,none
TRD0022346,TRD0207,CMP013,RXNL,2026-05-15 10:32:34,SELL,Futures,Bracket Order,119629,92.76,11096786.04,8.4697,4.5319,3,1,3.5234,16.82,1343.86,True,4.6299,True,False,2,0.4555,0.5604,7.14,0.5618,0.8718,0.5593,65.43,Medium,True,insider_trading
TRD0074347,TRD0419,CMP012,INMT,2025-10-12 08:24:00,BUY,ETF,Stop-Loss,119409,232.88,27807967.92,1.0626,-1.1011,2,19,0.7844,2703.01,9999.0,False,-0.3038,False,True,1,0.048,0.0961,1.01,0.0976,0.2469,0.0117,12.94,Low,False,none
TRD0003281,TRD0042,CMP016,FWEI,2025-12-15 10:45:54,SELL,ETF,Limit,982455,858.52,843457266.6,9.8836,4.9529,4,14,2.3104,22.55,645.69,True,3.6073,False,False,5,0.6207,0.4561,3.24,0.7689,0.7431,0.6916,71.83,High,True,pump_and_dump
TRD0061238,TRD0271,CMP029,OPWR,2026-03-19 12:31:51,SELL,ETF,Market,15347,78.62,1206581.14,1.201,-0.2098,4,15,1.3332,1173.44,396.27,False,0.4413,False,False,6,0.0584,0.4495,1.47,0.0303,0.0988,0.1192,10.61,Low,False,none
TRD0041018,TRD0206,CMP004,KQZJ,2026-02-13 10:07:23,BUY,ETF,Bracket Order,2125,140.44,298435.0,1.1847,-0.0856,1,3,1.8057,2039.46,1593.31,False,-0.2771,False,False,7,0.0348,0.2296,1.98,0.0625,0.2831,0.0028,13.64,Low,False,none
TRD0053044,TRD0492,CMP007,PZVF,2026-05-13 17:31:42,BUY,ETF,Market,113790,10.27,1168623.3,0.6257,0.6309,4,6,1.0762,9999.0,1441.06,False,-0.2969,False,True,6,0.0501,0.0981,7.49,0.0369,0.024,0.0527,4.15,Low,False,none
TRD0115288,TRD0271,CMP042,EKVN,2026-04-29 12:35:44,SELL,Equity,Bracket Order,13762,214.85,2956765.7,0.8577,-0.9256,5,14,0.7863,67.62,1456.14,False,1.2454,False,False,0,0.022,0.4495,-0.38,0.0083,0.0386,0.1289,7.96,Low,False,none
TRD0068091,TRD0042,CMP054,SCIM,2026-06-14 07:13:53,SELL,Equity,Bracket Order,1370213,138.91,190336287.83,11.4784,2.815,4,15,3.8173,9999.0,11.28,False,4.2582,False,True,7,0.3162,0.4561,4.85,0.9444,0.9246,0.7809,86.51,Critical,True,pump_and_dump
TRD0029692,TRD0257,CMP026,UGLJ,2026-05-27 12:24:19,BUY,Equity,Stop-Loss,41715,1573.24,65627706.6,0.7853,0.0493,1,2,1.4223,503.3,198.83,False,1.3552,False,False,0,0.1021,0.2253,-2.95,0.0507,0.0407,0.2173,9.02,Low,False,none
TRD0003224,TRD0336,CMP029,OPWR,2025-10-15 14:27:22,SELL,ETF,Market,42367,73.95,3133039.65,1.0056,-0.2638,3,2,1.9025,1678.16,9999.0,False,1.1621,False,False,0,0.0189,0.7178,-1.44,0.087,0.0164,0.0232,11.93,Low,False,none
TRD0116722,TRD0452,CMP048,JGWJ,2026-03-06 11:48:23,SELL,Equity,Limit,46776,129.48,6056556.48,1.9772,-0.3268,4,5,0.8166,181.1,910.83,False,1.1239,False,False,0,0.0887,0.0701,-5.38,0.0286,0.0121,0.0182,2.62,Low,False,none
TRD0046421,TRD0038,CMP051,NQWS,2026-04-17 15:48:08,BUY,Equity,Bracket Order,23545,9.88,232624.6,1.123,0.9377,3,7,0.987,385.44,1793.36,False,-1.3142,False,False,5,0.1168,0.1403,2.76,0.2017,0.0515,0.1116,13.7,Low,False,none
TRD0089950,TRD0336,CMP000,SPDZ,2026-05-28 12:20:58,BUY,Futures,Limit,192688,447.83,86291467.04,5.3446,3.3184,3,10,2.2163,9999.0,6.73,False,3.5837,True,False,6,0.4977,0.7178,7.08,0.9655,0.9247,0.7397,89.46,Critical,True,front_running
TRD0087279,TRD0190,CMP038,UXVA,2025-10-09 11:57:57,BUY,ETF,Limit,10609,642.7,6818404.3,1.0257,-0.4403,2,24,0.5713,2141.53,9999.0,False,-1.2905,False,False,5,0.1336,0.3117,0.47,0.012,0.1042,0.0099,6.93,Low,False,none
TRD0028560,TRD0305,CMP045,BPXM,2025-11-16 14:28:02,BUY,ETF,Limit,19424,232.29,4512000.96,0.817,0.2698,5,20,1.5074,1808.94,9999.0,False,0.2237,False,False,0,0.0217,0.03,-5.93,0.0254,0.0027,0.0498,2.27,Low,False,none
TRD0032867,TRD0005,CMP028,EZAB,2026-02-24 12:50:26,SELL,ETF,Cover Order,6807,1915.41,13038195.87,0.6515,0.0837,4,4,1.9761,1197.51,2688.73,False,0.0035,False,False,0,0.0247,0.2662,-2.08,0.1692,0.1834,0.0325,16.27,Low,False,none
TRD0068620,TRD0414,CMP033,CHAM,2025-12-13 12:20:17,BUY,ETF,Bracket Order,4634,1390.81,6445013.54,4.7411,6.9771,4,19,3.564,38.63,181.88,True,3.9626,False,False,6,0.0091,0.8918,4.17,0.9005,0.803,0.8514,86.3,Critical,True,pump_and_dump
TRD0107975,TRD0336,CMP001,LMTI,2026-03-01 12:50:57,BUY,ETF,Cover Order,255150,377.81,96398221.5,8.8234,6.4103,5,8,2.1912,204.18,9.16,False,3.1427,False,False,7,0.3686,0.7178,6.3,0.8837,0.8327,0.7127,82.62,High,True,layering
TRD0091084,TRD0230,CMP054,SCIM,2026-02-07 15:27:38,SELL,ETF,Market,14867,142.55,2119290.85,0.5381,0.7797,1,5,1.6344,2586.26,2373.67,False,0.5324,False,False,0,0.0145,0.0705,-0.93,0.1064,0.2655,0.0293,13.9,Low,False,none
TRD0008771,TRD0135,CMP020,IARJ,2025-10-17 14:48:26,SELL,Equity,Market,21860,1070.97,23411404.2,0.7807,-1.8954,1,14,0.7382,725.08,9999.0,False,1.4417,False,False,0,0.091,0.2592,-0.85,0.2898,0.0117,0.0037,16.04,Low,False,none
TRD0098956,TRD0279,CMP030,FHSA,2026-06-24 18:41:13,BUY,Equity,Cover Order,2519,138.54,348982.26,0.7257,0.6327,3,10,0.5173,9999.0,117.63,False,-0.7883,False,True,5,0.0753,0.0783,3.95,0.1256,0.0565,0.1159,9.87,Low,False,none
TRD0093637,TRD0451,CMP045,BPXM,2026-03-19 13:35:10,BUY,ETF,Stop-Loss,82717,270.38,22365022.46,0.9503,-0.2517,1,2,1.6508,803.76,1142.17,False,0.2016,False,False,0,0.0209,0.1134,-3.08,0.0941,0.0269,0.0287,6.61,Low,False,none
TRD0117477,TRD0402,CMP048,JGWJ,2026-01-29 10:00:51,SELL,Equity,Stop-Loss,11308,105.64,1194577.12,0.6199,0.0015,2,24,0.6669,1046.9,45.04,False,0.5717,False,False,0,0.0879,0.0902,-1.27,0.1751,0.0117,0.0434,9.78,Low,False,none
TRD0050489,TRD0474,CMP021,TXFE,2025-12-10 14:21:31,SELL,ETF,Bracket Order,6343,85.27,540867.61,0.8736,0.8479,2,5,0.7996,555.42,275.64,False,0.4582,False,False,0,0.0035,0.4314,-1.35,0.0014,0.1844,0.1329,11.9,Low,False,none
TRD0051941,TRD0184,CMP001,LMTI,2026-03-01 12:43:55,BUY,Futures,Stop-Loss,1724924,336.2,579919448.8,9.9815,4.3699,5,17,2.3998,204.29,9.04,False,3.3073,True,False,5,0.5533,0.8894,1.18,0.932,0.8759,0.6638,87.07,Critical,True,insider_trading
TRD0036115,TRD0222,CMP041,LXML,2025-12-08 10:47:21,SELL,Options,Limit,134958,471.32,63608404.56,10.0002,5.9845,3,6,2.5187,54.04,9999.0,False,2.4355,True,False,5,0.6941,0.7021,6.99,0.8717,0.9962,0.777,87.79,Critical,True,pump_and_dump
TRD0043917,TRD0339,CMP028,EZAB,2025-11-04 15:28:18,BUY,ETF,Limit,76029,1969.73,149756602.17,9.3869,2.8859,4,20,1.8989,3882.88,3.36,False,3.9684,False,False,6,0.496,0.1295,1.27,0.6984,0.7982,0.7672,68.18,Medium,True,layering
TRD0004977,TRD0492,CMP019,ADNW,2025-12-09 15:55:37,SELL,ETF,Limit,139261,42.86,5968726.46,0.8804,-0.4632,1,16,1.0556,575.53,9999.0,False,0.6105,False,False,5,0.0576,0.0981,3.19,0.0203,0.0194,0.0203,2.78,Low,False,none
TRD0000921,TRD0369,CMP037,BUYO,2026-02-02 14:25:23,SELL,ETF,Stop-Loss,279980,254.46,71243710.8,11.2544,3.2825,1,16,2.3351,23.01,9999.0,True,2.362,False,False,7,0.7242,0.5509,5.9,0.6834,0.4732,0.8794,63.65,Medium,True,front_running
TRD0064907,TRD0443,CMP012,INMT,2026-05-26 11:48:44,BUY,Equity,Bracket Order,23666,228.71,5412650.86,10.9391,6.9246,5,7,2.1053,9999.0,5.57,False,3.7403,False,False,2,0.5799,0.4591,0.71,0.8725,0.7889,0.6275,76.93,High,True,insider_trading
TRD0079666,TRD0368,CMP052,QXXS,2026-06-10 12:39:52,BUY,ETF,Cover Order,309393,1800.74,557136350.82,9.1608,5.3664,4,16,3.7825,24.22,1364.35,True,4.7592,False,False,4,0.3198,0.1853,2.89,0.8712,0.6993,0.5049,69.61,Medium,True,insider_trading
TRD0070710,TRD0035,CMP020,IARJ,2026-02-26 17:27:16,BUY,ETF,Market,375721,1067.48,401074653.08,11.7309,4.4503,5,5,2.465,19.46,792.28,True,2.4931,False,True,5,0.1724,0.2032,5.21,0.8504,0.9031,0.4365,73.94,High,True,pump_and_dump
TRD0060454,TRD0336,CMP021,TXFE,2026-01-01 12:32:49,SELL,Equity,Bracket Order,401753,79.68,32011679.04,11.1116,6.7376,5,18,2.4524,29.24,801.83,True,3.0287,False,False,7,0.4681,0.7178,0.03,0.9791,0.8225,0.8394,88.5,Critical,True,insider_trading
TRD0077706,TRD0330,CMP027,BNLN,2025-11-20 12:04:39,SELL,Equity,Cover Order,23950,259.29,6209995.5,0.7027,-1.7599,2,8,1.9276,617.64,295.87,False,-1.4217,False,False,0,0.0242,0.2982,-0.2,0.2191,0.0674,0.0476,15.58,Low,False,none
TRD0099332,TRD0054,CMP017,FNLM,2025-11-12 12:46:27,SELL,Equity,Cover Order,6811,648.36,4415979.96,0.7179,-0.647,4,6,1.1112,2864.49,9999.0,False,-0.0814,False,False,0,0.0411,0.2012,-2.06,0.1658,0.0699,0.0611,12.49,Low,False,none
TRD0061860,TRD0400,CMP037,BUYO,2025-10-03 11:47:16,BUY,Equity,Market,89234,226.21,20185623.14,1.4261,-0.5336,4,18,1.923,2953.65,9999.0,False,-0.1402,False,False,0,0.0098,0.1872,-0.44,0.0305,0.1007,0.085,7.54,Low,False,none
TRD0085268,TRD0369,CMP057,PNYK,2026-01-01 13:06:28,SELL,Equity,Limit,105951,60.66,6426987.66,4.4812,3.8704,2,5,2.5543,511.2,3.85,False,3.3476,False,False,5,0.4074,0.5509,6.92,0.783,0.7677,0.7343,74.79,High,True,layering
TRD0032111,TRD0275,CMP050,MCCS,2026-04-04 13:57:20,SELL,ETF,Cover Order,62170,82.82,5148919.4,1.1226,0.5655,5,15,1.3833,536.46,336.04,False,-1.2704,False,False,2,0.0856,0.3232,2.33,0.1367,0.0915,0.0324,12.61,Low,False,none
TRD0010070,TRD0437,CMP036,UCCA,2025-11-23 14:56:47,SELL,ETF,Stop-Loss,1425221,126.6,180432978.6,1.612,0.7884,5,2,1.6753,138.41,218.23,False,0.5403,False,False,0,0.0421,0.4839,-0.72,0.123,0.0044,0.0277,10.92,Low,False,none
TRD0046259,TRD0189,CMP017,FNLM,2026-03-06 11:28:27,BUY,ETF,Cover Order,13331,638.76,8515309.56,1.0398,-0.8623,3,7,1.0066,129.79,9999.0,False,0.1566,False,False,2,0.0608,0.3276,0.14,0.2166,0.0977,0.0311,16.42,Low,False,none
TRD0041200,TRD0412,CMP005,QSGC,2026-02-28 12:10:32,SELL,ETF,Cover Order,497900,108.35,53947465.0,7.3461,5.4562,1,18,2.1398,32.91,1462.05,True,3.3584,False,False,4,0.9055,0.5609,4.92,0.8105,0.8229,0.3491,72.0,High,True,pump_and_dump
TRD0036878,TRD0252,CMP015,WXZK,2026-02-04 13:33:28,BUY,Equity,Bracket Order,370986,588.94,218488494.84,8.95,6.2035,3,14,3.712,32.09,1738.36,True,2.2764,False,False,1,0.4051,0.7888,2.44,0.9893,0.8311,0.5181,85.11,Critical,True,front_running
TRD0118838,TRD0385,CMP029,OPWR,2026-01-31 12:50:55,BUY,Equity,Bracket Order,7547,59.88,451914.36,0.712,0.4651,4,8,0.8083,731.41,578.82,False,0.0964,False,False,3,0.0407,0.69,4.16,0.0173,0.1154,0.0013,11.16,Low,False,none
TRD0089700,TRD0121,CMP022,TTZR,2026-02-28 14:35:05,BUY,Equity,Cover Order,16567,453.48,7512803.16,0.7909,0.025,3,10,1.5607,138.87,323.29,False,-0.3509,False,False,5,0.0674,0.2252,4.42,0.0274,0.0195,0.0204,4.38,Low,False,none
TRD0114154,TRD0319,CMP034,SIHG,2026-02-22 13:27:59,BUY,ETF,Stop-Loss,2651915,337.13,894040103.95,11.6516,4.8823,2,9,2.7635,37.11,260.1,True,4.5551,False,False,4,0.5284,0.3621,2.1,0.802,0.8915,0.7125,77.14,High,True,front_running
TRD0060904,TRD0256,CMP015,WXZK,2026-05-01 10:26:31,BUY,Equity,Market,144374,558.68,80658866.32,0.8411,0.1136,4,20,1.4117,1075.84,13.67,False,1.1026,False,False,7,0.0141,0.0896,0.27,0.08,0.0375,0.006,5.71,Low,False,none
TRD0009811,TRD0369,CMP030,FHSA,2025-12-27 11:49:04,BUY,ETF,Market,184448,116.86,21554593.28,9.1716,5.4899,5,11,3.4577,27.22,417.99,True,2.5946,False,False,2,0.4968,0.5509,4.3,0.7221,0.3304,0.9215,61.74,Medium,True,insider_trading
TRD0110064,TRD0159,CMP012,INMT,2026-06-17 12:13:39,BUY,Equity,Cover Order,30403,221.06,6720887.18,1.4546,0.0957,3,5,0.8434,9999.0,533.98,False,0.25,False,False,5,0.0581,0.0364,0.87,0.0263,0.1291,0.0005,5.43,Low,False,none
TRD0104315,TRD0042,CMP004,KQZJ,2025-11-21 13:46:01,BUY,Equity,Limit,780847,124.79,97441897.13,6.0016,5.3242,5,18,2.4754,419.04,13.97,False,3.2588,False,False,3,0.3225,0.4561,5.44,0.9021,0.9052,0.5724,80.9,High,True,insider_trading
TRD0047737,TRD0139,CMP048,JGWJ,2026-05-02 15:15:33,BUY,Options,Bracket Order,3928,84.28,331051.84,1.0867,1.5913,3,14,1.8468,506.46,401.6,False,1.2706,True,False,0,0.0661,0.2335,-1.61,0.1894,0.0561,0.0015,12.56,Low,False,none
TRD0025254,TRD0394,CMP051,NQWS,2026-05-03 09:36:17,BUY,ETF,Limit,2299,36.15,83108.85,1.3946,-0.2722,3,23,1.3533,7.64,2171.17,True,-0.2926,False,False,5,0.0185,0.1538,2.32,0.0102,0.0294,0.0362,3.42,Low,False,none
TRD0117555,TRD0251,CMP048,JGWJ,2026-05-09 14:08:59,SELL,ETF,Market,116558,121.78,14194433.24,1.3554,-0.2401,4,2,1.8108,339.57,568.49,False,0.5958,False,False,0,0.0134,0.1921,-1.72,0.0596,0.1484,0.0552,9.88,Low,False,none
TRD0066565,TRD0181,CMP035,AQPF,2026-03-07 07:12:10,SELL,ETF,Limit,11496,1055.96,12139316.16,0.5418,0.1311,1,5,1.1823,1066.99,1771.22,False,0.413,False,True,7,0.0233,0.3502,3.64,0.0836,0.44,0.006,20.55,Low,False,none
TRD0033293,TRD0071,CMP002,JBDO,2026-03-02 11:38:42,BUY,Futures,Limit,32267,91.78,2961465.26,1.3958,1.5269,4,21,0.7231,1420.56,117.07,False,-0.0138,True,False,5,0.1354,0.2838,0.39,0.0803,0.0798,0.029,9.28,Low,False,none
TRD0085868,TRD0248,CMP035,AQPF,2025-10-06 08:46:18,BUY,Equity,Market,40159,1058.2,42496253.8,0.7509,0.8645,3,12,1.2202,1006.4,9999.0,False,-0.0499,False,True,4,0.0269,0.4378,1.26,0.0472,0.0354,0.0264,7.96,Low,False,none
TRD0060896,TRD0018,CMP037,BUYO,2026-03-04 10:54:09,BUY,Equity,Market,15856,230.91,3661308.96,1.3005,-0.352,1,7,1.1294,1811.8,693.47,False,-1.6006,False,False,0,0.0939,0.0315,-0.37,0.0002,0.0032,0.1062,2.01,Low,False,none
TRD0108459,TRD0475,CMP057,PNYK,2025-11-12 15:54:39,SELL,Equity,Limit,1769654,75.48,133573483.92,6.5249,3.8093,5,23,2.6646,646.14,0.22,False,2.6458,False,False,4,0.7518,0.8184,2.87,0.7562,0.8321,0.6721,77.26,High,True,pump_and_dump
TRD0075622,TRD0166,CMP049,JIRH,2026-04-16 13:53:23,SELL,ETF,Cover Order,41350,229.98,9509673.0,1.238,-0.4929,5,15,1.5268,9999.0,1877.34,False,-0.5583,False,False,0,0.0345,0.2331,-1.3,0.0624,0.025,0.0543,6.7,Low,False,none
TRD0114443,TRD0475,CMP034,SIHG,2025-10-31 13:55:40,BUY,Futures,Cover Order,1330476,334.8,445443364.8,4.1659,5.9397,4,11,3.1403,17.1,9999.0,True,3.5539,True,False,0,0.7011,0.8184,-2.33,0.6535,0.7971,0.9201,75.31,High,True,insider_trading
TRD0060345,TRD0369,CMP052,QXXS,2026-06-10 09:21:36,BUY,Equity,Bracket Order,256436,1770.36,453984036.96,11.9908,4.9618,2,7,3.4204,27.52,1361.05,True,3.697,False,False,6,0.1968,0.5509,5.71,0.8079,0.6899,0.6953,72.99,High,True,insider_trading
TRD0112724,TRD0418,CMP049,JIRH,2026-01-28 15:09:59,SELL,ETF,Bracket Order,66577,210.48,14013126.96,7.3576,4.6125,3,14,1.699,9999.0,6.61,False,3.5192,False,False,7,0.6799,0.2915,0.93,0.9517,0.9339,0.6483,83.48,High,True,pump_and_dump
TRD0115910,TRD0455,CMP001,LMTI,2026-06-28 10:20:32,BUY,Equity,Bracket Order,83064,356.3,29595703.2,1.1016,0.3261,5,1,0.969,9999.0,152.63,False,-0.2417,False,False,0,0.0409,0.2517,-1.99,0.1386,0.2626,0.1175,18.39,Low,False,none
TRD0085731,TRD0283,CMP025,JXOT,2025-11-08 08:08:58,SELL,Equity,Stop-Loss,503579,252.15,126977444.85,7.5733,2.7435,2,14,2.3683,42.43,9999.0,True,3.2332,False,True,0,0.7142,0.1352,-0.38,0.685,0.7986,0.7949,68.06,Medium,True,wash_trading
TRD0080026,TRD0351,CMP001,LMTI,2026-03-09 07:03:15,SELL,Options,Cover Order,627198,328.59,206090990.82,11.1466,6.4753,2,11,1.9302,17.97,195.36,True,2.5734,True,True,2,0.3801,0.6234,3.78,0.8441,0.9169,0.6355,81.26,High,True,layering
TRD0049429,TRD0222,CMP033,CHAM,2026-01-15 11:16:25,BUY,Equity,Stop-Loss,130755,1360.86,177939249.3,7.06,6.0467,4,22,1.8745,49.36,587.91,False,2.339,False,False,1,0.354,0.7021,2.38,0.7545,0.8766,0.6677,77.29,High,True,insider_trading
TRD0092528,TRD0063,CMP055,NKNY,2026-01-06 12:09:30,SELL,Options,Stop-Loss,333665,1109.76,370288070.4,8.9835,3.5184,4,10,2.665,22.61,247.47,True,2.5536,True,False,5,0.1025,0.6313,3.27,0.5587,0.8364,0.854,69.36,Medium,True,insider_trading
TRD0103569,TRD0281,CMP015,WXZK,2026-05-20 14:46:28,BUY,ETF,Stop-Loss,58768,551.96,32437585.28,1.0815,-0.5278,1,12,0.8859,615.51,474.0,False,-2.0171,False,False,5,0.0359,0.1777,4.33,0.0018,0.0775,0.0047,4.25,Low,False,none
TRD0104418,TRD0398,CMP007,PZVF,2025-10-03 10:01:23,BUY,Equity,Market,8168,33.44,273137.92,0.6439,0.1891,2,17,0.542,2209.65,9999.0,False,-0.2616,False,False,0,0.0631,0.152,-0.93,0.1473,0.0474,0.1046,11.14,Low,False,none
TRD0060945,TRD0369,CMP051,NQWS,2026-05-03 16:05:23,SELL,Equity,Bracket Order,338801,1.75,592901.75,11.4216,6.4147,4,12,2.5862,1.16,2177.65,True,3.1358,False,True,1,0.9494,0.5509,0.58,0.7894,0.8057,0.4647,72.17,High,True,front_running
TRD0035408,TRD0314,CMP001,LMTI,2025-12-21 12:31:00,BUY,Equity,Stop-Loss,72025,386.64,27847746.0,11.905,3.5157,1,5,3.394,47.95,9999.0,True,2.453,False,False,5,0.3986,0.2237,2.01,0.9638,0.8037,0.6431,79.37,High,True,insider_trading
TRD0106260,TRD0336,CMP023,OTXX,2025-12-31 13:51:59,BUY,Equity,Bracket Order,167243,3168.09,529840875.87,5.5863,4.1174,5,18,2.4168,0.41,919.77,True,2.0431,False,False,5,0.1633,0.7178,2.08,0.8813,0.9342,0.7218,85.69,Critical,True,wash_trading
TRD0114651,TRD0372,CMP032,MXGK,2026-01-27 07:24:00,SELL,Equity,Cover Order,215489,1136.12,244821362.68,6.4406,5.5204,4,9,2.5029,42.93,1967.48,True,3.8952,False,True,2,0.9468,0.5577,7.87,0.8309,0.828,0.7884,79.63,High,True,layering
TRD0039001,TRD0076,CMP003,NCBQ,2026-01-25 12:05:15,BUY,Equity,Market,27209,109.08,2967957.72,0.9033,-0.0748,1,16,1.1545,388.47,9999.0,False,0.9155,False,False,5,0.0168,0.212,0.3,0.06,0.1373,0.027,9.34,Low,False,none
TRD0068038,TRD0428,CMP012,INMT,2026-01-31 15:12:38,BUY,Equity,Bracket Order,135357,207.29,28058152.53,3.1147,3.9751,2,22,2.4936,32.2,9999.0,True,4.4204,False,False,4,0.3691,0.3781,3.5,0.6509,0.7367,0.5791,63.86,Medium,True,layering
TRD0103790,TRD0469,CMP047,VBOF,2026-02-01 18:40:04,BUY,Options,Bracket Order,439537,273.86,120371602.82,5.7052,3.4513,3,17,2.0368,165.98,4.14,False,4.5628,True,True,6,0.6292,0.0772,5.23,0.7179,0.5576,0.5773,58.46,Medium,True,wash_trading
TRD0047834,TRD0412,CMP019,ADNW,2025-12-31 09:04:09,SELL,Equity,Market,301600,26.66,8040656.0,6.0957,5.7433,2,11,1.6098,54.39,9999.0,False,3.8213,False,False,7,0.8864,0.5609,4.41,0.8742,0.7719,0.9178,81.87,High,True,insider_trading
TRD0001428,TRD0241,CMP007,PZVF,2025-10-18 13:37:44,SELL,Equity,Limit,122036,11.98,1461991.28,0.7437,1.0528,2,2,1.1115,1846.05,9999.0,False,0.7934,False,False,0,0.1341,0.0847,-1.89,0.0053,0.1822,0.0937,7.96,Low,False,none
TRD0092633,TRD0041,CMP022,TTZR,2026-05-15 09:04:34,SELL,ETF,Stop-Loss,223594,415.18,92831756.92,10.4814,6.2454,5,7,3.8078,1.05,1679.62,True,2.6953,False,False,3,0.1954,0.862,6.27,0.6171,0.4963,0.6547,61.1,Medium,True,front_running
TRD0024410,TRD0484,CMP054,SCIM,2026-03-25 09:14:24,BUY,Futures,Limit,48394,113.09,5472877.46,0.9112,-0.2912,5,11,0.8841,1488.48,3471.45,False,-1.1928,True,False,0,0.0592,0.0693,-1.27,0.0394,0.2336,0.0046,9.54,Low,False,none
TRD0018637,TRD0450,CMP003,NCBQ,2026-04-24 14:57:05,SELL,Equity,Cover Order,66632,128.31,8549551.92,0.729,0.5902,5,11,0.7585,425.08,650.7,False,0.2919,False,False,0,0.059,0.0638,-1.78,0.0333,0.1982,0.0958,9.52,Low,False,none
TRD0000250,TRD0255,CMP021,TXFE,2025-11-27 09:05:16,BUY,Equity,Stop-Loss,134994,96.3,12999922.2,5.1162,2.9627,1,18,3.2874,41.63,18.17,True,2.6656,False,False,2,0.8176,0.8046,2.84,0.517,0.6315,0.6969,60.71,Medium,True,insider_trading
TRD0077746,TRD0037,CMP029,OPWR,2025-12-04 09:57:36,SELL,ETF,Limit,11213,100.58,1127803.54,0.7221,-0.9331,4,17,1.8863,482.66,9999.0,False,-1.0062,False,False,6,0.0847,0.2208,5.97,0.1822,0.1122,0.0973,15.23,Low,False,none
TRD0088923,TRD0412,CMP013,RXNL,2026-01-06 15:38:51,BUY,Equity,Stop-Loss,485860,134.23,65216987.8,7.6119,2.5392,1,5,3.5704,35.7,1316.02,True,2.4965,False,False,4,0.3025,0.5609,3.42,0.8628,0.9429,0.8274,85.13,Critical,True,front_running
TRD0018678,TRD0262,CMP010,VTWH,2025-11-15 08:43:27,BUY,Options,Limit,103297,64.67,6680216.99,3.8693,5.8574,1,10,1.6586,13.94,9999.0,True,3.7556,True,True,7,0.4654,0.2461,6.17,0.7248,0.9337,0.5617,71.51,High,True,spoofing
TRD0089234,TRD0434,CMP042,EKVN,2025-11-03 13:19:39,SELL,Equity,Market,65000,186.9,12148500.0,1.6049,0.5549,2,9,1.6963,1367.83,56.1,False,-0.714,False,False,0,0.0775,0.2833,-4.62,0.0264,0.0495,0.0113,5.68,Low,False,none
TRD0100115,TRD0248,CMP028,EZAB,2026-04-14 12:26:42,BUY,Equity,Cover Order,454108,1935.71,879021396.68,6.8069,5.5284,4,21,2.1358,21.91,3864.34,True,4.2906,False,False,6,0.2709,0.4378,1.4,0.8715,0.6007,0.7525,72.9,High,True,layering
TRD0030412,TRD0265,CMP051,NQWS,2026-05-01 17:50:10,SELL,Equity,Bracket Order,1060983,15.99,16965118.17,11.0222,5.4579,1,5,2.1399,47.41,2131.4,True,3.4427,False,True,1,1.0154,0.3017,4.51,0.7299,0.5907,0.7762,65.23,Medium,True,layering
TRD0037743,TRD0097,CMP039,JDXM,2026-06-14 16:10:53,SELL,ETF,Stop-Loss,351102,145.66,51141517.32,8.8616,6.2227,5,12,1.6703,5.69,214.23,True,4.0975,False,True,7,0.4004,0.8788,3.25,0.8282,0.889,0.8498,85.47,Critical,True,front_running
TRD0032395,TRD0387,CMP047,VBOF,2026-02-21 15:09:18,SELL,ETF,Cover Order,4847,246.65,1195512.55,0.5788,-1.0282,5,5,0.8904,9.05,310.51,True,-0.0695,False,False,1,0.0061,0.2479,0.62,0.3582,0.0109,0.0433,19.57,Low,False,none
TRD0009756,TRD0090,CMP037,BUYO,2026-05-18 09:42:32,SELL,Equity,Stop-Loss,32021,213.05,6822074.05,4.6033,5.0649,5,10,3.1484,12.99,2492.28,True,4.1612,False,False,1,0.4579,0.6416,2.61,0.918,0.9047,0.8329,87.36,Critical,True,front_running
TRD0004275,TRD0273,CMP037,BUYO,2026-02-07 10:37:50,BUY,Equity,Market,20005,231.18,4624755.9,1.1873,-0.0215,5,22,1.4675,2412.07,93.2,False,1.279,False,False,7,0.0082,0.3135,4.45,0.0292,0.0585,0.0394,6.8,Low,False,none
TRD0021234,TRD0248,CMP017,FNLM,2026-06-02 13:40:34,SELL,Options,Market,536653,630.55,338386549.15,9.8216,3.2851,1,9,3.9944,47.29,581.08,True,2.0985,True,False,6,0.6948,0.4378,2.3,0.9128,0.6975,0.5672,74.89,High,True,wash_trading
TRD0086098,TRD0487,CMP031,NGEI,2026-01-08 10:56:38,BUY,Futures,Bracket Order,225225,467.58,105310705.5,9.474,6.5141,1,17,3.9042,45.26,9999.0,True,3.232,True,False,5,0.666,0.1843,3.47,0.9098,0.7407,0.9051,78.58,High,True,insider_trading
TRD0030506,TRD0127,CMP013,RXNL,2026-05-21 13:21:03,BUY,ETF,Limit,2467,108.48,267620.16,0.7236,0.524,3,1,1.7305,9999.0,129.99,False,0.3967,False,False,0,0.0252,0.2833,-7.08,0.0498,0.1113,0.0688,9.44,Low,False,none
TRD0061682,TRD0306,CMP004,KQZJ,2025-11-21 07:00:39,SELL,Equity,Bracket Order,67187,122.3,8216970.1,3.2315,6.9528,5,19,2.5716,425.8,7.22,False,4.2998,False,True,3,0.2625,0.078,7.26,0.731,0.7635,0.4442,63.24,Medium,True,insider_trading
TRD0082392,TRD0369,CMP020,IARJ,2026-03-01 15:55:24,SELL,ETF,Bracket Order,212903,1092.09,232509237.27,9.3807,3.0367,3,2,3.9698,53.75,51.01,False,4.8468,False,False,3,0.6702,0.5509,1.04,0.9144,0.9663,0.6482,85.37,Critical,True,insider_trading
TRD0116809,TRD0279,CMP011,CGLO,2026-02-12 15:39:51,SELL,Equity,Cover Order,4618,44.98,207717.64,1.2018,0.7825,2,23,1.7408,1480.34,1287.52,False,0.2127,False,False,0,0.0186,0.0783,-2.36,0.0173,0.0106,0.104,3.44,Low,False,none
TRD0067839,TRD0161,CMP006,XBFQ,2025-11-13 13:47:19,BUY,Equity,Market,21666,39.08,846707.28,0.9568,1.5308,4,18,1.5941,2278.84,9999.0,False,0.3497,False,False,5,0.1014,0.1335,3.88,0.0016,0.2328,0.0832,9.64,Low,False,none
TRD0071444,TRD0222,CMP052,QXXS,2026-03-04 13:55:00,BUY,ETF,Limit,82642,1771.78,146423442.76,5.8891,4.2634,4,19,2.2624,14.58,2281.71,True,3.782,False,False,5,0.2777,0.7021,6.35,0.9154,0.8279,0.8345,85.57,Critical,True,insider_trading
TRD0013996,TRD0343,CMP002,JBDO,2025-12-11 10:21:25,SELL,Equity,Bracket Order,5488,135.56,743953.28,0.7628,0.4238,3,23,1.1811,1697.17,202.72,False,-0.1773,False,False,7,0.0469,0.2526,3.05,0.1177,0.0268,0.0679,9.65,Low,False,none
TRD0041873,TRD0122,CMP053,SVJO,2026-06-26 09:44:44,BUY,ETF,Cover Order,52869,68.36,3614124.84,0.7328,-0.5505,1,7,0.8642,9999.0,394.23,False,-1.263,False,False,3,0.12,0.112,0.08,0.0118,0.011,0.1094,3.62,Low,False,none
TRD0087152,TRD0469,CMP014,DJHR,2026-02-03 08:39:28,BUY,ETF,Market,80735,121.94,9844825.9,0.9117,-0.3233,2,12,0.9766,262.05,9999.0,False,0.9203,False,True,7,0.0217,0.0772,2.89,0.1823,0.1226,0.0802,13.86,Low,False,none
TRD0040182,TRD0041,CMP034,SIHG,2025-11-27 15:42:14,BUY,Equity,Market,103199,329.03,33955566.97,4.299,5.2077,2,12,2.9685,8.54,632.68,True,2.3224,False,False,3,0.2965,0.862,2.29,0.7646,0.8998,0.559,78.41,High,True,pump_and_dump
TRD0095263,TRD0307,CMP000,SPDZ,2026-01-25 09:49:53,SELL,Futures,Cover Order,49482,443.47,21943782.54,6.7809,6.6371,3,22,1.8507,8.13,34.58,True,3.4169,True,False,3,0.0606,0.2444,2.38,0.7623,0.5744,0.9013,67.5,Medium,True,wash_trading
TRD0110470,TRD0125,CMP054,SCIM,2025-12-12 18:15:00,BUY,ETF,Cover Order,12373,152.95,1892450.35,0.999,0.538,1,7,1.5486,3951.47,1008.46,False,0.2029,False,True,0,0.0076,0.3011,-2.18,0.0403,0.1225,0.1378,10.57,Low,False,none
TRD0003851,TRD0120,CMP053,SVJO,2026-03-01 18:58:34,SELL,Equity,Bracket Order,92285,35.14,3242894.9,11.2308,2.6471,3,23,2.8582,22.13,1085.51,True,4.4713,False,True,3,1.1314,0.0233,7.33,0.6573,0.8816,0.6652,66.24,Medium,True,insider_trading
TRD0022929,TRD0145,CMP016,FWEI,2025-12-16 07:51:57,SELL,ETF,Limit,55172,827.71,45666416.12,8.9664,3.9695,3,5,3.8738,1.45,666.79,True,3.6513,False,True,5,0.0527,0.1415,0.3,0.9471,0.91,0.9316,85.31,Critical,True,insider_trading
TRD0090023,TRD0359,CMP057,PNYK,2026-01-21 18:38:30,BUY,Futures,Cover Order,32573,47.77,1556012.21,5.5428,6.0039,3,2,1.7076,25.67,489.38,True,2.5855,True,True,1,0.526,0.3502,2.71,0.9204,0.8781,0.9777,85.93,Critical,True,wash_trading
TRD0051051,TRD0312,CMP012,INMT,2026-05-26 17:16:55,SELL,Equity,Cover Order,657827,216.24,142248510.48,10.4393,4.5141,1,18,2.6051,9999.0,11.04,False,4.7911,False,True,0,0.5042,0.7761,-1.35,0.8686,0.7795,0.8166,82.48,High,True,insider_trading
TRD0002206,TRD0248,CMP009,QWEI,2026-03-02 12:30:22,BUY,ETF,Cover Order,697463,148.37,103482585.31,11.0118,2.967,3,15,2.8559,39.06,2148.47,True,3.8569,False,False,7,0.5024,0.4378,7.84,0.8481,0.7709,0.6897,76.02,High,True,insider_trading
TRD0031877,TRD0467,CMP010,VTWH,2025-11-13 10:23:35,SELL,Equity,Cover Order,124036,52.8,6549100.8,1.0777,0.0401,2,9,0.6179,60.27,9999.0,False,0.0118,False,False,0,0.1614,0.1586,-0.37,0.0526,0.0972,0.0055,6.95,Low,False,none
TRD0053298,TRD0414,CMP005,QSGC,2026-06-17 17:44:43,BUY,Equity,Stop-Loss,5847,145.01,847873.47,6.6479,6.7893,1,4,1.728,12.47,2588.66,True,4.7999,False,True,3,0.0944,0.8918,5.64,0.8946,0.9255,0.5712,85.51,Critical,True,layering
TRD0097984,TRD0462,CMP000,SPDZ,2026-01-25 13:11:01,SELL,ETF,Bracket Order,214705,432.55,92870647.75,5.6462,5.6766,1,20,3.8707,4.78,37.93,True,4.2267,False,False,3,0.7215,0.5748,1.23,0.9414,0.9432,0.5846,85.18,Critical,True,insider_trading
TRD0011744,TRD0454,CMP056,ASGU,2026-01-08 11:21:38,BUY,Futures,Market,14826,774.66,11485109.16,0.8511,-0.9375,4,12,1.1142,1555.45,1274.12,False,1.0607,True,False,0,0.1005,0.1995,-4.36,0.0194,0.1182,0.0111,6.58,Low,False,none
TRD0048687,TRD0390,CMP042,EKVN,2026-01-31 12:10:08,BUY,ETF,Market,66062,228.75,15111682.5,8.072,6.0597,4,7,1.6683,5.53,767.01,True,3.0345,False,False,6,0.3987,0.6803,1.0,0.9219,0.7122,0.675,79.78,High,True,insider_trading
TRD0080947,TRD0135,CMP036,UCCA,2025-11-14 11:54:51,BUY,ETF,Bracket Order,192920,146.74,28309080.8,9.5809,6.5497,3,22,3.2352,0.8,9999.0,True,2.4122,False,False,6,0.88,0.2592,4.4,0.9478,0.9782,0.7354,85.62,Critical,True,layering
TRD0079643,TRD0369,CMP059,RFEI,2025-11-16 12:44:17,BUY,Futures,Bracket Order,77034,62.89,4844668.26,3.3776,4.9248,3,20,2.5402,23.86,243.67,True,4.9927,True,False,0,0.7104,0.5509,-0.85,0.9036,0.9321,0.9498,88.38,Critical,True,insider_trading
TRD0059416,TRD0336,CMP042,EKVN,2026-01-30 11:22:53,BUY,Options,Stop-Loss,371135,220.07,81675679.45,11.2533,3.2684,3,4,1.5889,30.32,742.22,True,4.4907,True,False,6,0.9866,0.7178,4.55,0.88,0.9222,0.6853,84.72,High,True,wash_trading
TRD0096070,TRD0341,CMP050,MCCS,2026-04-24 09:57:39,BUY,Equity,Stop-Loss,28897,98.39,2843175.83,0.7186,0.4901,4,21,1.6705,60.45,812.05,False,0.7573,False,False,7,0.0915,0.36,6.34,0.118,0.1068,0.0342,12.63,Low,False,none
TRD0062310,TRD0079,CMP027,BNLN,2026-06-01 14:16:47,SELL,Equity,Cover Order,7028,237.98,1672523.44,1.0072,-0.8184,3,1,1.471,337.83,3696.2,False,-0.8547,False,False,5,0.0477,0.0359,2.87,0.037,0.0375,0.075,4.27,Low,False,none
TRD0088418,TRD0414,CMP036,UCCA,2026-06-06 17:03:27,BUY,ETF,Bracket Order,5596,158.15,885007.4,5.8901,6.2933,4,3,3.149,8.02,1063.9,True,4.0722,False,True,6,0.458,0.8918,5.64,0.9318,0.8185,0.5656,83.89,High,True,circular_trading
TRD0091203,TRD0097,CMP024,GGME,2026-01-14 12:48:55,SELL,ETF,Cover Order,317769,55.58,17661601.02,6.8971,6.2436,1,6,2.5132,33.83,397.16,True,2.7819,False,False,0,0.0622,0.8788,-1.85,0.7321,0.6066,0.8831,73.18,High,True,pump_and_dump
TRD0087254,TRD0288,CMP045,BPXM,2025-10-25 12:28:29,BUY,ETF,Cover Order,17854,248.41,4435112.14,0.7907,0.044,2,5,0.9362,2338.94,9999.0,False,-0.973,False,False,0,0.0491,0.2615,-6.04,0.2149,0.1623,0.0243,17.52,Low,False,none
TRD0113022,TRD0322,CMP029,OPWR,2026-02-07 15:50:15,BUY,Equity,Market,7024,68.18,478896.32,0.5632,-0.1003,4,13,1.6813,560.42,749.81,False,0.1442,False,False,1,0.0289,0.1693,1.41,0.2063,0.0219,0.0022,11.67,Low,False,none
TRD0001491,TRD0222,CMP046,LUQA,2026-04-04 10:07:25,BUY,ETF,Cover Order,64105,159.48,10223465.4,3.3387,5.8431,3,23,1.7735,29.98,365.41,True,4.314,False,False,6,0.2545,0.7021,7.14,0.8476,0.7647,0.5136,75.81,High,True,wash_trading
TRD0038594,TRD0063,CMP030,FHSA,2025-12-28 09:35:56,BUY,Equity,Market,280560,106.03,29747776.8,9.2296,6.4248,4,5,2.8069,5.43,439.77,True,2.9629,False,False,3,0.9096,0.6313,2.26,0.6068,0.6781,0.6834,64.21,Medium,True,layering
TRD0027525,TRD0385,CMP043,QBPR,2026-01-28 17:42:56,SELL,ETF,Cover Order,94803,464.74,44058746.22,8.2483,4.498,1,15,3.0605,2574.36,1.82,False,2.1647,False,True,2,0.2315,0.69,6.73,0.9389,0.8094,0.6323,82.92,High,True,layering
TRD0047963,TRD0097,CMP025,JXOT,2026-06-14 07:15:48,BUY,Options,Cover Order,466282,229.07,106811217.74,9.3094,5.9504,2,11,1.8566,25.73,1108.49,True,4.161,True,True,4,0.9483,0.8788,3.46,0.7697,0.8421,0.465,75.66,High,True,spoofing
TRD0091571,TRD0061,CMP040,PWVJ,2026-01-05 12:10:47,BUY,ETF,Limit,179895,23.13,4160971.35,0.7376,0.6649,5,7,1.3469,561.85,9999.0,False,-0.1408,False,False,0,0.0441,0.2803,-0.84,0.0664,0.0568,0.1465,9.69,Low,False,none
TRD0093624,TRD0310,CMP037,BUYO,2026-04-19 09:44:13,BUY,Equity,Bracket Order,9066,272.73,2472570.18,0.7176,0.4102,5,4,1.617,708.96,1796.3,False,-0.6456,False,False,5,0.0068,0.0502,1.99,0.102,0.2991,0.0472,14.77,Low,False,none
TRD0003630,TRD0222,CMP023,OTXX,2025-11-23 13:49:13,SELL,Equity,Market,202616,3192.74,646900207.84,10.2339,3.4182,5,4,3.6604,912.45,7.72,False,4.9205,False,False,3,1.1546,0.7021,2.92,0.8726,0.9389,0.7767,86.11,Critical,True,spoofing
TRD0039117,TRD0075,CMP009,QWEI,2026-02-22 08:23:48,BUY,ETF,Cover Order,68144,146.23,9964697.12,2.303,0.4262,4,7,0.8034,235.17,1952.36,False,0.7023,False,True,1,0.0332,0.1644,3.27,0.021,0.0317,0.0026,3.58,Low,False,none
TRD0020970,TRD0222,CMP058,JGPO,2025-12-26 12:06:53,SELL,ETF,Bracket Order,15341,343.59,5271014.19,0.8552,0.1204,1,20,1.5258,59.87,546.28,False,0.9146,False,False,7,0.0416,0.7021,1.06,0.0102,0.0296,0.054,9.18,Low,False,none
TRD0004197,TRD0057,CMP021,TXFE,2025-12-11 13:38:25,SELL,Equity,Bracket Order,6247,88.67,553921.49,0.965,0.4726,4,18,0.7391,532.14,298.92,False,-0.8255,False,False,1,0.0307,0.0846,2.47,0.0371,0.1422,0.0133,6.98,Low,False,none
TRD0040298,TRD0218,CMP016,FWEI,2026-01-08 10:46:12,SELL,Equity,Cover Order,22953,822.16,18871038.48,0.5496,1.4527,5,12,1.2495,741.6,553.45,False,1.1777,False,False,0,0.142,0.0623,-0.81,0.1007,0.0525,0.0438,7.39,Low,False,none
TRD0045994,TRD0317,CMP022,TTZR,2026-02-20 13:43:50,SELL,ETF,Market,15770,444.46,7009134.2,1.0581,0.1043,4,18,1.4663,331.72,130.44,False,1.4031,False,False,0,0.0154,0.2666,-0.46,0.043,0.206,0.0433,11.43,Low,False,none
TRD0066275,TRD0075,CMP057,PNYK,2025-12-15 13:40:45,BUY,ETF,Stop-Loss,17723,55.04,975473.92,0.8574,0.8359,1,13,1.3468,309.32,143.63,False,0.7593,False,False,0,0.0687,0.1644,-6.3,0.0377,0.0925,0.058,6.99,Low,False,none
TRD0047459,TRD0440,CMP025,JXOT,2026-05-07 14:42:14,BUY,Equity,Market,13973,246.39,3442807.47,1.8194,1.3713,5,3,1.8554,930.29,203.93,False,1.4581,False,False,6,0.0219,0.4866,3.47,0.1041,0.0275,0.1608,12.79,Low,False,none
TRD0068873,TRD0232,CMP041,LXML,2026-05-07 11:10:10,SELL,ETF,Market,35411,465.31,16477092.41,1.0109,0.3529,1,2,1.8501,9999.0,464.14,False,-0.6036,False,False,0,0.0715,0.0961,-2.26,0.0544,0.1201,0.0113,7.18,Low,False,none
TRD0118422,TRD0470,CMP049,JIRH,2026-03-17 09:51:35,SELL,Equity,Stop-Loss,652,167.78,109392.56,0.5313,0.5478,4,4,1.9439,9999.0,1153.31,False,-0.2031,False,False,7,0.1131,0.1954,0.92,0.1917,0.2197,0.0415,17.79,Low,False,none
TRD0007460,TRD0184,CMP055,NKNY,2026-03-24 14:40:06,BUY,Equity,Stop-Loss,137010,1117.5,153108675.0,1.0139,1.7304,2,8,1.1682,9999.0,18.34,False,-0.5297,False,False,3,0.1041,0.8894,3.79,0.1752,0.0307,0.0441,18.36,Low,False,none
TRD0000324,TRD0255,CMP044,UDJH,2026-05-10 13:08:46,BUY,Equity,Limit,204161,34.31,7004763.91,8.6977,3.89,2,6,3.4354,487.73,2.29,False,3.0492,False,False,1,0.3328,0.8046,4.45,0.7635,0.6956,0.657,73.13,High,True,spoofing
TRD0018362,TRD0232,CMP045,BPXM,2026-03-17 10:58:40,BUY,ETF,Cover Order,44378,267.82,11885315.96,1.3519,-0.2744,1,5,1.2557,854.37,1091.57,False,1.1088,False,False,5,0.042,0.0961,0.61,0.2461,0.0758,0.0439,14.97,Low,False,none
TRD0035494,TRD0227,CMP015,WXZK,2025-12-15 11:39:04,BUY,Equity,Limit,95673,582.69,55747700.37,1.5427,0.0287,2,9,1.8902,1257.99,512.46,False,-0.1435,False,False,1,0.0295,0.2096,0.91,0.0177,0.1323,0.0878,8.18,Low,False,none
TRD0112463,TRD0255,CMP007,PZVF,2026-01-28 12:07:04,SELL,ETF,Limit,233761,8.84,2066447.24,8.9929,2.8303,2,1,1.8624,5.9,600.44,True,3.5508,False,False,5,0.5754,0.8046,2.58,0.533,0.9489,0.552,68.78,Medium,True,spoofing
TRD0009562,TRD0135,CMP029,OPWR,2026-06-07 10:05:44,SELL,Futures,Stop-Loss,29570,67.28,1989469.6,1.1391,-0.7548,5,2,1.5924,9999.0,744.13,False,0.953,True,False,4,0.0863,0.2592,1.34,0.0099,0.1171,0.0091,6.69,Low,False,none
TRD0080198,TRD0412,CMP055,NKNY,2026-02-15 10:21:40,BUY,ETF,Market,122477,1094.33,134030255.41,1.8586,-0.9019,5,16,0.9701,873.96,601.52,False,0.6682,False,False,0,0.1813,0.5609,-1.06,0.1136,0.2337,0.1388,19.81,Low,False,none
TRD0079903,TRD0400,CMP006,XBFQ,2025-10-21 15:44:16,SELL,Equity,Limit,44747,31.18,1395211.46,0.6336,-0.5537,2,14,0.5354,2828.89,9999.0,False,0.3045,False,False,6,0.0571,0.1872,2.06,0.1655,0.131,0.0086,13.38,Low,False,none
TRD0045703,TRD0312,CMP023,OTXX,2025-12-31 15:02:02,BUY,Options,Stop-Loss,233552,3203.97,748293601.44,3.7319,5.0905,2,4,3.5512,26.37,0.76,True,2.7594,True,False,1,0.7596,0.7761,5.95,0.6523,0.6552,0.7776,68.43,Medium,True,front_running
TRD0007921,TRD0487,CMP053,SVJO,2025-10-16 09:02:20,SELL,Equity,Limit,17270,38.9,671803.0,0.7638,0.1149,1,7,1.1744,2188.43,9999.0,False,-2.2309,False,False,0,0.0471,0.1843,-7.48,0.1722,0.011,0.2059,13.01,Low,False,none
TRD0079533,TRD0184,CMP027,BNLN,2026-06-19 11:22:24,BUY,Options,Limit,929445,292.51,271871956.95,6.949,4.5479,1,8,1.5869,9999.0,7.21,False,4.2613,True,False,2,0.561,0.8894,3.43,0.8608,0.9532,0.7296,87.17,Critical,True,front_running
TRD0063764,TRD0249,CMP016,FWEI,2026-06-12 09:31:25,SELL,ETF,Cover Order,518792,863.9,448184408.8,1.5496,0.1993,3,22,1.2787,9999.0,1342.06,False,0.5745,False,False,6,0.0019,0.5114,2.11,0.0032,0.0738,0.1138,9.18,Low,False,none
TRD0040037,TRD0438,CMP014,DJHR,2025-12-23 14:33:11,SELL,Equity,Limit,3832,156.66,600321.12,1.1107,-0.4155,1,4,1.7273,1264.16,9999.0,False,0.2315,False,False,0,0.1613,0.3142,-5.85,0.0406,0.1576,0.0021,9.73,Low,False,none
TRD0099413,TRD0036,CMP006,XBFQ,2026-05-21 12:23:30,SELL,ETF,Stop-Loss,23168,44.33,1027037.44,0.9591,1.9217,5,18,1.7085,9999.0,1216.59,False,-0.4117,False,False,5,0.0936,0.1991,4.91,0.0311,0.0352,0.2143,7.66,Low,False,none
TRD0095464,TRD0403,CMP046,LUQA,2026-01-18 10:31:43,BUY,ETF,Bracket Order,36913,146.2,5396680.6,1.2738,-0.1127,3,16,1.4478,311.98,302.39,False,-0.0001,False,False,3,0.0812,0.3501,8.98,0.0507,0.0426,0.0449,7.73,Low,False,none
TRD0053341,TRD0236,CMP014,DJHR,2025-10-26 15:30:51,SELL,ETF,Stop-Loss,19774,138.87,2746015.38,0.8337,0.3073,4,22,1.5206,2655.2,9999.0,False,0.1173,False,False,1,0.0752,0.671,3.54,0.1749,0.0748,0.1331,18.82,Low,False,none
TRD0105759,TRD0363,CMP000,SPDZ,2026-02-15 11:08:39,BUY,Equity,Cover Order,4617,467.64,2159093.88,0.8519,-1.1629,1,22,0.6735,365.93,497.18,False,0.6988,False,False,0,0.1153,0.0525,-5.07,0.1293,0.0774,0.1616,11.09,Low,False,none
TRD0089067,TRD0222,CMP012,INMT,2026-01-31 08:37:27,BUY,Equity,Stop-Loss,179363,181.12,32486226.56,9.6366,6.0267,3,4,3.3348,38.79,9999.0,True,3.5057,False,True,5,0.4025,0.7021,5.41,0.9346,0.8369,0.8171,86.44,Critical,True,spoofing
TRD0068239,TRD0385,CMP040,PWVJ,2026-03-27 08:37:59,SELL,Options,Limit,145538,12.39,1803215.82,11.076,6.7967,3,22,1.6999,12.04,285.8,True,3.2962,True,True,0,0.4101,0.69,-2.93,0.9435,0.4614,0.8558,76.04,High,True,layering
TRD0057418,TRD0353,CMP025,JXOT,2026-05-11 10:31:42,BUY,Equity,Stop-Loss,2371,252.02,597539.42,1.0328,-1.0441,5,3,1.8534,838.46,295.75,False,1.4846,False,False,5,0.06,0.2433,4.12,0.0062,0.1865,0.1929,11.2,Low,False,none
TRD0005175,TRD0059,CMP028,EZAB,2025-12-29 09:29:40,BUY,Equity,Cover Order,9189,1945.75,17879496.75,1.3424,0.3869,4,11,0.7462,2568.86,1317.39,False,0.4431,False,False,6,0.0202,0.4191,4.05,0.1948,0.0488,0.0476,15.14,Low,False,none
TRD0047631,TRD0090,CMP028,EZAB,2025-11-03 11:29:00,SELL,Futures,Cover Order,37016,1957.93,72474736.88,6.9613,4.5292,4,4,2.6109,24.62,9999.0,True,3.131,True,False,4,0.5461,0.6416,7.3,0.8307,0.9392,0.8931,85.37,Critical,True,wash_trading
TRD0038871,TRD0041,CMP050,MCCS,2025-12-13 13:37:41,BUY,ETF,Cover Order,298337,104.52,31182183.24,11.3388,3.74,3,9,3.9012,22.54,9999.0,True,4.6499,False,False,2,0.5017,0.862,3.56,0.9037,0.7657,0.7179,83.03,High,True,layering
TRD0105884,TRD0041,CMP011,CGLO,2025-11-02 12:40:42,SELL,Futures,Limit,244998,53.56,13122092.88,8.5637,5.6485,2,11,3.4311,24.31,53.4,True,2.0813,True,False,1,0.4069,0.862,2.09,0.8945,0.8863,0.8855,88.74,Critical,True,front_running
TRD0091339,TRD0057,CMP039,JDXM,2025-10-20 12:37:15,SELL,Equity,Stop-Loss,4911,91.34,448570.74,0.6799,0.7694,1,12,0.8177,1793.04,9999.0,False,-0.0973,False,False,2,0.0441,0.0846,4.65,0.0229,0.0954,0.0149,4.96,Low,False,none
TRD0087903,TRD0215,CMP017,FNLM,2026-03-04 11:22:53,SELL,ETF,Bracket Order,83174,621.09,51658539.66,0.9504,-0.2057,2,16,1.4965,177.89,9999.0,False,0.2924,False,False,4,0.0865,0.3095,0.51,0.1007,0.1009,0.01,10.8,Low,False,none
TRD0101784,TRD0274,CMP014,DJHR,2026-01-31 09:36:18,BUY,Equity,Bracket Order,59653,125.99,7515681.47,1.0886,0.3042,2,8,0.8129,333.11,9999.0,False,-0.7843,False,False,0,0.0291,0.4725,-3.71,0.0337,0.057,0.0202,8.25,Low,False,none
TRD0051975,TRD0279,CMP058,JGPO,2026-02-04 09:48:48,SELL,Equity,Limit,4218,318.95,1345331.1,1.2582,1.4408,4,13,1.4428,107.84,897.83,False,0.9953,False,False,0,0.119,0.0783,-1.37,0.045,0.0228,0.0675,4.5,Low,False,none
TRD0047104,TRD0351,CMP043,QBPR,2026-01-27 07:52:41,BUY,ETF,Bracket Order,464420,446.98,207586451.6,11.3021,5.0973,1,9,2.9128,32.02,9999.0,True,2.0021,False,True,3,0.3833,0.6234,3.87,0.6506,0.826,0.6632,70.24,High,True,insider_trading
TRD0102896,TRD0090,CMP006,XBFQ,2026-03-20 11:51:39,SELL,ETF,Limit,25016,83.68,2093338.88,4.5886,6.5239,2,14,2.4622,10.46,767.24,True,2.3955,False,False,1,0.8487,0.6416,6.53,0.9644,0.9913,0.9266,93.45,Critical,True,wash_trading
TRD0021907,TRD0372,CMP019,ADNW,2026-05-11 10:09:05,BUY,Futures,Cover Order,277826,27.59,7665219.34,11.5831,2.5215,3,24,2.6834,10.66,452.83,True,3.985,True,False,0,0.3967,0.5577,-1.73,0.7164,0.8989,0.3402,69.88,Medium,True,layering
TRD0037546,TRD0303,CMP005,QSGC,2025-10-11 12:03:06,SELL,Equity,Bracket Order,16079,119.44,1920475.76,0.5568,-1.5303,2,20,1.2252,1898.08,9999.0,False,-0.0798,False,False,6,0.0963,0.1398,5.29,0.0057,0.0878,0.0125,4.48,Low,False,none
TRD0017442,TRD0255,CMP054,SCIM,2025-10-31 14:13:21,BUY,ETF,Limit,129154,164.61,21260039.94,4.3188,6.072,2,8,2.5294,3.57,9999.0,True,2.5385,False,False,5,0.9878,0.8046,1.17,0.8966,0.966,0.6332,86.87,Critical,True,wash_trading
TRD0036735,TRD0047,CMP009,QWEI,2025-12-07 09:52:27,BUY,ETF,Stop-Loss,11419,105.79,1208016.01,0.8892,-0.047,5,17,1.895,2081.7,105.84,False,-0.1995,False,False,0,0.0094,0.3376,-0.44,0.0059,0.1192,0.022,7.55,Low,False,none
TRD0081179,TRD0039,CMP021,TXFE,2025-11-24 10:31:10,SELL,Options,Cover Order,134061,58.36,7823799.96,3.5922,3.6775,3,22,1.9499,52.4,19.95,False,3.9835,True,False,5,0.2998,0.3201,4.26,0.6563,0.86,0.7215,69.36,Medium,True,insider_trading
TRD0047919,TRD0477,CMP018,YGCX,2026-05-07 12:40:49,BUY,Futures,Market,344338,765.74,263673380.12,9.2193,5.4746,3,22,3.74,38.34,547.56,True,2.8497,True,False,3,0.805,0.025,3.85,0.9844,0.8799,0.3824,76.68,High,True,insider_trading
TRD0012199,TRD0097,CMP056,ASGU,2025-11-15 15:29:43,SELL,Options,Market,302758,794.82,240638113.56,8.1214,6.2032,2,6,2.5522,17.75,9999.0,True,2.1553,True,False,4,0.7159,0.8788,1.79,0.6244,0.733,0.6949,69.3,Medium,True,insider_trading
TRD0071207,TRD0303,CMP000,SPDZ,2026-04-20 10:42:49,SELL,ETF,Cover Order,27084,520.45,14095867.8,0.7472,-0.3176,1,2,1.1326,906.91,1169.64,False,0.2976,False,False,3,0.0432,0.1398,5.1,0.1073,0.0884,0.0069,8.98,Low,False,none
TRD0056342,TRD0385,CMP032,MXGK,2026-06-18 14:59:13,SELL,Futures,Stop-Loss,49899,1157.94,57780048.06,3.8285,6.5865,3,12,3.3111,32.52,9.06,True,4.7425,True,False,3,0.6439,0.69,5.77,0.6271,0.9384,0.591,72.14,High,True,layering
TRD0022960,TRD0349,CMP027,BNLN,2026-02-17 09:00:54,SELL,Equity,Limit,59910,258.91,15511298.1,0.7392,0.1193,1,11,1.3006,2839.09,1194.94,False,-0.0331,False,False,0,0.0037,0.1307,-4.98,0.0349,0.1584,0.0816,8.85,Low,False,none
TRD0088894,TRD0043,CMP001,LMTI,2026-04-22 09:17:12,SELL,ETF,Market,97811,347.63,34002037.93,9.1498,4.3643,1,7,2.6865,61.53,1040.26,False,3.5265,False,False,1,0.2373,0.1666,2.01,0.879,0.6911,0.7254,72.84,High,True,front_running
TRD0090069,TRD0020,CMP025,JXOT,2025-11-28 12:35:57,BUY,ETF,Market,11277,238.11,2685166.47,0.8457,0.0065,1,19,1.7604,36.99,442.02,True,-0.2159,False,False,1,0.0621,0.1082,0.98,0.2304,0.0738,0.0835,14.92,Low,False,none
TRD0047283,TRD0333,CMP004,KQZJ,2025-10-23 15:12:32,SELL,Equity,Cover Order,148522,123.27,18308306.94,1.0173,0.4955,4,18,0.5489,680.58,9999.0,False,-0.1153,False,False,0,0.0042,0.0642,-1.76,0.0132,0.0422,0.0235,2.85,Low,False,none
TRD0115236,TRD0160,CMP012,INMT,2026-04-04 12:54:31,SELL,ETF,Cover Order,73848,228.96,16908238.08,9.6505,3.8042,3,18,2.032,19.62,1477.5,True,4.9306,False,False,1,0.3239,0.1215,3.89,0.7147,0.8946,0.6683,70.24,High,True,spoofing
TRD0064794,TRD0385,CMP051,NQWS,2026-05-04 12:36:46,BUY,ETF,Limit,105735,14.04,1484519.4,7.8051,3.3162,1,6,1.6323,41.86,19.37,True,3.2713,False,False,2,0.6219,0.69,5.57,0.8346,0.9325,0.8873,85.74,Critical,True,insider_trading
TRD0110113,TRD0488,CMP015,WXZK,2026-05-17 15:02:56,SELL,Futures,Cover Order,39544,569.85,22534148.4,0.6587,1.2235,4,10,1.074,687.24,402.28,False,0.8347,True,False,6,0.1108,0.1209,1.78,0.0832,0.0151,0.01,5.56,Low,False,none
TRD0102388,TRD0359,CMP033,CHAM,2026-04-22 09:37:58,BUY,Options,Stop-Loss,31741,1376.5,43691486.5,5.105,4.7342,4,14,2.2888,29.74,2277.0,True,3.7056,True,False,0,0.5639,0.3502,-0.34,0.77,0.9014,0.5344,73.21,High,True,spoofing
TRD0064353,TRD0380,CMP035,AQPF,2025-11-16 13:40:08,SELL,ETF,Market,414153,1063.33,440381309.49,10.9141,3.8902,5,8,3.0166,17.5,9999.0,True,3.5022,False,False,0,0.2348,0.1053,-5.09,0.8505,0.9579,0.7385,79.14,High,True,wash_trading
TRD0004229,TRD0496,CMP043,QBPR,2025-10-20 12:21:40,BUY,ETF,Cover Order,1044,422.31,440891.64,1.3192,1.0947,3,2,1.5272,2403.53,9999.0,False,0.1276,False,False,0,0.0061,0.0343,-0.58,0.0357,0.1652,0.0051,6.98,Low,False,none
TRD0040666,TRD0184,CMP024,GGME,2026-03-26 09:54:29,BUY,Futures,Limit,456861,42.45,19393749.45,3.7777,3.6261,1,16,3.2934,16.24,1354.78,True,3.3896,True,False,5,0.0256,0.8894,2.44,0.8784,0.6975,0.7705,80.9,High,True,front_running
TRD0014084,TRD0219,CMP005,QSGC,2025-12-28 07:09:05,BUY,Options,Limit,198575,124.05,24633228.75,8.487,4.4135,5,15,1.6,30.98,9999.0,True,4.6604,True,True,2,0.1793,0.2175,1.08,0.6572,0.6694,0.8255,64.21,Medium,True,layering
TRD0033764,TRD0003,CMP046,LUQA,2026-04-26 12:14:27,SELL,Futures,Market,207869,200.07,41588350.83,9.5662,4.1864,3,20,2.7457,7.83,500.14,True,2.4459,True,False,5,0.4195,0.2248,1.64,0.6976,0.8897,0.3786,66.01,Medium,True,insider_trading
TRD0108718,TRD0369,CMP041,LXML,2025-12-09 11:24:56,SELL,Equity,Limit,153690,435.82,66981175.8,6.2043,5.8629,4,23,3.347,29.42,9999.0,True,2.6407,False,False,4,0.8041,0.5509,0.88,0.7367,0.7937,0.8238,74.83,High,True,layering
TRD0010277,TRD0381,CMP021,TXFE,2026-01-29 12:06:15,BUY,Equity,Market,56437,101.34,5719325.58,1.0742,0.644,3,11,0.8497,2844.14,441.7,False,-0.2774,False,False,0,0.1,0.039,-0.39,0.1672,0.2897,0.0317,17.08,Low,False,none
TRD0010071,TRD0254,CMP014,DJHR,2026-03-14 11:11:08,SELL,ETF,Limit,39013,104.99,4095974.87,0.6614,0.3406,4,24,1.1716,807.16,676.47,False,0.081,False,False,7,0.0557,0.0253,1.82,0.0144,0.1132,0.0232,4.64,Low,False,none
TRD0077424,TRD0336,CMP036,UCCA,2026-03-27 12:15:43,BUY,Equity,Limit,376491,122.03,45943196.73,8.9591,4.6867,5,18,2.5363,27.5,1755.17,True,3.3145,False,False,1,0.5618,0.7178,4.07,0.9184,0.9435,0.8054,88.89,Critical,True,insider_trading
TRD0031608,TRD0213,CMP028,EZAB,2026-01-08 09:53:47,SELL,ETF,Limit,5098,1959.21,9988052.58,0.7591,0.2756,4,2,1.2219,2328.46,1557.79,False,-0.3325,False,False,4,0.0378,0.3075,1.06,0.001,0.2515,0.0648,11.64,Low,False,none
TRD0113386,TRD0248,CMP036,UCCA,2026-05-26 14:52:56,SELL,Equity,Stop-Loss,73226,122.8,8992152.8,1.1333,-0.2184,5,18,1.7811,274.19,797.72,False,1.1793,False,False,0,0.0608,0.4378,-7.36,0.1663,0.0476,0.0024,13.33,Low,False,none
TRD0026852,TRD0081,CMP002,JBDO,2026-02-07 11:19:22,BUY,Equity,Market,88748,118.67,10531725.16,1.4283,1.0567,2,5,0.6429,304.2,1595.69,False,0.5849,False,False,6,0.074,0.233,1.11,0.0695,0.0955,0.0043,8.39,Low,False,none
TRD0064627,TRD0109,CMP025,JXOT,2026-01-22 10:29:16,SELL,Equity,Bracket Order,7039,218.17,1535698.63,0.9702,0.1773,1,23,0.8266,230.81,1280.89,False,-1.0004,False,False,1,0.0771,0.5911,4.8,0.0355,0.1494,0.0499,12.74,Low,False,none
TRD0091556,TRD0280,CMP056,ASGU,2025-12-21 14:45:57,SELL,Equity,Limit,15995,716.95,11467615.25,1.6096,0.7702,4,15,0.9802,1984.04,845.52,False,0.0196,False,False,0,0.0368,0.0999,-2.63,0.0276,0.1825,0.0558,8.55,Low,False,none
TRD0079583,TRD0370,CMP028,EZAB,2026-04-17 17:18:23,SELL,Futures,Bracket Order,78100,1951.75,152431675.0,8.4061,2.5808,5,12,2.7198,31.43,54.95,True,3.1199,True,True,7,0.5073,0.0966,3.39,0.6271,0.9261,0.7684,68.49,Medium,True,front_running
TRD0085750,TRD0402,CMP007,PZVF,2025-10-16 12:31:38,SELL,Equity,Market,8371,20.53,171856.63,0.5865,0.8941,2,8,0.7993,1895.15,9999.0,False,-1.0156,False,False,0,0.0314,0.0902,-1.39,0.2307,0.1809,0.1039,18.27,Low,False,none
TRD0076469,TRD0229,CMP005,QSGC,2026-02-16 11:25:43,SELL,Equity,Cover Order,14394,140.84,2027250.96,0.8822,-0.4257,1,17,0.5895,321.66,1173.3,False,-0.351,False,False,0,0.0583,0.328,-2.05,0.0113,0.1143,0.0106,7.38,Low,False,none
TRD0056635,TRD0126,CMP011,CGLO,2026-06-13 12:15:19,BUY,Equity,Bracket Order,51730,40.3,2084719.0,0.8906,-0.2015,3,20,1.1278,9999.0,188.66,False,-0.333,False,False,2,0.0946,0.1962,4.43,0.0171,0.0819,0.0155,5.42,Low,False,none
TRD0025900,TRD0184,CMP040,PWVJ,2026-03-14 08:03:19,BUY,Equity,Limit,735353,21.48,15795382.44,5.273,6.4332,5,1,3.1467,26.78,1066.03,True,3.3862,False,True,3,0.404,0.8894,0.61,0.8728,0.8903,0.7982,86.85,Critical,True,insider_trading
TRD0043571,TRD0364,CMP056,ASGU,2025-11-15 14:08:58,SELL,Futures,Stop-Loss,232010,755.22,175218592.2,4.4628,5.3863,5,6,2.6548,19.1,9999.0,True,2.3533,True,False,2,0.7818,0.4218,3.17,0.9115,0.7313,0.8117,79.35,High,True,spoofing
TRD0081035,TRD0042,CMP053,SVJO,2026-01-14 09:44:27,SELL,Equity,Stop-Loss,1278625,16.33,20879946.25,9.0399,5.0608,1,24,2.1658,27.72,9999.0,True,4.723,False,False,6,0.7338,0.4561,8.78,0.9364,0.8577,0.8464,85.13,Critical,True,spoofing
TRD0001119,TRD0475,CMP043,QBPR,2026-05-21 11:05:27,BUY,Futures,Limit,2791182,429.6,1199091787.2,7.7476,4.8836,5,24,3.6035,13.08,131.01,True,2.4303,True,False,3,0.4888,0.8184,4.13,0.8565,0.6879,0.541,75.48,High,True,front_running
TRD0107714,TRD0199,CMP031,NGEI,2026-01-31 15:47:43,BUY,Equity,Cover Order,23376,434.12,10147989.12,6.0613,6.7149,4,16,3.9857,9.6,511.59,True,4.3964,False,False,3,0.3883,0.0179,3.61,0.8682,0.7227,0.4658,67.92,Medium,True,insider_trading
TRD0013835,TRD0133,CMP002,JBDO,2025-10-03 13:08:50,BUY,Options,Stop-Loss,58525,124.07,7261196.75,0.8984,-1.4441,2,19,1.7732,1450.49,9999.0,False,-0.4343,True,False,1,0.0216,0.3838,6.53,0.0489,0.0296,0.2063,10.02,Low,False,none
TRD0105510,TRD0499,CMP041,LXML,2026-02-22 11:46:29,SELL,ETF,Cover Order,240163,451.67,108474422.21,1.6108,0.1299,4,10,1.0393,1311.25,465.28,False,-0.818,False,False,0,0.0887,0.3768,-1.93,0.0352,0.038,0.0791,7.68,Low,False,none
TRD0060117,TRD0307,CMP053,SVJO,2025-10-12 11:28:56,BUY,Equity,Bracket Order,8717,85.99,749574.83,0.9377,-0.8736,1,7,1.6939,2281.98,9999.0,False,0.621,False,False,3,0.1309,0.2444,3.69,0.0719,0.0571,0.0992,8.88,Low,False,none
TRD0053058,TRD0414,CMP019,ADNW,2026-01-17 10:30:31,BUY,ETF,Market,493,28.24,13922.32,0.6948,-0.0897,5,6,0.5734,2282.81,355.05,False,0.0742,False,False,0,0.1103,0.8918,-3.2,0.0918,0.1522,0.008,17.74,Low,False,none
TRD0093140,TRD0468,CMP046,LUQA,2025-12-28 11:37:48,SELL,Equity,Bracket Order,163584,162.78,26628203.52,1.2866,-0.8983,2,6,0.6652,200.51,9999.0,False,0.2942,False,False,0,0.0465,0.4389,-4.13,0.081,0.0626,0.1767,12.56,Low,False,none
TRD0097479,TRD0144,CMP010,VTWH,2025-12-21 16:24:13,SELL,ETF,Limit,5276,53.97,284745.72,0.5376,1.2254,2,19,1.8114,1640.46,857.74,False,1.3123,False,True,0,0.0001,0.2356,-2.4,0.0739,0.0333,0.0043,6.74,Low,False,none
TRD0111138,TRD0336,CMP030,FHSA,2026-06-19 16:31:39,BUY,Options,Stop-Loss,158259,105.4,16680498.6,3.9249,5.1609,5,17,2.469,4.53,4153.49,True,3.6311,True,True,1,0.3082,0.7178,2.9,0.7637,0.674,0.4582,68.64,Medium,True,insider_trading
TRD0026379,TRD0045,CMP050,MCCS,2025-12-14 12:05:30,BUY,Options,Market,92336,106.5,9833784.0,7.4388,2.5087,3,19,3.7444,0.08,9999.0,True,2.1909,True,False,7,0.6914,0.788,9.12,0.8602,0.9849,0.8012,88.15,Critical,True,wash_trading
TRD0064018,TRD0136,CMP035,AQPF,2026-04-15 15:32:56,BUY,ETF,Cover Order,3865,1069.51,4133656.15,1.2633,0.4026,2,1,0.6327,122.65,2715.56,False,-1.0553,False,False,6,0.0055,0.3098,2.1,0.1237,0.132,0.1606,15.03,Low,False,none
TRD0021786,TRD0210,CMP011,CGLO,2026-01-18 12:10:29,BUY,Equity,Stop-Loss,16468,57.33,944110.44,0.7272,-0.6835,2,14,0.8084,2083.82,684.03,False,-0.107,False,False,1,0.1127,0.8977,4.38,0.0069,0.1186,0.1413,14.96,Low,False,none
TRD0072005,TRD0381,CMP058,JGPO,2025-12-17 09:22:37,BUY,Equity,Cover Order,69529,335.61,23334627.69,1.0874,-1.0658,4,9,1.8697,278.61,327.54,False,-0.1394,False,False,0,0.0365,0.039,-0.12,0.3067,0.0481,0.0175,15.9,Low,False,none
TRD0015064,TRD0351,CMP051,NQWS,2025-11-26 17:36:35,BUY,Futures,Bracket Order,513397,19.71,10119054.87,8.5312,5.7202,3,23,3.5746,29.99,9999.0,True,4.5841,True,True,4,0.4663,0.6234,5.47,0.7861,0.9547,0.5857,79.04,High,True,circular_trading
TRD0116462,TRD0356,CMP005,QSGC,2026-06-07 07:51:03,SELL,ETF,Bracket Order,33736,89.58,3022070.88,0.8493,-0.8153,5,20,1.972,262.37,2338.76,False,0.4941,False,True,5,0.0182,0.0922,5.34,0.0237,0.2266,0.0353,9.32,Low,False,none
TRD0063173,TRD0063,CMP003,NCBQ,2026-02-09 12:27:53,SELL,Options,Stop-Loss,196427,105.61,20744655.47,5.6764,6.9812,4,2,3.4514,28.09,9999.0,True,2.7317,True,False,0,0.7641,0.6313,-2.15,0.8961,0.9352,0.7586,86.07,Critical,True,layering
TRD0102344,TRD0417,CMP026,UGLJ,2026-01-10 12:41:13,BUY,Equity,Market,26286,1573.51,41361283.86,0.9662,-0.0707,1,21,1.3911,2696.2,348.13,False,-0.4248,False,False,0,0.0609,0.1572,-5.42,0.0359,0.0767,0.0861,6.78,Low,False,none
TRD0097416,TRD0123,CMP034,SIHG,2025-11-23 12:09:53,SELL,ETF,Limit,46115,293.77,13547203.55,0.8031,-0.2059,3,11,1.0187,108.08,533.14,False,0.4618,False,False,0,0.0626,0.241,-0.85,0.0521,0.0201,0.0184,5.63,Low,False,none
TRD0103796,TRD0449,CMP051,NQWS,2026-02-01 07:57:56,BUY,Equity,Stop-Loss,136795,29.8,4076491.0,7.5854,5.3766,4,20,1.5203,14.47,1568.37,True,4.8269,False,True,2,0.4925,0.1964,1.19,0.8675,0.6883,0.5018,69.18,Medium,True,insider_trading
TRD0051934,TRD0130,CMP025,JXOT,2026-06-08 14:52:34,SELL,Equity,Stop-Loss,1828,249.04,455245.12,1.2771,-0.4741,4,5,0.6243,162.12,972.1,False,-0.951,False,False,6,0.044,0.0902,1.3,0.0324,0.0872,0.0372,5.53,Low,False,none
TRD0119696,TRD0045,CMP000,SPDZ,2026-03-02 11:52:06,BUY,Options,Stop-Loss,135118,482.59,65206595.62,10.2129,6.7259,5,15,2.4093,5.21,857.9,True,3.6025,True,False,2,0.7818,0.788,10.13,0.8191,0.9037,0.6692,81.89,High,True,circular_trading
TRD0112596,TRD0261,CMP011,CGLO,2026-01-18 09:20:24,SELL,ETF,Bracket Order,16032,46.43,744365.76,0.8639,-0.3024,2,21,1.7897,2086.66,681.2,False,-0.5933,False,False,3,0.0064,0.1468,1.58,0.0808,0.0216,0.0082,5.88,Low,False,none
TRD0013107,TRD0412,CMP028,EZAB,2026-04-15 18:44:30,SELL,Equity,Limit,684035,1943.84,1329654594.4,11.9812,5.6138,2,5,3.4928,78.0,8.39,False,2.1732,False,True,7,0.8746,0.5609,6.62,0.8897,0.472,0.6337,69.31,Medium,True,spoofing
TRD0110180,TRD0042,CMP006,XBFQ,2026-02-14 11:00:38,SELL,Futures,Bracket Order,440421,70.4,31005638.4,3.1484,5.4801,5,14,2.2627,49.61,9999.0,False,3.3235,True,False,6,0.1386,0.4561,5.43,0.91,0.8517,0.5303,79.02,High,True,insider_trading
TRD0087330,TRD0185,CMP019,ADNW,2026-04-03 11:27:35,SELL,Equity,Bracket Order,9146,15.65,143134.9,0.9546,-0.7271,1,16,1.2054,457.86,2180.0,False,0.1016,False,False,0,0.0054,0.1985,-0.61,0.0278,0.1553,0.1169,9.65,Low,False,none
TRD0032869,TRD0045,CMP014,DJHR,2026-04-27 18:43:18,BUY,Equity,Bracket Order,93345,161.37,15063082.65,8.9309,3.503,5,7,3.1782,13.64,256.37,True,3.4844,False,True,4,0.7616,0.788,4.23,0.8536,0.9055,0.8504,86.21,Critical,True,insider_trading
TRD0076649,TRD0317,CMP003,NCBQ,2026-01-09 11:02:54,BUY,Equity,Bracket Order,9553,139.12,1329013.36,0.7208,1.6892,3,13,0.9838,773.51,9999.0,False,1.1423,False,False,0,0.0373,0.2666,-0.87,0.1551,0.0065,0.0389,10.42,Low,False,none
TRD0009826,TRD0363,CMP034,SIHG,2026-03-14 10:50:19,SELL,ETF,Bracket Order,5757,289.36,1665845.52,0.9192,0.865,1,13,1.9499,1535.0,124.63,False,1.4359,False,False,0,0.0013,0.0525,-3.88,0.0155,0.0461,0.0188,2.89,Low,False,none
TRD0026052,TRD0248,CMP033,CHAM,2026-04-22 09:23:18,SELL,ETF,Market,334515,1403.85,469608882.75,4.9691,4.9862,2,9,2.092,29.99,2276.75,True,4.4851,False,False,3,0.4042,0.4378,5.13,0.6285,0.9714,0.5766,70.45,High,True,layering
TRD0115805,TRD0207,CMP046,LUQA,2026-05-15 16:08:07,BUY,Equity,Market,70134,188.59,13226571.06,5.5352,3.9279,1,11,1.7546,0.03,452.07,True,4.7831,False,True,7,0.6461,0.5604,4.57,0.8629,0.8108,0.6073,77.87,High,True,insider_trading
TRD0040420,TRD0063,CMP051,NQWS,2026-05-08 12:45:32,BUY,ETF,Limit,324902,9.47,3076821.94,11.3163,6.7904,4,14,1.6437,28.5,54.29,True,2.6534,False,False,4,0.0857,0.6313,1.55,0.7104,0.8609,0.5982,73.08,High,True,wash_trading
TRD0100710,TRD0382,CMP011,CGLO,2026-05-21 14:35:42,BUY,Futures,Stop-Loss,44957,24.64,1107740.48,1.6438,1.6507,4,15,1.993,361.0,379.26,False,0.8903,True,False,0,0.1518,0.1306,-2.47,0.016,0.0575,0.0109,3.91,Low,False,none
TRD0000340,TRD0032,CMP029,OPWR,2026-03-04 12:30:44,SELL,Equity,Stop-Loss,16228,53.57,869333.96,0.9876,-0.7751,2,13,1.743,1533.46,36.25,False,-0.5279,False,False,0,0.0514,0.2562,-10.39,0.2001,0.0949,0.1284,16.34,Low,False,none
TRD0025841,TRD0212,CMP002,JBDO,2026-03-12 10:20:05,SELL,ETF,Bracket Order,1175,66.33,77937.75,0.5604,-0.6222,5,11,0.8027,1181.87,355.76,False,0.3427,False,False,6,0.0357,0.2943,1.21,0.1222,0.015,0.0548,9.71,Low,False,none
TRD0030156,TRD0250,CMP036,UCCA,2025-12-23 09:22:52,BUY,Equity,Limit,23448,141.23,3311561.04,0.6249,0.5404,4,22,0.9735,503.71,412.26,False,-0.7453,False,False,5,0.017,0.1792,2.99,0.2116,0.0639,0.0591,14.12,Low,False,none
TRD0013523,TRD0312,CMP045,BPXM,2026-05-31 09:18:36,SELL,Options,Limit,602138,248.98,149920319.24,9.199,5.9876,4,24,3.1007,17.92,943.96,True,3.5225,True,False,4,0.1049,0.7761,4.32,0.68,0.734,0.8678,73.4,High,True,pump_and_dump
TRD0002130,TRD0462,CMP054,SCIM,2026-06-13 10:24:47,BUY,Options,Market,116578,221.15,25781224.7,3.0211,5.8427,5,6,2.5283,9.54,432.7,True,4.745,True,False,5,0.8357,0.5748,2.51,0.9207,0.9034,0.8209,86.6,Critical,True,layering
TRD0106264,TRD0091,CMP023,OTXX,2026-04-03 09:43:38,BUY,Equity,Stop-Loss,97230,3160.39,307284719.7,1.3802,0.4066,1,20,1.5948,657.45,2200.32,False,-1.4443,False,False,0,0.0854,0.1658,-0.82,0.0339,0.0067,0.0395,3.98,Low,False,none
TRD0037188,TRD0178,CMP035,AQPF,2025-12-15 13:35:31,SELL,ETF,Bracket Order,73393,1036.82,76095330.26,1.9377,-1.8889,2,3,1.3948,190.39,102.6,False,0.0662,False,False,0,0.039,0.1375,-4.3,0.0211,0.0246,0.0029,3.11,Low,False,none
TRD0077820,TRD0042,CMP019,ADNW,2025-12-31 14:10:15,SELL,ETF,Market,890703,7.26,6466503.78,9.0568,5.0554,4,2,1.6994,49.28,9999.0,False,4.8375,False,False,5,0.1767,0.4561,2.55,0.583,0.6954,0.7184,62.43,Medium,True,spoofing
TRD0101618,TRD0312,CMP028,EZAB,2026-04-18 12:13:20,SELL,Futures,Market,300165,1946.87,584382233.55,4.6893,3.7431,5,12,3.4284,12.51,73.87,True,2.03,True,False,2,0.4006,0.7761,4.98,0.9253,0.9289,0.8615,90.19,Critical,True,insider_trading
TRD0088033,TRD0351,CMP034,SIHG,2026-02-11 09:30:30,BUY,ETF,Market,153367,313.13,48023808.71,3.6875,3.3568,1,23,2.3307,7.86,1809.26,True,4.9331,False,False,1,0.4161,0.6234,4.6,0.8842,0.9152,0.8234,85.83,Critical,True,pump_and_dump
TRD0074327,TRD0369,CMP007,PZVF,2026-01-27 14:28:46,SELL,Equity,Cover Order,155341,19.5,3029149.5,6.1727,5.5814,4,11,1.6488,27.54,578.8,True,2.2713,False,False,2,0.3393,0.5509,7.02,0.9494,0.9151,0.8387,88.27,Critical,True,circular_trading
TRD0083194,TRD0351,CMP031,NGEI,2026-05-12 10:03:15,BUY,Equity,Limit,60904,498.6,30366734.4,1.2271,0.4338,5,8,0.9994,9999.0,918.66,False,-0.9129,False,False,0,0.0232,0.6234,-2.09,0.2894,0.101,0.1653,24.77,Low,False,none
TRD0072433,TRD0386,CMP050,MCCS,2026-03-09 14:44:16,BUY,Equity,Market,114179,102.98,11758153.42,9.4503,6.782,1,13,2.5967,244.77,16.9,False,4.4627,False,False,7,0.5899,0.1229,7.83,0.9185,0.8901,0.6876,79.58,High,True,insider_trading
TRD0083062,TRD0127,CMP046,LUQA,2025-10-26 14:59:50,BUY,ETF,Bracket Order,4793,189.11,906404.23,1.3512,-1.6702,2,6,1.2105,1709.15,9999.0,False,0.8956,False,False,4,0.0733,0.2833,9.94,0.0045,0.0113,0.0143,3.59,Low,False,none
TRD0093277,TRD0082,CMP032,MXGK,2025-11-12 10:36:42,SELL,ETF,Cover Order,71469,1154.34,82499525.46,1.199,-1.0309,1,22,1.1612,1863.72,146.69,False,-1.1303,False,False,1,0.0036,0.0876,8.69,0.0079,0.0786,0.1196,5.38,Low,False,none
TRD0023055,TRD0222,CMP029,OPWR,2026-05-14 11:55:57,SELL,Equity,Limit,9486,66.39,629775.54,0.5455,-0.4377,4,5,0.7808,9999.0,169.96,False,-0.7921,False,False,0,0.0565,0.7021,-6.01,0.0122,0.085,0.009,10.26,Low,False,none
TRD0018326,TRD0336,CMP023,OTXX,2025-12-31 13:17:12,BUY,Equity,Stop-Loss,376657,3169.18,1193693831.26,8.9701,6.3804,3,12,2.3637,0.99,919.19,True,3.071,False,False,1,0.5326,0.7178,0.51,0.9847,0.827,0.6272,85.71,Critical,True,wash_trading
TRD0052785,TRD0047,CMP008,OIUY,2025-10-17 14:04:14,SELL,ETF,Stop-Loss,25007,886.17,22160453.19,1.4807,-0.2565,5,7,1.2587,1520.93,9999.0,False,-0.3373,False,False,0,0.0878,0.3376,-6.58,0.044,0.2187,0.1815,14.64,Low,False,none
TRD0002834,TRD0079,CMP029,OPWR,2026-01-07 07:42:21,SELL,ETF,Limit,37243,60.33,2246870.19,6.6626,3.6209,3,22,2.7561,2.32,331.09,True,2.5322,False,True,6,0.5733,0.0359,4.89,0.9031,0.4944,0.3502,61.08,Medium,True,pump_and_dump
TRD0106525,TRD0184,CMP012,INMT,2026-04-03 10:07:59,SELL,Equity,Market,923300,213.05,196709065.0,5.6959,3.2459,2,15,1.6556,46.39,1450.72,True,3.8182,False,False,0,0.3272,0.8894,-0.54,0.9625,0.8486,0.8223,90.0,Critical,True,insider_trading
TRD0012362,TRD0063,CMP045,BPXM,2026-05-20 14:59:09,BUY,ETF,Cover Order,50324,250.81,12621762.44,1.2884,0.0999,5,18,1.5656,276.24,685.64,False,0.4938,False,False,0,0.0429,0.6313,-0.09,0.1624,0.1949,0.0509,20.23,Low,False,none
TRD0018837,TRD0138,CMP001,LMTI,2026-06-18 15:42:11,BUY,Equity,Bracket Order,7890,355.49,2804816.1,1.087,-0.5632,2,10,1.5766,82.01,1312.88,False,-1.1038,False,False,3,0.1033,0.1919,1.26,0.1593,0.0469,0.0406,11.1,Low,False,none
TRD0030493,TRD0359,CMP009,QWEI,2025-12-13 09:51:58,SELL,Equity,Bracket Order,8281,123.95,1026429.95,1.0626,-0.9996,5,24,0.6354,1937.7,249.83,False,0.8217,False,False,0,0.0565,0.3502,-0.52,0.0368,0.0603,0.019,7.25,Low,False,none
TRD0099094,TRD0465,CMP021,TXFE,2025-10-01 13:29:38,BUY,Equity,Cover Order,9645,77.2,744594.0,0.7403,-1.4901,3,11,1.5562,890.68,9999.0,False,0.4074,False,False,0,0.1082,0.1448,-0.09,0.091,0.242,0.0098,12.95,Low,False,none
TRD0060151,TRD0369,CMP043,QBPR,2026-05-14 09:29:09,SELL,ETF,Stop-Loss,138318,440.67,60952593.06,6.473,6.3802,4,6,2.1916,38.59,2537.59,True,3.2453,False,False,1,0.5769,0.5509,6.97,0.9027,0.9197,0.8987,87.2,Critical,True,insider_trading
TRD0081403,TRD0248,CMP043,QBPR,2026-01-28 16:04:25,BUY,ETF,Stop-Loss,469030,430.59,201959627.7,9.7707,3.5474,2,3,3.7433,2576.0,0.18,False,2.9989,False,True,3,0.3052,0.4378,3.47,0.677,0.7458,0.7119,67.9,Medium,True,front_running
TRD0073186,TRD0336,CMP031,NGEI,2026-02-01 15:40:11,BUY,Equity,Market,462360,422.46,195328605.6,11.5103,3.1957,1,9,2.2793,1475.72,14.27,False,2.7159,False,False,7,0.596,0.7178,3.34,0.8686,0.942,0.728,85.44,Critical,True,wash_trading
TRD0112560,TRD0062,CMP042,EKVN,2025-12-22 15:37:49,SELL,Equity,Limit,3542,193.95,686970.9,1.1405,0.0908,2,18,1.7651,189.53,1234.41,False,-1.4933,False,False,1,0.068,0.2077,1.32,0.0095,0.034,0.0464,4.22,Low,False,none
TRD0056978,TRD0351,CMP022,TTZR,2025-12-17 13:52:22,BUY,Equity,Limit,257714,447.96,115445563.44,4.3057,5.2073,2,22,1.7457,32.21,9999.0,True,3.2979,False,False,3,0.6058,0.6234,2.08,0.9629,0.5079,0.7361,75.84,High,True,insider_trading
TRD0090759,TRD0013,CMP028,EZAB,2026-01-08 07:49:32,SELL,ETF,Market,26504,1936.38,51321815.52,1.0415,-0.8107,4,13,1.7906,2330.53,1555.72,False,0.7074,False,True,3,0.0446,0.0323,3.18,0.0387,0.0033,0.0193,2.45,Low,False,none
TRD0063188,TRD0222,CMP040,PWVJ,2026-03-26 07:46:19,SELL,Equity,Market,171490,15.28,2620367.2,9.1918,6.9516,3,16,2.1274,36.9,260.94,True,3.319,False,True,1,0.7433,0.7021,3.48,0.958,0.8499,0.8946,89.05,Critical,True,front_running
TRD0088178,TRD0252,CMP045,BPXM,2026-05-31 12:24:51,SELL,ETF,Market,271402,274.11,74394002.22,6.6477,5.1777,3,14,3.4119,14.81,947.06,True,3.2958,False,False,4,0.484,0.7888,3.85,0.853,0.9122,0.7756,85.27,Critical,True,insider_trading
TRD0102349,TRD0099,CMP056,ASGU,2026-01-20 15:08:43,SELL,Equity,Market,44783,763.54,34193611.82,2.1947,0.8183,5,3,1.9325,1263.66,1565.9,False,-0.0336,False,False,0,0.0285,0.2542,-5.62,0.075,0.0275,0.0133,6.94,Low,False,none
TRD0012904,TRD0385,CMP020,IARJ,2026-03-03 12:18:54,SELL,ETF,Market,38365,1066.97,40934304.05,3.6527,5.3298,4,24,3.3831,9.36,95.4,True,4.2023,False,False,3,0.6753,0.69,2.64,0.8102,0.5389,0.6963,69.97,Medium,True,layering
TRD0014377,TRD0462,CMP010,VTWH,2026-03-18 18:02:31,SELL,Equity,Cover Order,149465,94.25,14087076.25,5.0585,2.8352,5,23,2.5445,0.6,36.16,True,2.279,False,True,5,0.7113,0.5748,8.69,0.6956,0.7572,0.7345,70.78,High,True,spoofing
TRD0056492,TRD0119,CMP002,JBDO,2025-11-01 10:16:53,SELL,Equity,Cover Order,15935,80.06,1275756.1,1.0422,0.394,2,21,1.2619,757.35,9999.0,False,0.3156,False,False,0,0.1044,0.1704,-1.25,0.0096,0.2615,0.0806,11.19,Low,False,none
TRD0057463,TRD0063,CMP022,TTZR,2026-02-13 08:20:31,BUY,ETF,Stop-Loss,392504,441.45,173270890.8,11.5981,3.9544,3,16,3.1961,42.95,1354.26,True,4.6149,False,True,6,0.6684,0.6313,5.43,0.936,0.82,0.7847,84.8,High,True,layering
TRD0070775,TRD0210,CMP055,NKNY,2025-12-25 13:51:04,BUY,Equity,Stop-Loss,167155,1113.81,186178910.55,6.7804,5.8386,1,22,3.4381,38.84,9999.0,True,2.0827,False,False,2,0.7418,0.8977,2.93,0.9623,0.8995,0.9338,93.27,Critical,True,spoofing
TRD0003291,TRD0064,CMP043,QBPR,2025-11-26 14:56:11,BUY,ETF,Cover Order,14230,464.58,6610973.4,0.7268,-0.4782,2,14,1.9975,1512.96,9999.0,False,0.6905,False,False,1,0.0255,0.2334,3.47,0.0722,0.0191,0.0006,6.16,Low,False,none
TRD0108392,TRD0282,CMP038,UXVA,2026-06-14 13:55:46,BUY,ETF,Bracket Order,83914,657.23,55150798.22,0.6288,-0.3796,2,24,1.2847,9999.0,411.96,False,0.8142,False,False,1,0.0396,0.2692,2.64,0.2024,0.05,0.0174,13.56,Low,False,none
TRD0080644,TRD0261,CMP035,AQPF,2025-11-06 11:54:53,BUY,Equity,Stop-Loss,17012,1047.61,17821941.32,0.8713,0.9705,1,11,1.1908,259.26,9999.0,False,-0.2308,False,False,0,0.0394,0.1468,-4.24,0.1402,0.2013,0.0581,14.69,Low,False,none
TRD0103686,TRD0167,CMP053,SVJO,2025-12-30 09:00:48,BUY,ETF,Bracket Order,19746,35.38,698613.48,1.6054,-0.4436,3,24,1.1668,388.45,9999.0,False,1.2792,False,False,2,0.0078,0.0611,0.68,0.152,0.1609,0.0088,12.41,Low,False,none
TRD0036314,TRD0495,CMP043,QBPR,2026-05-22 13:38:25,SELL,Futures,Bracket Order,62939,475.26,29912389.14,7.0055,2.5189,4,3,3.0219,9999.0,13.47,False,2.176,True,False,6,0.1898,0.3565,1.93,0.8828,0.8568,0.7547,80.32,High,True,insider_trading
TRD0087516,TRD0319,CMP008,OIUY,2026-06-19 10:50:09,BUY,Equity,Bracket Order,254529,877.01,223224478.29,1.0781,-0.8312,5,13,1.7519,9999.0,427.38,False,-1.9922,False,False,3,0.0927,0.3621,2.55,0.0542,0.1326,0.056,10.88,Low,False,none
TRD0098872,TRD0176,CMP027,BNLN,2025-12-28 08:22:10,SELL,Options,Market,1150264,278.15,319945931.6,11.7273,5.0408,5,12,2.683,29.71,290.65,True,2.2742,True,True,2,0.2659,0.0972,4.85,0.8877,0.4901,0.6761,65.76,Medium,True,wash_trading
TRD0089278,TRD0248,CMP003,NCBQ,2026-02-14 14:02:46,SELL,Equity,Market,191366,133.97,25637303.02,3.7127,5.9126,4,7,3.0818,19.29,93.49,True,2.3839,False,False,6,0.075,0.4378,3.36,0.7786,0.9005,0.8467,79.13,High,True,insider_trading
TRD0082263,TRD0216,CMP032,MXGK,2026-01-12 09:26:51,BUY,Options,Stop-Loss,13433,1108.14,14885644.62,0.7522,-0.2415,1,21,1.7513,400.89,1609.53,False,-0.7311,True,False,0,0.0103,0.2125,-0.58,0.0469,0.1914,0.1671,12.48,Low,False,none
TRD0003476,TRD0393,CMP003,NCBQ,2026-02-13 10:06:53,SELL,Options,Limit,20864,83.48,1741726.72,3.1837,4.6117,5,9,2.8672,47.22,65.56,True,4.6591,True,False,0,0.2275,0.2266,-0.52,0.7914,0.9041,0.8026,77.04,High,True,insider_trading
TRD0017021,TRD0045,CMP001,LMTI,2026-04-23 17:14:16,BUY,ETF,Limit,56217,351.47,19758588.99,5.7294,3.3116,4,13,2.0948,29.58,1072.21,True,2.6412,False,True,7,0.007,0.788,3.65,0.9091,0.775,0.8641,85.0,Critical,True,spoofing
TRD0107834,TRD0083,CMP012,INMT,2025-10-30 09:28:35,SELL,ETF,Market,26345,171.67,4522646.15,0.8095,-0.2275,4,15,1.5413,2269.93,9999.0,False,0.059,False,False,0,0.094,0.1354,-0.7,0.0617,0.0802,0.0105,6.69,Low,False,none
TRD0057144,TRD0359,CMP053,SVJO,2026-03-01 08:50:35,SELL,Equity,Cover Order,70421,50.73,3572457.33,10.6935,2.6371,5,22,3.0123,32.26,1075.38,True,4.126,False,True,4,0.7238,0.3502,2.46,0.5975,0.9485,0.6508,68.61,Medium,True,insider_trading
TRD0071856,TRD0059,CMP039,JDXM,2026-04-07 11:31:33,SELL,Options,Cover Order,7858,127.77,1004016.66,1.39,-0.2696,4,22,0.6776,689.62,603.62,False,1.058,True,False,0,0.003,0.4191,-4.56,0.1205,0.0489,0.2019,14.11,Low,False,none
TRD0032704,TRD0207,CMP052,QXXS,2026-06-10 14:28:55,BUY,Equity,Limit,171575,1793.54,307726625.5,11.1691,3.1521,5,20,3.4742,22.4,1366.17,True,4.2654,False,False,4,0.5878,0.5604,6.19,0.9759,0.7938,0.3021,77.86,High,True,insider_trading
TRD0000993,TRD0369,CMP054,SCIM,2025-10-30 10:36:47,BUY,ETF,Limit,170810,190.21,32489770.1,8.1266,4.288,5,17,3.657,31.18,9999.0,True,3.7944,False,False,4,0.4,0.5509,3.5,0.9155,0.9642,0.5629,84.08,High,True,insider_trading
TRD0001731,TRD0414,CMP023,OTXX,2025-11-22 15:24:06,SELL,Equity,Cover Order,8377,3154.76,26427424.52,10.2598,4.901,2,12,1.5455,14.7,9999.0,True,2.1738,False,False,6,0.6972,0.8918,8.06,0.4974,0.8487,0.9047,70.33,High,True,layering
TRD0025024,TRD0339,CMP012,INMT,2026-05-16 15:21:14,BUY,ETF,Cover Order,4749,213.85,1015573.65,0.6788,0.6282,4,5,1.9393,230.89,990.83,False,-0.3825,False,False,0,0.0011,0.1295,-0.76,0.055,0.0583,0.0252,5.9,Low,False,none
TRD0119057,TRD0483,CMP056,ASGU,2026-01-02 11:37:47,SELL,Equity,Market,19240,721.6,13883584.0,0.8373,-0.3453,4,5,1.3206,1699.18,1130.38,False,0.9015,False,False,0,0.0807,0.1801,-0.63,0.0611,0.0979,0.0188,7.77,Low,False,none
TRD0095147,TRD0485,CMP010,VTWH,2026-02-28 15:40:02,SELL,ETF,Stop-Loss,53561,86.66,4641596.26,0.9408,-1.0033,2,13,0.9565,398.22,14.81,False,0.2239,False,False,1,0.0011,0.0622,0.89,0.057,0.0729,0.0146,5.59,Low,False,none
TRD0073485,TRD0223,CMP001,LMTI,2026-02-25 14:06:09,SELL,ETF,Cover Order,6198,330.17,2046393.66,0.9878,-0.2332,3,6,0.6215,85.59,1537.64,False,-0.6966,False,False,0,0.0249,0.2078,-1.86,0.0889,0.0027,0.062,7.09,Low,False,none
TRD0098738,TRD0039,CMP053,SVJO,2026-03-11 13:05:22,SELL,Equity,Limit,217605,50.21,10925947.05,5.5424,4.0683,2,19,2.8625,28.62,202.59,True,2.1094,False,False,1,0.6445,0.3201,5.01,0.9751,0.7113,0.8463,81.11,High,True,insider_trading
TRD0000788,TRD0351,CMP043,QBPR,2026-01-27 15:42:20,BUY,Equity,Cover Order,237719,430.61,102364178.59,4.2091,4.7164,3,2,3.0732,24.19,9999.0,True,3.5418,False,False,2,0.6326,0.6234,0.08,0.8676,0.9299,0.9285,87.1,Critical,True,front_running
TRD0059433,TRD0435,CMP040,PWVJ,2025-12-05 09:42:54,BUY,Equity,Stop-Loss,88553,2.13,188617.89,0.6636,0.0544,1,19,0.6277,1308.31,9999.0,False,1.1466,False,False,2,0.1045,0.242,1.68,0.0491,0.0075,0.0518,5.63,Low,False,none
TRD0117658,TRD0041,CMP031,NGEI,2026-01-08 09:59:03,BUY,Options,Limit,158828,450.84,71606015.52,6.2425,6.2905,5,18,2.5901,46.22,9999.0,True,4.5336,True,False,2,1.0465,0.862,4.22,0.9122,0.8195,0.6485,83.98,High,True,circular_trading
TRD0005838,TRD0097,CMP002,JBDO,2026-02-24 16:00:10,BUY,Options,Cover Order,188791,107.59,20312023.69,4.2855,5.1381,4,3,2.8139,22.57,108.48,True,3.3302,True,True,3,0.4694,0.8788,8.9,0.8773,0.9458,0.7,87.14,Critical,True,circular_trading
TRD0006166,TRD0400,CMP053,SVJO,2026-04-25 11:00:03,SELL,Equity,Cover Order,53196,23.02,1224571.92,0.7681,-1.3125,2,21,1.9193,1092.51,1049.29,False,1.2397,False,False,2,0.035,0.1872,3.87,0.0409,0.0724,0.0062,5.98,Low,False,none
TRD0115182,TRD0097,CMP016,FWEI,2025-12-14 09:27:32,SELL,Futures,Limit,531098,829.84,440726364.32,9.9318,4.5988,2,23,2.2524,47.86,620.38,True,4.5696,True,False,6,0.7103,0.8788,4.56,0.9476,0.9575,0.8707,93.22,Critical,True,insider_trading
TRD0108631,TRD0239,CMP042,EKVN,2026-03-06 11:17:14,SELL,Equity,Cover Order,33314,209.29,6972287.06,1.6032,0.8391,4,16,1.866,1364.93,158.83,False,0.9807,False,False,3,0.0809,0.4011,2.8,0.0199,0.4458,0.0111,18.45,Low,False,none
TRD0020274,TRD0286,CMP041,LXML,2025-10-07 11:09:41,BUY,Equity,Bracket Order,11462,489.75,5613514.5,1.4738,-0.1148,1,13,1.4807,1541.67,9999.0,False,0.7506,False,False,2,0.0311,0.0501,2.11,0.0622,0.0979,0.1339,8.25,Low,False,none
TRD0049125,TRD0434,CMP017,FNLM,2025-11-13 15:07:31,SELL,ETF,Cover Order,32245,615.99,19862597.55,1.1089,-0.0956,5,3,0.8357,2838.14,9999.0,False,0.5689,False,False,6,0.0385,0.2833,7.26,0.0135,0.1481,0.0283,8.31,Low,False,none
TRD0107891,TRD0371,CMP015,WXZK,2026-02-04 09:18:00,BUY,ETF,Bracket Order,3169355,587.89,1863232110.95,7.1241,4.747,4,2,1.6391,36.34,1734.1,True,3.7513,False,False,2,0.6879,0.2768,4.91,0.8613,0.5366,0.5949,66.55,Medium,True,pump_and_dump
TRD0015978,TRD0405,CMP056,ASGU,2026-06-03 10:15:11,BUY,ETF,Market,29158,762.36,22228892.88,0.8688,-0.9772,5,8,1.8335,9999.0,1947.44,False,0.5588,False,False,6,0.1076,0.1099,6.08,0.2806,0.0756,0.0198,16.29,Low,False,none
TRD0110339,TRD0385,CMP003,NCBQ,2026-02-09 12:34:47,SELL,ETF,Stop-Loss,82501,91.63,7559566.63,7.8611,6.2926,3,3,3.578,27.98,9999.0,True,2.1863,False,False,5,0.1151,0.69,2.32,0.9597,0.9672,0.6412,88.72,Critical,True,pump_and_dump
TRD0042842,TRD0241,CMP039,JDXM,2026-03-20 10:57:33,SELL,Equity,Stop-Loss,98628,133.79,13195440.12,0.6745,-0.4534,2,6,1.0978,1122.19,171.05,False,0.1255,False,False,7,0.0276,0.0847,3.56,0.0738,0.2533,0.033,12.26,Low,False,none
TRD0113532,TRD0337,CMP045,BPXM,2026-04-20 12:33:59,BUY,ETF,Cover Order,32546,258.44,8411188.24,3.551,5.7729,1,24,3.104,36.78,1909.15,True,4.1659,False,False,1,0.5201,0.0177,4.63,0.8932,0.7486,0.4346,69.35,Medium,True,wash_trading
TRD0004655,TRD0215,CMP022,TTZR,2026-04-09 15:39:53,BUY,Futures,Cover Order,56086,424.49,23807946.14,0.5935,0.4153,3,15,0.8192,858.46,822.21,False,0.4358,True,False,0,0.0523,0.3095,-6.57,0.2504,0.0077,0.0438,15.25,Low,False,none
TRD0000027,TRD0188,CMP035,AQPF,2026-06-29 12:25:04,SELL,Equity,Market,22785,1083.31,24683218.35,1.0369,-0.4258,1,2,0.7497,9999.0,248.58,False,0.6246,False,False,7,0.1073,0.2666,2.27,0.0235,0.0004,0.0076,3.85,Low,False,none
TRD0084585,TRD0188,CMP019,ADNW,2026-03-20 11:05:41,BUY,ETF,Bracket Order,21484,78.83,1693583.72,1.1276,-1.0591,5,3,0.7105,794.22,1843.64,False,-0.1419,False,False,0,0.0123,0.2666,-6.08,0.0078,0.0589,0.0081,4.91,Low,False,none
TRD0051665,TRD0437,CMP038,UXVA,2025-11-25 10:45:48,BUY,Equity,Limit,1649196,674.52,1112415685.92,1.5152,-0.2002,4,23,1.3499,1014.73,9999.0,False,0.861,False,False,0,0.0501,0.4839,-3.51,0.0242,0.0902,0.0948,10.06,Low,False,none
TRD0068282,TRD0390,CMP022,TTZR,2026-03-04 13:15:46,BUY,Equity,Market,101782,441.0,44885862.0,11.5303,5.8138,1,21,1.7524,44.19,417.97,True,4.5013,False,False,2,0.3981,0.6803,6.48,0.8932,0.791,0.6761,80.87,High,True,wash_trading
TRD0098898,TRD0372,CMP031,NGEI,2026-01-09 13:38:27,BUY,Equity,Market,252600,483.17,122048742.0,9.1232,2.7296,3,4,3.0845,18.56,9999.0,True,2.3105,False,False,6,0.63,0.5577,3.29,0.9713,0.7497,0.4038,77.83,High,True,insider_trading
TRD0014727,TRD0495,CMP055,NKNY,2025-12-10 09:34:40,SELL,Equity,Stop-Loss,12662,1093.75,13849062.5,1.1203,-1.2577,3,20,1.6704,403.11,9999.0,False,0.2663,False,False,0,0.0286,0.3565,-2.29,0.131,0.0129,0.0302,10.3,Low,False,none
TRD0074539,TRD0414,CMP001,LMTI,2026-03-01 14:37:11,BUY,Equity,Cover Order,6846,383.69,2626741.74,7.1178,6.9167,3,15,3.0464,202.41,10.93,False,3.2531,False,False,7,0.6881,0.8918,6.61,0.8938,0.8002,0.8463,85.84,Critical,True,insider_trading
TRD0004460,TRD0184,CMP011,CGLO,2026-05-05 13:42:47,BUY,Options,Limit,1414934,58.67,83014177.78,11.199,5.438,2,9,3.8409,5.62,485.71,True,3.5698,True,False,2,0.4741,0.8894,0.73,0.9049,0.8536,0.652,85.0,Critical,True,insider_trading
TRD0018736,TRD0466,CMP029,OPWR,2026-03-02 09:20:30,BUY,Futures,Bracket Order,29318,77.24,2264522.32,3.8069,4.8024,3,14,2.2013,14.92,1295.32,True,4.1505,True,False,0,0.6179,0.1445,-0.39,0.8302,0.5787,0.5453,64.34,Medium,True,layering
TRD0049026,TRD0207,CMP010,VTWH,2026-03-18 08:05:41,SELL,Options,Bracket Order,114427,70.06,8016755.62,6.8653,2.6268,2,12,3.3874,10.55,26.21,True,4.4253,True,True,3,0.5166,0.5604,1.56,0.748,0.7867,0.4485,69.59,Medium,True,insider_trading
TRD0101692,TRD0385,CMP046,LUQA,2026-01-05 08:43:26,SELL,Futures,Cover Order,106573,178.56,19029674.88,11.5194,5.7335,4,7,1.6742,11.42,9999.0,True,4.3516,True,True,1,0.2106,0.69,8.78,0.982,0.9356,0.547,87.36,Critical,True,layering
TRD0117323,TRD0063,CMP022,TTZR,2026-06-16 11:08:42,BUY,Futures,Cover Order,309908,417.04,129244032.32,9.9124,6.1506,2,22,1.7683,42.15,769.02,True,2.5264,True,False,0,0.4883,0.6313,-1.45,0.8832,0.8512,0.6613,81.51,High,True,insider_trading
TRD0102324,TRD0151,CMP005,QSGC,2025-11-05 12:57:00,BUY,Equity,Market,222797,126.51,28186048.47,1.5554,0.0042,2,18,0.7613,1297.18,9999.0,False,-0.3077,False,False,0,0.0195,0.0345,-3.26,0.043,0.0553,0.1031,5.49,Low,False,none
TRD0109806,TRD0342,CMP013,RXNL,2026-02-05 10:18:13,SELL,Equity,Market,10056,86.77,872559.12,1.4268,0.5239,1,2,1.7464,661.0,678.96,False,-0.3702,False,False,0,0.0766,0.1083,-5.62,0.0649,0.0661,0.0764,7.13,Low,False,none
TRD0095511,TRD0097,CMP013,RXNL,2026-01-07 14:39:18,BUY,Options,Cover Order,401954,102.4,41160089.6,8.4521,5.1951,2,10,3.7219,12.69,1339.03,True,4.5127,True,False,2,0.3464,0.8788,6.57,0.6712,0.6949,0.726,70.73,High,True,insider_trading
TRD0041777,TRD0477,CMP014,DJHR,2026-01-14 09:13:51,BUY,Equity,Stop-Loss,45242,133.21,6026686.82,1.0895,-1.3736,2,23,0.564,741.48,9999.0,False,-0.1871,False,False,5,0.1535,0.025,1.16,0.2072,0.086,0.0093,12.29,Low,False,none
TRD0001347,TRD0200,CMP018,YGCX,2026-01-06 10:01:42,BUY,ETF,Limit,110686,796.89,88204566.54,1.2439,-0.3224,1,3,0.8119,169.03,143.42,False,-0.3037,False,False,0,0.0519,0.2071,-1.19,0.0473,0.1136,0.0047,7.68,Low,False,none
TRD0041543,TRD0009,CMP025,JXOT,2026-02-12 18:23:43,BUY,Equity,Limit,4841,212.58,1029099.78,1.1195,0.7497,2,22,0.9038,1808.38,281.1,False,-0.8055,False,True,3,0.03,0.0754,4.98,0.03,0.0487,0.009,3.7,Low,False,none
TRD0064397,TRD0351,CMP013,RXNL,2026-01-06 14:41:16,BUY,ETF,Limit,620827,82.13,50988521.51,10.7219,2.6771,4,21,3.256,36.66,1315.06,True,4.5522,False,False,7,0.5315,0.6234,3.88,0.5015,0.8212,0.336,58.48,Medium,True,insider_trading
TRD0008769,TRD0406,CMP043,QBPR,2025-11-27 09:55:23,SELL,ETF,Limit,10550,433.57,4574163.5,0.8958,0.7382,5,3,1.4662,1493.97,9999.0,False,-0.1567,False,False,0,0.0097,0.0986,-1.6,0.0239,0.1203,0.096,7.11,Low,False,none
TRD0055847,TRD0210,CMP011,CGLO,2025-11-26 11:33:08,BUY,Options,Limit,166957,43.1,7195846.7,6.7362,6.7302,2,18,3.0038,16.31,481.67,True,4.3024,True,False,1,0.5705,0.8977,4.39,0.7385,0.5768,0.819,71.8,High,True,spoofing
TRD0026168,TRD0475,CMP032,MXGK,2025-11-05 16:08:21,SELL,Equity,Stop-Loss,1836476,1145.81,2104252565.56,6.5735,5.9044,3,21,1.6453,15.78,9999.0,True,3.5785,False,True,7,0.7356,0.8184,4.74,0.8117,0.9583,0.7747,85.08,Critical,True,circular_trading
TRD0066607,TRD0233,CMP000,SPDZ,2026-01-22 14:20:27,SELL,ETF,Limit,30748,482.71,14842367.08,9.5736,4.8956,2,12,2.7656,32.91,9999.0,True,4.7764,False,False,0,0.4837,0.2491,-1.58,0.7267,0.664,0.8755,68.24,Medium,True,front_running
TRD0109243,TRD0450,CMP021,TXFE,2026-04-24 12:40:10,BUY,ETF,Stop-Loss,42697,107.47,4588646.59,0.5134,-0.1318,4,24,1.2109,803.57,2482.27,False,0.6507,False,False,0,0.0464,0.0638,-2.53,0.1262,0.1228,0.0023,10.04,Low,False,none
TRD0071676,TRD0482,CMP028,EZAB,2026-03-16 17:33:50,SELL,Equity,Market,10624,1945.6,20670054.4,1.0745,-0.3096,2,19,0.5573,712.79,3173.46,False,0.4435,False,True,3,0.0652,0.2969,2.34,0.0608,0.0703,0.0659,8.8,Low,False,none
TRD0090657,TRD0184,CMP048,JGWJ,2026-06-24 12:10:12,BUY,Equity,Limit,164943,160.72,26509638.96,1.1548,0.8112,2,17,1.0506,9999.0,655.65,False,-0.3916,False,False,3,0.142,0.8894,4.32,0.0986,0.02,0.027,14.34,Low,False,none
TRD0020340,TRD0164,CMP044,UDJH,2026-01-17 17:55:29,SELL,Equity,Market,249313,26.66,6646684.58,9.239,4.1219,3,22,2.0239,12.29,420.61,True,4.7839,False,True,0,0.6426,0.1522,-0.39,0.9584,0.7724,0.6147,77.04,High,True,spoofing
TRD0097497,TRD0349,CMP022,TTZR,2026-06-09 12:28:25,BUY,Equity,Limit,89120,406.06,36188067.2,0.9607,-0.6681,3,21,1.7659,208.82,602.35,False,0.4492,False,False,0,0.0193,0.1307,-5.57,0.0727,0.1588,0.2107,12.5,Low,False,none
TRD0049222,TRD0302,CMP047,VBOF,2025-11-02 13:18:25,SELL,ETF,Market,48211,243.57,11742753.27,5.4945,6.0767,4,4,3.6257,8.27,9999.0,True,4.1976,False,False,1,0.7791,0.2938,2.13,0.8997,0.9517,0.7075,82.59,High,True,insider_trading
TRD0008499,TRD0439,CMP058,JGPO,2026-05-24 09:32:05,SELL,ETF,Limit,502402,341.32,171479850.64,8.5769,3.7774,4,13,2.3326,2.23,37.3,True,4.3734,False,False,1,0.4006,0.0721,5.95,0.8522,0.6938,0.6997,70.38,High,True,insider_trading
TRD0059313,TRD0458,CMP057,PNYK,2026-05-26 13:32:52,BUY,Equity,Cover Order,58747,66.63,3914312.61,1.6352,-1.1126,5,9,0.7852,446.08,700.04,False,0.3739,False,False,0,0.0742,0.0728,-6.47,0.0311,0.017,0.0816,3.86,Low,False,none
TRD0101603,TRD0406,CMP021,TXFE,2026-04-30 09:50:17,SELL,Equity,Bracket Order,18944,62.82,1190062.08,1.3066,0.4721,4,17,0.8792,662.41,2623.43,False,-1.2755,False,False,7,0.0838,0.0986,4.06,0.0291,0.3242,0.001,12.04,Low,False,none
TRD0008569,TRD0229,CMP000,SPDZ,2026-03-07 11:17:08,SELL,Equity,Cover Order,22244,459.81,10228013.64,1.1012,-0.6243,2,4,0.7948,1962.33,114.21,False,-0.6739,False,False,2,0.0694,0.328,3.22,0.1055,0.1811,0.2195,16.75,Low,False,none
TRD0059871,TRD0299,CMP038,UXVA,2026-01-17 12:01:38,BUY,Options,Stop-Loss,14238,630.42,8975919.96,0.7044,-0.6035,4,7,0.5357,838.42,258.53,False,-0.8378,True,False,0,0.0119,0.0202,-6.45,0.0846,0.0658,0.2312,9.45,Low,False,none
TRD0105272,TRD0359,CMP054,SCIM,2026-05-24 10:21:16,BUY,Equity,Limit,24096,164.13,3954876.48,3.8682,4.0139,3,3,2.5935,47.36,4912.56,True,4.3953,False,False,7,0.2044,0.3502,7.91,0.668,0.9,0.8014,72.58,High,True,layering
TRD0058867,TRD0104,CMP008,OIUY,2025-12-04 12:14:37,SELL,ETF,Bracket Order,19237,909.13,17488933.81,1.3002,-0.493,5,3,0.9513,370.76,9999.0,False,1.2502,False,False,5,0.0516,0.3119,5.85,0.0362,0.0039,0.0126,5.05,Low,False,none
TRD0119501,TRD0377,CMP032,MXGK,2026-04-03 13:05:55,BUY,ETF,Bracket Order,5164,1144.09,5908080.76,0.7971,0.0065,4,6,1.4433,1122.86,846.71,False,0.3637,False,False,0,0.0526,0.1981,-3.46,0.0801,0.0581,0.0376,7.89,Low,False,none
TRD0077190,TRD0003,CMP052,QXXS,2026-02-08 10:23:37,SELL,ETF,Stop-Loss,19891,1803.82,35879783.62,0.8876,-1.2375,3,22,0.7921,594.11,1702.18,False,-0.0532,False,False,0,0.0343,0.2248,-6.19,0.0201,0.0771,0.1063,7.06,Low,False,none
TRD0036123,TRD0307,CMP026,UGLJ,2026-03-09 12:54:02,BUY,ETF,Bracket Order,6015,1575.75,9478136.25,0.8184,0.5387,5,23,0.5344,1303.98,1740.34,False,-1.649,False,False,0,0.0602,0.2444,-2.27,0.0346,0.0116,0.0665,5.35,Low,False,none
TRD0036982,TRD0213,CMP040,PWVJ,2026-06-26 12:30:56,BUY,Equity,Market,6875,30.49,209618.75,0.9514,-1.2572,2,17,1.7907,9999.0,2175.84,False,0.1262,False,False,0,0.0652,0.3075,-3.64,0.0828,0.0686,0.0354,9.39,Low,False,none
TRD0083827,TRD0087,CMP026,UGLJ,2026-04-20 12:24:56,BUY,ETF,Bracket Order,88094,1601.62,141093112.28,0.8503,-0.1581,5,24,0.6659,296.47,2747.86,False,-1.7345,False,False,0,0.1246,0.0972,-4.88,0.041,0.0557,0.1459,6.68,Low,False,none
TRD0023284,TRD0497,CMP027,BNLN,2025-11-07 15:14:57,BUY,Equity,Stop-Loss,210214,267.78,56291104.92,3.8313,4.0244,2,18,2.4945,12.96,9999.0,True,4.9146,False,False,0,0.5468,0.4946,-1.12,0.5814,0.8563,0.6488,66.53,Medium,True,layering
TRD0019197,TRD0229,CMP049,JIRH,2025-11-19 10:33:04,BUY,ETF,Limit,17591,185.46,3262426.86,1.1145,1.493,1,12,1.3341,1678.0,9999.0,False,-1.1925,False,False,3,0.0525,0.328,8.24,0.0242,0.218,0.157,13.26,Low,False,none
TRD0076228,TRD0063,CMP025,JXOT,2025-11-09 12:50:18,SELL,Equity,Market,115130,214.44,24688477.2,3.9682,2.9799,4,15,1.9333,13.74,9999.0,True,3.8783,False,False,7,0.181,0.6313,0.87,0.9164,0.9137,0.6761,85.1,Critical,True,insider_trading
TRD0016013,TRD0248,CMP028,EZAB,2025-11-04 08:55:30,SELL,Equity,Cover Order,661870,1975.11,1307266055.7,10.5605,5.1096,5,4,1.9242,3.18,9999.0,True,4.6629,False,True,3,0.2946,0.4378,4.48,0.8721,0.7889,0.9536,81.59,High,True,insider_trading
TRD0011891,TRD0351,CMP016,FWEI,2025-12-16 17:59:57,BUY,Options,Market,549331,845.48,464448373.88,11.5032,4.1548,1,23,2.7802,1286.37,8.68,False,3.1365,True,True,5,0.4969,0.6234,2.19,0.8126,0.8134,0.6743,77.32,High,True,layering
TRD0053932,TRD0042,CMP002,JBDO,2026-02-18 16:41:22,BUY,Futures,Cover Order,684097,103.73,70961381.81,6.4605,5.4655,1,16,3.4058,34.83,1865.05,True,2.5717,True,True,7,0.0746,0.4561,0.54,0.5582,0.8962,0.6189,65.85,Medium,True,front_running
TRD0071687,TRD0270,CMP050,MCCS,2026-01-18 15:30:14,BUY,Equity,Market,7630,75.42,575454.6,1.3314,0.1058,5,20,1.5351,1182.33,843.34,False,-0.2111,False,False,0,0.0265,0.1047,-2.61,0.0951,0.2054,0.0484,12.21,Low,False,none
TRD0109236,TRD0132,CMP053,SVJO,2026-01-09 09:29:20,SELL,ETF,Cover Order,37242,1.24,46180.08,1.2704,-1.4433,2,23,1.3646,147.98,9999.0,False,-0.5558,False,False,1,0.0353,0.0439,4.72,0.0316,0.2257,0.0339,9.14,Low,False,none
TRD0082106,TRD0428,CMP018,YGCX,2025-10-06 10:33:06,SELL,ETF,Cover Order,27179,764.04,20765843.16,0.8582,-0.613,4,20,1.1884,2064.06,9999.0,False,-0.1517,False,False,0,0.0195,0.3781,-4.47,0.0138,0.0237,0.0379,5.68,Low,False,none
TRD0072770,TRD0101,CMP050,MCCS,2026-02-12 12:36:57,SELL,Futures,Limit,31406,124.86,3921353.16,1.1741,-0.4481,2,10,1.7448,585.22,1440.45,False,0.3288,True,False,0,0.1242,0.12,-2.58,0.021,0.0156,0.0356,3.15,Low,False,none
TRD0009769,TRD0005,CMP048,JGWJ,2025-11-21 14:18:05,SELL,Options,Market,143022,100.64,14393734.08,10.9668,6.5205,5,6,1.9193,22.56,9999.0,True,2.199,True,False,5,0.7164,0.2662,7.55,0.5392,0.8004,0.7575,62.3,Medium,True,pump_and_dump
TRD0087943,TRD0255,CMP029,OPWR,2026-05-05 08:23:46,SELL,ETF,Cover Order,338122,80.75,27303351.5,10.5163,5.8208,3,5,1.9884,49.57,1520.14,False,2.8224,False,True,5,0.8463,0.8046,0.07,0.9596,0.9198,0.656,88.66,Critical,True,pump_and_dump
TRD0048070,TRD0102,CMP043,QBPR,2026-01-28 12:27:10,BUY,ETF,Limit,14939,448.56,6701037.84,0.7086,-0.6215,5,11,1.3324,3.44,9999.0,True,-0.3728,False,False,1,0.078,0.1147,0.55,0.0841,0.2249,0.05,12.43,Low,False,none
TRD0073036,TRD0108,CMP043,QBPR,2026-03-22 11:02:35,SELL,Equity,Limit,129794,474.82,61628787.08,1.3912,-0.9903,2,22,0.6953,1309.04,1267.15,False,-0.5783,False,False,4,0.0152,0.2206,0.88,0.021,0.0562,0.1119,6.52,Low,False,none
TRD0015038,TRD0357,CMP029,OPWR,2025-10-25 15:02:05,SELL,ETF,Limit,76459,56.3,4304641.7,1.0605,-0.5131,5,14,0.8476,1437.59,9999.0,False,-1.5725,False,False,0,0.0461,0.1991,-0.4,0.0439,0.0213,0.0874,5.92,Low,False,none
TRD0107425,TRD0229,CMP052,QXXS,2026-01-30 13:41:18,SELL,Equity,Cover Order,19552,1814.09,35469087.68,1.0743,-0.4079,2,3,0.6785,806.81,1489.48,False,-0.7855,False,False,0,0.0218,0.328,-5.35,0.0517,0.0672,0.0207,7.93,Low,False,none
TRD0025403,TRD0302,CMP055,NKNY,2025-12-26 10:36:47,BUY,ETF,Market,47861,1064.64,50954735.04,5.1319,3.7259,2,16,1.9654,18.08,9999.0,True,3.5891,False,False,6,1.0214,0.2938,0.27,0.7062,0.8163,0.404,65.27,Medium,True,insider_trading
TRD0068288,TRD0202,CMP059,RFEI,2026-04-17 10:06:33,SELL,Equity,Limit,19870,91.28,1813733.6,1.2469,0.192,2,4,1.4782,1349.1,665.65,False,-0.2485,False,False,0,0.0139,0.0488,-1.73,0.0426,0.0522,0.0214,4.29,Low,False,none
TRD0021658,TRD0176,CMP001,LMTI,2026-06-11 11:48:33,SELL,ETF,Limit,89840,382.27,34343136.8,0.8744,-0.0756,4,23,1.2203,253.9,1140.99,False,-0.2078,False,False,2,0.1031,0.0972,6.69,0.0671,0.036,0.1072,6.68,Low,False,none
TRD0076957,TRD0009,CMP030,FHSA,2026-01-08 11:32:42,BUY,Equity,Market,2859,155.08,443373.72,0.7177,-0.5069,1,23,1.8867,3897.51,260.51,False,-0.0889,False,False,0,0.0915,0.0754,-3.86,0.1728,0.3132,0.1173,19.69,Low,False,none
TRD0079333,TRD0205,CMP036,UCCA,2025-11-17 07:06:08,BUY,ETF,Limit,73803,143.64,10601062.92,1.3361,-0.9784,3,7,1.3873,290.26,66.39,False,-0.423,False,True,0,0.0103,0.2051,-3.81,0.0585,0.0172,0.0495,5.94,Low,False,none
TRD0036971,TRD0042,CMP019,ADNW,2026-05-28 13:22:49,BUY,ETF,Stop-Loss,1024704,4.98,5103025.92,8.8637,6.8523,3,24,2.1065,44.89,400.57,True,3.7073,False,False,5,0.4992,0.4561,6.88,0.9203,0.9794,0.8671,88.36,Critical,True,circular_trading
TRD0086853,TRD0097,CMP045,BPXM,2026-05-31 10:16:05,SELL,Futures,Limit,345295,300.06,103609217.7,8.9757,6.7724,4,5,2.9261,16.96,944.92,True,4.2136,True,False,4,0.5515,0.8788,5.78,0.8196,0.7076,0.6142,76.11,High,True,pump_and_dump
TRD0020720,TRD0090,CMP053,SVJO,2026-03-12 14:47:49,SELL,ETF,Bracket Order,18747,60.05,1125757.35,3.4506,3.4102,5,12,3.1966,2.91,228.3,True,4.3291,False,False,4,0.9512,0.6416,0.54,0.968,0.971,0.8165,91.35,Critical,True,insider_trading
TRD0074644,TRD0414,CMP001,LMTI,2026-06-20 09:37:42,BUY,ETF,Market,6959,357.83,2490138.97,10.4606,4.9396,5,9,3.9649,40.08,1354.81,True,4.2549,False,False,3,0.3863,0.8918,6.75,0.8754,0.4066,0.6015,69.53,Medium,True,insider_trading
TRD0001242,TRD0334,CMP040,PWVJ,2026-03-27 16:45:34,SELL,Equity,Bracket Order,62531,9.03,564654.93,3.1406,4.6403,2,17,3.9417,3.92,293.92,True,2.6549,False,True,6,0.0552,0.1983,3.65,0.7481,0.5337,0.4846,58.93,Medium,True,insider_trading
TRD0084272,TRD0252,CMP012,INMT,2026-04-05 10:59:24,SELL,ETF,Bracket Order,345351,202.12,69802344.12,10.7075,3.3765,3,8,3.8003,1219.26,2.46,False,4.4705,False,False,5,0.0367,0.7888,7.34,0.9541,0.5689,0.4227,74.23,High,True,circular_trading
TRD0053914,TRD0090,CMP059,RFEI,2026-06-10 13:01:39,SELL,Options,Market,59521,68.27,4063498.67,9.1766,2.5536,2,15,2.353,50.19,1964.57,False,2.6277,True,False,6,0.4775,0.6416,2.22,0.97,0.9263,0.6718,87.93,Critical,True,spoofing
TRD0083175,TRD0359,CMP014,DJHR,2026-04-27 08:20:54,BUY,Equity,Cover Order,20554,89.65,1842666.1,3.4018,2.6504,3,9,2.5383,24.01,246.0,True,3.1487,False,True,7,0.1653,0.3502,6.61,0.6954,0.8382,0.5961,68.88,Medium,True,insider_trading
TRD0109901,TRD0167,CMP055,NKNY,2025-12-25 15:37:25,BUY,Futures,Cover Order,63768,1130.93,72117144.24,5.7627,5.2373,1,20,3.4222,37.07,9999.0,True,2.0134,True,False,4,0.6564,0.0611,3.67,0.5484,0.8245,0.4335,56.53,Medium,True,front_running
TRD0014126,TRD0318,CMP043,QBPR,2026-01-27 14:05:41,BUY,Options,Bracket Order,2324559,393.61,914969667.99,7.5007,4.6608,3,16,2.5488,25.8,9999.0,True,4.8429,True,False,1,0.49,0.2249,4.03,0.6709,0.8058,0.6804,66.82,Medium,True,insider_trading
TRD0025493,TRD0210,CMP020,IARJ,2026-04-21 15:13:37,BUY,ETF,Cover Order,153349,1079.82,165589317.18,7.6223,4.5515,1,16,1.7172,1.85,114.58,True,3.1283,False,False,1,0.5467,0.8977,3.84,0.9276,0.9202,0.9098,91.97,Critical,True,spoofing
TRD0026436,TRD0042,CMP029,OPWR,2026-03-02 18:44:50,BUY,Equity,Limit,1038853,87.81,91221681.93,9.6147,2.7792,3,13,3.0689,5.51,1304.72,True,4.8805,False,True,4,1.2252,0.4561,3.85,0.3413,0.8102,0.7997,56.22,Medium,True,front_running
TRD0105653,TRD0222,CMP025,JXOT,2025-11-29 13:06:02,BUY,ETF,Cover Order,169753,253.09,42962786.77,9.3498,6.2203,3,18,2.2178,12.49,466.52,True,4.8766,False,False,0,0.4548,0.7021,-0.42,0.6368,0.9185,0.3776,68.9,Medium,True,spoofing
TRD0103311,TRD0398,CMP023,OTXX,2025-12-31 09:51:02,BUY,ETF,Limit,56599,3214.09,181914279.91,3.9238,6.0608,3,6,3.9983,4.42,915.75,True,2.5783,False,False,1,0.795,0.152,5.88,0.6865,0.8997,0.5829,68.15,Medium,True,circular_trading
TRD0035162,TRD0385,CMP018,YGCX,2026-01-11 07:37:37,SELL,ETF,Market,43931,777.7,34165138.7,4.2342,6.0633,3,18,2.9339,51.44,261.02,False,2.7364,False,True,5,0.3408,0.69,6.73,0.938,0.9071,0.6373,85.88,Critical,True,spoofing
TRD0047426,TRD0223,CMP016,FWEI,2026-04-16 13:10:25,BUY,Futures,Market,59394,837.3,49730596.2,6.6129,5.2992,3,9,1.7374,22.29,843.21,True,2.1817,True,False,3,0.6014,0.2078,7.13,0.6237,0.8517,0.7396,66.79,Medium,True,layering
TRD0069146,TRD0097,CMP031,NGEI,2026-01-08 15:14:39,BUY,Equity,Limit,352615,487.26,171815184.9,6.8339,3.6491,1,5,2.4295,40.96,9999.0,True,2.6768,False,False,2,0.6912,0.8788,5.17,0.7359,0.9359,0.9338,83.99,High,True,layering
TRD0002104,TRD0210,CMP013,RXNL,2025-11-12 11:00:59,BUY,ETF,Stop-Loss,250654,116.21,29128501.34,10.9103,3.8383,4,2,3.2295,8.61,9999.0,True,4.3884,False,False,2,0.4158,0.8977,3.09,0.5452,0.7587,0.4318,62.75,Medium,True,insider_trading
TRD0067811,TRD0041,CMP031,NGEI,2026-01-09 12:35:39,BUY,Options,Stop-Loss,139936,474.12,66346456.32,5.4459,4.0847,5,15,1.6817,19.61,9999.0,True,4.4677,True,False,3,0.5184,0.862,8.15,0.8953,0.9623,0.8618,90.7,Critical,True,insider_trading
TRD0067757,TRD0475,CMP000,SPDZ,2026-05-26 17:59:26,SELL,Futures,Market,2264563,511.85,1159116571.55,7.9878,3.2072,5,4,2.9034,35.63,2040.91,True,2.7173,True,True,5,0.4,0.8184,8.38,0.9892,0.7522,0.8516,88.04,Critical,True,pump_and_dump
TRD0017779,TRD0147,CMP040,PWVJ,2025-12-13 14:25:58,SELL,ETF,Bracket Order,92396,6.69,618129.24,1.0435,1.6809,5,10,0.9641,1111.6,9999.0,False,-0.9517,False,False,3,0.0578,0.1613,0.94,0.0478,0.011,0.0115,4.27,Low,False,none
TRD0023278,TRD0354,CMP040,PWVJ,2025-10-28 12:49:04,BUY,ETF,Market,12115,0.23,2786.45,1.0373,-1.1412,2,6,0.616,2217.21,9999.0,False,0.6722,False,False,0,0.0373,0.202,-3.76,0.0043,0.1633,0.0517,7.89,Low,False,none
TRD0090705,TRD0128,CMP038,UXVA,2026-02-15 09:49:04,SELL,Equity,Limit,10293,647.83,6668114.19,1.2214,-0.7902,5,19,0.9986,144.63,952.32,False,0.6205,False,False,0,0.0917,0.0462,-1.48,0.0319,0.0754,0.0313,4.63,Low,False,none
TRD0109314,TRD0157,CMP025,JXOT,2026-05-17 10:07:05,SELL,Equity,Limit,8373,274.09,2294955.57,0.8772,-0.0059,2,3,1.0206,694.88,439.34,False,0.3307,False,False,4,0.1163,0.0355,2.61,0.0052,0.2115,0.1278,8.85,Low,False,none
TRD0027875,TRD0211,CMP048,JGWJ,2026-02-02 09:51:27,SELL,Equity,Bracket Order,2024,131.94,267046.56,1.0804,0.0118,5,8,1.5175,951.05,140.88,False,0.2295,False,False,0,0.0868,0.4793,-4.33,0.1989,0.1744,0.0253,19.36,Low,False,none
TRD0063880,TRD0303,CMP041,LXML,2026-04-18 09:34:13,BUY,Equity,Bracket Order,216545,494.3,107038193.5,7.6609,3.8783,1,20,2.0751,9999.0,6.55,False,4.8147,False,False,2,1.0849,0.1398,1.18,0.8312,0.6722,0.8946,72.39,High,True,spoofing
TRD0058340,TRD0312,CMP011,CGLO,2025-12-20 09:25:17,BUY,Equity,Bracket Order,484957,23.41,11352843.37,9.549,4.3722,5,24,3.5455,14.72,557.56,True,2.312,False,False,0,0.521,0.7761,-0.79,0.8634,0.8479,0.7905,83.91,High,True,spoofing
TRD0074825,TRD0157,CMP008,OIUY,2025-10-17 14:53:28,SELL,ETF,Cover Order,9351,911.44,8522875.44,1.1747,-1.4803,3,22,1.6779,1520.11,9999.0,False,-0.4791,False,False,0,0.1172,0.0355,-5.27,0.0243,0.1202,0.0238,5.41,Low,False,none
TRD0028393,TRD0184,CMP037,BUYO,2026-02-02 10:40:37,SELL,Options,Market,1536958,234.89,361016064.62,10.1745,3.4937,4,6,3.3747,26.76,9999.0,True,3.1484,True,False,1,0.3808,0.8894,5.72,0.9101,0.9676,0.7691,90.41,Critical,True,circular_trading
TRD0109307,TRD0090,CMP007,PZVF,2026-03-14 10:02:06,BUY,Equity,Cover Order,78664,47.37,3726313.68,11.8411,4.2133,1,16,2.8181,6.43,1072.01,True,4.2122,False,False,1,0.7197,0.6416,4.39,0.9487,0.9514,0.7569,89.0,Critical,True,insider_trading
TRD0106025,TRD0277,CMP025,JXOT,2026-01-06 14:49:36,BUY,Equity,Stop-Loss,23385,252.11,5895592.35,0.7264,-0.0817,4,13,1.6489,610.47,901.23,False,-1.3387,False,False,0,0.0367,0.1718,-7.04,0.0758,0.0145,0.0474,6.28,Low,False,none
TRD0068402,TRD0168,CMP022,TTZR,2026-03-02 10:11:59,SELL,Equity,Market,15751,421.61,6640779.11,1.5395,0.7795,5,23,1.0764,95.25,366.9,False,0.439,False,False,2,0.0874,0.2017,0.23,0.0743,0.0445,0.0324,7.18,Low,False,none
TRD0006028,TRD0325,CMP037,BUYO,2025-11-24 13:22:30,BUY,Equity,Limit,39686,228.99,9087697.14,1.072,0.2511,1,4,1.2301,1704.06,9999.0,False,-0.4966,False,False,7,0.0321,0.0684,0.7,0.0729,0.1093,0.0268,7.65,Low,False,none
TRD0062297,TRD0009,CMP049,JIRH,2026-05-02 12:16:06,SELL,ETF,Cover Order,5114,137.96,705527.44,1.329,-1.2361,4,18,1.2079,9999.0,2259.72,False,0.5297,False,False,7,0.004,0.0754,1.84,0.1017,0.1605,0.0781,11.32,Low,False,none
TRD0067764,TRD0333,CMP009,QWEI,2026-01-16 14:28:35,SELL,ETF,Limit,159434,128.8,20535099.2,1.1178,0.5194,3,17,1.112,1117.09,1070.44,False,0.3271,False,False,2,0.0741,0.0642,0.69,0.0084,0.1103,0.0126,4.52,Low,False,none
TRD0114479,TRD0195,CMP027,BNLN,2025-10-10 13:19:45,SELL,Options,Limit,152364,299.15,45579690.6,1.1232,-0.0289,4,16,1.1344,686.88,9999.0,False,0.7589,True,False,0,0.0226,0.1846,-6.11,0.2722,0.0775,0.0719,17.5,Low,False,none
TRD0036723,TRD0207,CMP031,NGEI,2026-01-31 09:10:11,BUY,Futures,Market,117349,474.28,55656283.72,6.6623,3.8777,5,17,2.5089,16.23,504.96,True,2.663,True,False,5,0.0833,0.5604,6.93,0.7114,0.714,0.6613,68.96,Medium,True,wash_trading
TRD0014835,TRD0388,CMP053,SVJO,2026-03-12 12:46:23,SELL,ETF,Stop-Loss,181537,47.42,8608484.54,4.8868,5.9867,1,16,2.7804,4.94,226.27,True,2.9035,False,False,3,0.4961,0.1024,4.25,0.7245,0.6597,0.9567,67.77,Medium,True,insider_trading
TRD0026054,TRD0138,CMP028,EZAB,2026-04-17 12:05:33,SELL,Equity,Cover Order,56050,1913.47,107249993.5,10.3175,3.4379,4,18,2.9619,36.64,49.74,True,3.5982,False,False,4,0.3571,0.1919,2.64,0.7769,0.6048,0.6762,65.17,Medium,True,layering
TRD0068468,TRD0157,CMP005,QSGC,2026-01-28 15:32:45,BUY,Options,Cover Order,5049,131.48,663842.52,0.5671,1.3916,5,2,0.6173,773.54,721.42,False,1.3103,True,False,0,0.0947,0.0355,-1.71,0.0129,0.0291,0.0367,2.36,Low,False,none
TRD0039674,TRD0315,CMP023,OTXX,2026-05-29 14:02:19,SELL,Equity,Market,2286,3170.53,7247831.58,0.7062,-0.8309,4,9,0.8294,9999.0,690.86,False,1.266,False,False,2,0.0668,0.4596,4.78,0.0689,0.1789,0.0869,14.37,Low,False,none
TRD0049002,TRD0045,CMP014,DJHR,2026-04-15 14:53:58,SELL,Equity,Bracket Order,121207,128.56,15582371.92,11.4493,5.221,5,7,2.1419,35.45,1448.19,True,4.544,False,False,2,0.8091,0.788,5.16,0.8895,0.9481,0.577,85.01,Critical,True,layering
TRD0029636,TRD0165,CMP033,CHAM,2025-10-21 13:42:32,BUY,Equity,Bracket Order,91426,1374.07,125625723.82,1.0627,0.6997,2,24,1.4823,707.36,9999.0,False,0.0539,False,False,0,0.1479,0.3813,-2.5,0.0966,0.1522,0.0323,13.21,Low,False,none
TRD0041849,TRD0385,CMP050,MCCS,2025-10-06 15:52:22,BUY,Equity,Stop-Loss,13935,77.18,1075503.3,1.3293,-1.745,4,24,1.8787,1652.29,9999.0,False,0.2323,False,False,7,0.1136,0.69,0.18,0.1482,0.0301,0.0176,14.74,Low,False,none
TRD0037689,TRD0460,CMP007,PZVF,2025-11-16 11:07:11,SELL,ETF,Market,103958,53.74,5586702.92,0.926,-0.6355,2,17,1.0218,1152.56,9999.0,False,0.8098,False,False,0,0.0293,0.1403,-4.48,0.0456,0.0628,0.0039,5.4,Low,False,none
TRD0087637,TRD0414,CMP022,TTZR,2026-05-14 13:13:37,BUY,ETF,Bracket Order,5045,398.43,2010079.35,7.2924,3.7606,3,21,3.8446,20.9,1659.77,True,2.4305,False,False,0,0.7634,0.8918,-5.74,0.8629,0.7855,0.4027,77.35,High,True,front_running
TRD0066775,TRD0081,CMP014,DJHR,2026-04-17 09:15:29,BUY,Futures,Limit,526734,89.3,47037346.2,10.4504,5.3617,4,4,2.438,263.1,6.91,False,2.3196,True,False,7,0.9062,0.233,4.59,0.7467,0.7803,0.5773,68.0,Medium,True,pump_and_dump
TRD0106019,TRD0261,CMP054,SCIM,2025-10-17 13:44:01,BUY,Equity,Cover Order,16721,184.91,3091880.11,1.0288,-0.7563,2,3,0.6669,340.06,9999.0,False,-1.1198,False,False,4,0.0583,0.1468,1.04,0.2705,0.062,0.0014,15.52,Low,False,none
TRD0017232,TRD0309,CMP008,OIUY,2025-12-01 13:31:49,SELL,Equity,Stop-Loss,40974,883.45,36198480.3,0.8369,-1.3297,1,11,0.5245,441.47,9999.0,False,-0.1878,False,False,4,0.0533,0.2159,5.59,0.0388,0.0845,0.0714,7.51,Low,False,none
TRD0039172,TRD0475,CMP004,KQZJ,2026-06-16 14:25:39,SELL,ETF,Bracket Order,3664651,99.61,365035886.11,11.587,6.8068,4,3,2.3085,19.09,916.84,True,4.5932,False,False,0,0.5498,0.8184,-0.65,0.8711,0.9927,0.7525,88.45,Critical,True,pump_and_dump
TRD0095773,TRD0307,CMP032,MXGK,2025-10-05 10:25:55,BUY,Equity,Stop-Loss,9789,1129.97,11061276.33,1.064,0.533,4,14,1.2371,765.49,9999.0,False,0.0869,False,False,6,0.0099,0.2444,2.05,0.0493,0.0007,0.0084,4.81,Low,False,none
TRD0034734,TRD0390,CMP046,LUQA,2026-05-14 10:42:40,BUY,Equity,Cover Order,81320,182.26,14821383.2,8.3205,3.5875,4,12,2.7817,29.45,422.64,True,3.4345,False,False,0,0.5141,0.6803,-0.11,0.8669,0.6651,0.6234,75.12,High,True,layering
TRD0074482,TRD0077,CMP047,VBOF,2026-02-07 09:27:03,BUY,Equity,Cover Order,129629,229.84,29793929.36,4.5037,6.1366,2,4,2.5991,31.2,138.92,True,2.2395,False,False,1,0.3424,0.4257,1.56,0.929,0.8298,0.9485,85.18,Critical,True,insider_trading
TRD0064503,TRD0351,CMP027,BNLN,2025-12-29 08:38:48,SELL,Options,Bracket Order,249787,263.39,65791397.93,4.2549,3.5375,1,4,1.9723,5.43,314.93,True,4.2572,True,True,0,0.7968,0.6234,-0.59,0.9492,0.9746,0.8813,91.41,Critical,True,front_running
TRD0066436,TRD0372,CMP012,INMT,2026-04-03 15:26:49,SELL,ETF,Limit,204426,229.15,46844217.9,6.9085,5.8335,4,23,1.6605,41.08,1456.04,True,4.3555,False,False,5,0.3135,0.5577,1.13,0.9635,0.9725,0.7096,88.75,Critical,True,insider_trading
TRD0014020,TRD0462,CMP047,VBOF,2026-06-13 12:34:09,SELL,ETF,Bracket Order,334312,239.67,80124557.04,8.2876,4.2371,1,21,3.6271,12.87,1048.56,True,2.4784,False,False,7,0.3191,0.5748,6.71,0.6767,0.9221,0.4305,70.32,High,True,front_running
TRD0002643,TRD0460,CMP052,QXXS,2026-02-18 10:52:35,BUY,ETF,Limit,161458,1779.74,287353260.92,1.2204,0.3371,5,14,1.8933,353.62,1942.67,False,1.0586,False,False,5,0.0827,0.1403,3.76,0.0312,0.0897,0.0945,6.92,Low,False,none
TRD0100957,TRD0008,CMP034,SIHG,2025-11-01 13:29:47,SELL,ETF,Limit,21992,328.73,7229430.16,0.8102,-0.5031,4,16,1.1403,634.75,6.47,False,0.0471,False,False,6,0.0775,0.1415,5.99,0.0654,0.0313,0.0148,5.52,Low,False,none
TRD0023217,TRD0042,CMP004,KQZJ,2026-06-16 11:51:59,SELL,Equity,Limit,442933,119.95,53129813.35,3.6401,2.7365,5,14,3.1254,21.65,914.28,True,4.867,False,False,6,0.2718,0.4561,7.41,0.3664,0.7745,0.707,54.89,Medium,True,spoofing
TRD0085092,TRD0090,CMP054,SCIM,2026-01-09 09:52:39,SELL,ETF,Bracket Order,7125,157.77,1124111.25,1.0379,0.1734,5,17,1.0537,3287.84,1672.08,False,-1.0157,False,False,3,0.0707,0.6416,5.23,0.0642,0.0931,0.0023,12.13,Low,False,none
TRD0071213,TRD0016,CMP012,INMT,2025-12-19 12:55:41,BUY,Equity,Limit,60235,197.66,11906050.1,0.7921,0.1687,2,23,0.9759,1066.48,9999.0,False,0.298,False,False,1,0.1528,0.1939,0.86,0.2095,0.0098,0.0654,12.64,Low,False,none
TRD0047215,TRD0284,CMP048,JGWJ,2026-01-26 15:56:42,BUY,Options,Bracket Order,1106132,104.45,115535487.4,10.7277,3.7845,3,24,3.7848,21.03,1563.08,True,4.7528,True,False,3,0.255,0.0834,2.48,0.8004,0.4619,0.9088,64.34,Medium,True,spoofing
TRD0089302,TRD0184,CMP011,CGLO,2025-12-20 17:44:40,BUY,Options,Cover Order,1078220,70.5,76014510.0,6.5567,6.8827,5,7,2.371,6.4,565.88,True,3.8035,True,True,7,0.4596,0.8894,6.6,0.8817,0.9423,0.7417,87.96,Critical,True,pump_and_dump
TRD0013589,TRD0450,CMP057,PNYK,2026-04-28 13:33:29,BUY,Equity,Bracket Order,92921,77.51,7202306.71,0.9955,-0.1546,3,5,1.4287,1118.07,28.05,False,-0.4566,False,False,0,0.0386,0.0638,-3.65,0.0818,0.0539,0.0751,7.06,Low,False,none
TRD0038982,TRD0377,CMP031,NGEI,2025-10-05 12:56:43,SELL,Equity,Market,4275,440.85,1884633.75,0.677,0.7537,3,15,1.9296,2323.26,9999.0,False,1.934,False,False,0,0.1257,0.1981,-0.19,0.1818,0.0315,0.0791,12.29,Low,False,none
TRD0048492,TRD0357,CMP051,NQWS,2026-06-22 11:12:11,BUY,ETF,Limit,57876,5.9,341468.4,0.8448,-0.1293,4,18,0.7885,9999.0,639.88,False,0.3493,False,False,0,0.0066,0.1991,-1.26,0.0447,0.0278,0.3003,9.34,Low,False,none
TRD0040443,TRD0245,CMP026,UGLJ,2026-04-05 12:27:40,SELL,ETF,Limit,2276,1565.7,3563533.2,0.6984,-0.3724,3,23,1.2538,656.42,2387.9,False,1.2096,False,False,5,0.1229,0.169,5.24,0.0566,0.0804,0.0129,6.84,Low,False,none
TRD0029215,TRD0310,CMP052,QXXS,2025-10-08 16:56:05,BUY,ETF,Market,21762,1788.15,38913720.3,1.9892,-1.8548,1,14,0.8034,759.43,9999.0,False,0.2448,False,True,5,0.0653,0.0502,0.24,0.0936,0.0831,0.0427,7.85,Low,False,none
TRD0112148,TRD0217,CMP030,FHSA,2026-03-07 09:19:31,SELL,Equity,Cover Order,7575,106.06,803404.5,0.981,0.6438,2,11,1.5752,2507.73,1650.29,False,-0.7779,False,False,2,0.0234,0.3467,6.89,0.1566,0.0746,0.0391,13.34,Low,False,none
TRD0076900,TRD0097,CMP058,JGPO,2025-12-01 15:03:44,BUY,ETF,Stop-Loss,416088,331.91,138103768.08,8.8875,5.2042,1,10,2.3849,50.77,9999.0,False,4.775,False,False,4,0.0285,0.8788,5.12,0.9364,0.8811,0.7108,88.02,Critical,True,insider_trading
TRD0112378,TRD0063,CMP012,INMT,2026-02-01 08:51:54,BUY,Equity,Bracket Order,247159,231.12,57123388.08,6.8126,5.0474,4,8,1.7802,14.55,9999.0,True,3.8025,False,True,1,0.2373,0.6313,4.41,0.9742,0.9213,0.534,85.8,Critical,True,spoofing
TRD0059860,TRD0255,CMP044,UDJH,2025-12-31 09:06:26,BUY,Equity,Limit,138926,26.17,3635693.42,5.0509,3.3915,4,1,2.7876,429.11,3.79,False,2.5959,False,False,1,0.7367,0.8046,2.99,0.9299,0.8969,0.7581,88.17,Critical,True,wash_trading
TRD0039880,TRD0204,CMP014,DJHR,2026-06-26 09:35:37,BUY,Equity,Market,35960,105.93,3809242.8,1.6221,-0.2517,3,22,1.8658,9999.0,1417.23,False,-0.5773,False,False,0,0.0556,0.2099,-6.47,0.1435,0.1053,0.0234,12.07,Low,False,none
TRD0061004,TRD0273,CMP024,GGME,2026-03-27 12:30:51,SELL,Equity,Stop-Loss,241606,75.92,18342727.52,11.4895,6.1368,5,18,3.1886,9999.0,10.37,False,3.0369,False,False,5,0.2904,0.3135,4.64,0.9603,0.8082,0.606,79.68,High,True,wash_trading
TRD0087521,TRD0233,CMP002,JBDO,2025-10-01 14:11:02,SELL,ETF,Stop-Loss,3236,71.71,232053.56,1.0268,0.8657,1,10,1.6951,1497.45,9999.0,False,-0.1703,False,False,0,0.0225,0.2491,-2.5,0.0455,0.0701,0.0508,7.4,Low,False,none
TRD0110289,TRD0351,CMP026,UGLJ,2026-05-08 18:06:36,SELL,ETF,Cover Order,521792,1544.35,805829475.2,11.6378,4.0502,4,6,2.0794,17.81,141.22,True,4.0732,False,True,3,0.4809,0.6234,2.81,0.4416,0.7557,0.7756,60.41,Medium,True,pump_and_dump
TRD0067374,TRD0452,CMP025,JXOT,2026-03-20 11:40:54,BUY,Equity,Limit,15686,196.19,3077436.34,0.6668,0.2536,4,13,1.6511,951.09,1138.39,False,-1.9382,False,False,3,0.0554,0.0701,5.72,0.0819,0.0561,0.06,6.97,Low,False,none
TRD0020194,TRD0412,CMP051,NQWS,2025-11-26 18:32:25,BUY,ETF,Limit,363524,12.96,4711271.04,5.8768,5.9708,5,6,3.4709,29.06,9999.0,True,4.4824,False,True,5,0.1097,0.5609,5.66,0.706,0.7426,0.6538,69.46,Medium,True,spoofing
TRD0072197,TRD0143,CMP012,INMT,2026-06-12 13:03:20,SELL,ETF,Cover Order,21045,199.05,4189007.25,1.6651,-0.4045,1,15,0.569,9999.0,414.81,False,0.1074,False,False,5,0.0493,0.1682,1.21,0.0122,0.1686,0.0338,7.8,Low,False,none
TRD0089386,TRD0429,CMP041,LXML,2026-02-02 15:23:18,SELL,ETF,Stop-Loss,110867,423.5,46952174.5,5.5737,4.3176,4,8,2.6884,11.11,626.27,True,4.6669,False,False,2,0.5156,0.1157,2.68,0.8365,0.7699,0.5471,70.1,High,True,layering
TRD0075283,TRD0384,CMP050,MCCS,2026-03-18 11:16:32,BUY,Equity,Bracket Order,14581,91.8,1338535.8,1.1718,-0.9898,4,7,1.4534,32.23,229.44,True,0.582,False,False,3,0.0742,0.1359,4.01,0.0116,0.0757,0.04,4.75,Low,False,none
TRD0090260,TRD0184,CMP013,RXNL,2026-03-03 15:24:23,BUY,Options,Limit,679908,120.41,81867722.28,5.4856,5.5978,5,5,3.4541,31.9,1308.06,True,4.2422,True,False,3,0.5072,0.8894,1.62,0.9181,0.8398,0.7906,87.26,Critical,True,insider_trading
TRD0034950,TRD0046,CMP028,EZAB,2026-04-14 11:43:02,BUY,Futures,Cover Order,33975,1968.76,66888621.0,7.5988,6.8049,1,13,3.9706,22.64,3863.61,True,3.0144,True,False,7,0.014,0.3065,0.05,0.9425,0.7713,0.7924,80.5,High,True,layering
TRD0050218,TRD0312,CMP040,PWVJ,2026-01-28 09:22:14,BUY,Futures,Stop-Loss,358207,71.81,25722844.67,6.4689,2.9329,3,23,2.7222,12.66,9999.0,True,4.8418,True,False,7,0.5911,0.7761,2.06,0.7192,0.6364,0.3556,64.55,Medium,True,insider_trading
TRD0023760,TRD0064,CMP041,LXML,2025-12-18 09:03:00,SELL,Equity,Limit,107774,477.17,51426519.58,6.9825,4.8223,1,22,1.7482,22.9,184.22,True,2.4712,False,False,6,0.2803,0.2334,1.66,0.5409,0.5272,0.6134,51.69,Medium,True,insider_trading
TRD0103212,TRD0461,CMP000,SPDZ,2026-01-24 15:27:50,SELL,Futures,Stop-Loss,140154,452.37,63401464.98,7.6609,6.765,1,18,3.8784,26.5,16.21,True,3.5214,True,False,2,0.3309,0.0751,1.52,0.7756,0.915,0.7274,74.01,High,True,layering
TRD0011346,TRD0004,CMP027,BNLN,2025-12-26 13:34:02,BUY,ETF,Limit,45566,282.78,12885153.48,1.9699,-0.0292,1,24,1.5468,72.51,247.85,False,-1.201,False,False,0,0.0722,0.1249,-3.94,0.2187,0.0096,0.1608,13.79,Low,False,none
TRD0103327,TRD0097,CMP047,VBOF,2025-11-01 14:42:17,SELL,Futures,Cover Order,317086,241.34,76525535.24,7.7838,4.8402,1,18,2.7269,30.87,9999.0,True,4.9274,True,False,7,0.6967,0.8788,0.5,0.8908,0.8286,0.9208,87.54,Critical,True,front_running
TRD0082107,TRD0304,CMP053,SVJO,2025-12-11 09:09:47,SELL,Equity,Limit,5888,13.71,80724.48,1.2419,-1.4822,2,11,0.921,844.3,9999.0,False,0.3387,False,False,0,0.0513,0.0816,-0.61,0.097,0.672,0.0489,26.07,Low,False,none
TRD0035500,TRD0075,CMP051,NQWS,2025-12-28 12:55:15,BUY,Equity,Market,20721,0.23,4765.83,0.7643,-0.0561,2,17,0.8605,849.52,733.32,False,0.1769,False,False,4,0.0433,0.1644,2.68,0.08,0.0587,0.0215,7.33,Low,False,none
TRD0024857,TRD0248,CMP020,IARJ,2026-02-26 10:14:01,BUY,Futures,Market,199624,1063.8,212360011.2,3.4723,5.1656,3,3,2.0985,26.68,785.06,True,3.5187,True,False,5,0.2667,0.4378,0.26,0.6432,0.6498,0.3428,57.96,Medium,True,pump_and_dump
TRD0079893,TRD0073,CMP018,YGCX,2025-12-11 15:21:31,SELL,ETF,Stop-Loss,1628,745.02,1212892.56,0.5262,0.2261,3,3,0.9171,475.25,9999.0,False,0.5803,False,False,5,0.0487,0.1504,3.37,0.0664,0.0645,0.0219,6.76,Low,False,none
TRD0060902,TRD0312,CMP048,JGWJ,2026-05-27 09:01:53,SELL,ETF,Stop-Loss,226821,133.68,30321431.28,4.9834,3.3238,2,7,2.3885,19.49,87.32,True,2.2513,False,False,6,0.3255,0.7761,2.11,0.653,0.7006,0.8271,70.57,High,True,pump_and_dump
TRD0011452,TRD0275,CMP052,QXXS,2026-05-29 14:41:07,BUY,Equity,Limit,54744,1801.41,98616389.04,0.8794,-1.3547,3,21,1.7037,310.19,1078.37,False,-0.2185,False,False,1,0.0162,0.3232,2.75,0.1207,0.137,0.0084,12.9,Low,False,none
TRD0080065,TRD0162,CMP035,AQPF,2026-06-18 09:32:33,SELL,ETF,Market,25409,1010.93,25686720.37,1.187,1.6676,4,15,0.978,18.29,274.36,True,-0.0571,False,False,6,0.1008,0.2769,4.03,0.1912,0.039,0.0862,13.84,Low,False,none
TRD0027360,TRD0042,CMP003,NCBQ,2026-02-14 15:01:27,SELL,Options,Market,536353,144.36,77427919.08,4.5622,4.5017,2,7,2.444,18.31,94.47,True,4.2417,True,False,5,0.0382,0.4561,5.58,0.7809,0.5019,0.5554,63.09,Medium,True,insider_trading
TRD0039495,TRD0376,CMP011,CGLO,2025-12-18 11:15:51,BUY,ETF,Cover Order,16295,37.93,618069.35,1.0946,0.9456,5,3,1.2068,60.88,511.4,False,0.6726,False,False,0,0.044,0.0421,-4.99,0.0462,0.1691,0.1291,9.51,Low,False,none
TRD0092714,TRD0035,CMP047,VBOF,2026-02-08 14:17:49,BUY,Equity,Limit,349215,275.51,96212224.65,10.4046,5.6083,1,12,2.4131,2.35,167.77,True,4.119,False,False,1,0.3992,0.2032,7.97,0.8966,0.8609,0.6634,78.16,High,True,insider_trading
TRD0113572,TRD0167,CMP001,LMTI,2025-12-23 11:49:11,BUY,Equity,Bracket Order,119143,347.54,41406958.22,10.7835,6.2642,2,2,2.0504,0.64,9999.0,True,2.2327,False,False,2,0.4039,0.0611,3.93,0.82,0.9068,0.689,75.05,High,True,pump_and_dump
TRD0018852,TRD0443,CMP010,VTWH,2025-10-09 12:48:24,BUY,ETF,Bracket Order,1846,62.9,116113.4,0.8203,-0.0709,4,20,0.5611,897.86,9999.0,False,-0.2586,False,False,2,0.0254,0.4591,3.01,0.0338,0.0569,0.1376,9.88,Low,False,none
TRD0110230,TRD0096,CMP027,BNLN,2025-11-07 08:37:40,BUY,ETF,Cover Order,36550,252.3,9221565.0,4.8155,3.3968,2,6,2.2131,19.58,9999.0,True,3.3363,False,True,5,0.0891,0.3709,2.88,0.9105,0.6145,0.4158,69.35,Medium,True,layering
TRD0024990,TRD0038,CMP000,SPDZ,2026-01-22 17:27:33,SELL,Options,Market,175529,478.29,83953765.41,8.8713,5.1674,5,21,2.1515,29.8,9999.0,True,4.1786,True,True,2,0.7133,0.1403,3.56,0.6965,0.8167,0.5422,65.38,Medium,True,insider_trading
TRD0026382,TRD0226,CMP030,FHSA,2025-12-08 10:11:00,BUY,Equity,Cover Order,142751,93.17,13300110.67,9.0715,2.8211,5,5,2.1156,39.64,9999.0,True,3.418,False,False,3,0.5491,0.2349,0.6,0.6483,0.756,0.8031,66.25,Medium,True,wash_trading
TRD0119395,TRD0152,CMP051,NQWS,2026-05-27 08:08:05,BUY,ETF,Cover Order,7223,54.33,392425.59,0.7056,2.0923,2,5,1.2444,9999.0,12.81,False,-0.2087,False,True,4,0.0127,0.4359,0.79,0.016,0.0307,0.0112,6.17,Low,False,none
TRD0067840,TRD0322,CMP004,KQZJ,2026-04-05 13:12:30,BUY,ETF,Limit,14252,154.04,2195378.08,1.3682,-0.2014,4,22,1.3447,812.38,2820.4,False,0.7047,False,False,0,0.0122,0.1693,-1.18,0.1432,0.1234,0.0254,12.22,Low,False,none
TRD0016070,TRD0242,CMP038,UXVA,2026-05-23 15:14:09,SELL,Equity,Bracket Order,5810,664.84,3862720.4,1.4026,-0.3933,4,7,0.646,56.97,363.94,False,0.169,False,False,2,0.0815,0.4246,3.33,0.0629,0.1345,0.0089,11.24,Low,False,none
TRD0095489,TRD0241,CMP006,XBFQ,2025-10-17 10:11:32,SELL,ETF,Market,102121,53.44,5457346.24,0.8068,0.1287,5,22,1.992,2930.43,9999.0,False,0.7773,False,False,0,0.0628,0.0847,-1.27,0.0986,0.0672,0.0103,7.45,Low,False,none
TRD0010930,TRD0050,CMP040,PWVJ,2025-12-29 17:39:40,SELL,Futures,Limit,16113,22.33,359803.29,1.1419,-0.4396,2,18,1.0483,724.37,9999.0,False,-0.9877,True,True,1,0.0591,0.6006,0.01,0.0941,0.0051,0.051,11.16,Low,False,none
TRD0096502,TRD0367,CMP005,QSGC,2026-02-24 08:13:19,BUY,Equity,Limit,59853,136.39,8163350.67,0.6538,0.0181,4,20,1.8684,132.87,1362.1,False,0.3333,False,True,1,0.0329,0.094,0.86,0.0204,0.1148,0.0126,5.49,Low,False,none
TRD0065930,TRD0167,CMP013,RXNL,2025-12-29 11:57:28,SELL,Equity,Cover Order,13889,111.75,1552095.75,1.21,-0.4298,2,17,1.4023,231.39,1120.33,False,-0.7838,False,False,4,0.0161,0.0611,3.2,0.0045,0.0229,0.0355,2.03,Low,False,none
TRD0097933,TRD0121,CMP022,TTZR,2026-01-29 12:35:11,SELL,ETF,Limit,15880,436.56,6932572.8,1.0276,-0.077,3,13,1.9461,398.71,998.5,False,-0.6835,False,False,5,0.0347,0.2252,3.06,0.0067,0.0289,0.0134,3.62,Low,False,none
TRD0114184,TRD0210,CMP059,RFEI,2025-11-17 17:11:40,BUY,Futures,Bracket Order,125729,33.97,4271014.13,6.6366,2.7929,1,16,1.8367,588.17,4.6,False,4.6605,True,True,1,0.9261,0.8977,3.57,0.8263,0.7006,0.6905,77.54,High,True,insider_trading
TRD0040881,TRD0418,CMP004,KQZJ,2026-06-20 13:01:04,SELL,Equity,Bracket Order,4449,125.87,559995.63,0.6095,0.2723,5,8,1.6187,9999.0,75.5,False,0.168,False,False,0,0.011,0.2915,-2.36,0.0239,0.0395,0.0063,5.27,Low,False,none
TRD0010027,TRD0475,CMP010,VTWH,2025-10-03 14:40:11,BUY,ETF,Limit,466675,74.99,34995958.25,1.3186,1.4132,5,11,1.8225,1040.0,9999.0,False,0.9765,False,False,6,0.0768,0.8184,6.21,0.1842,0.0721,0.0459,19.32,Low,False,none
TRD0083891,TRD0090,CMP009,QWEI,2026-05-27 08:25:14,BUY,Options,Market,70300,105.16,7392748.0,10.6004,5.2419,5,13,3.5962,2.39,448.32,True,2.4623,True,True,7,0.4368,0.6416,3.83,0.9049,0.8785,0.8062,85.58,Critical,True,circular_trading
TRD0106771,TRD0146,CMP010,VTWH,2026-06-14 14:05:32,SELL,ETF,Stop-Loss,108589,82.56,8965107.84,1.2175,0.9347,4,14,0.9706,9999.0,2107.45,False,-0.3969,False,False,2,0.1063,0.2545,4.57,0.1341,0.064,0.0124,10.69,Low,False,none
TRD0095614,TRD0317,CMP011,CGLO,2026-01-26 10:09:44,BUY,ETF,Stop-Loss,14081,51.62,726861.22,1.1011,0.5824,2,21,1.2548,1893.84,874.02,False,0.1221,False,False,3,0.017,0.2666,2.1,0.0443,0.0901,0.1287,9.29,Low,False,none
TRD0076434,TRD0475,CMP006,XBFQ,2026-03-19 08:02:02,SELL,ETF,Cover Order,1359863,80.67,109700148.21,4.0663,6.8942,3,5,1.9838,38.28,739.41,True,4.8668,False,True,2,0.3545,0.8184,0.72,0.8408,0.9144,0.9171,87.21,Critical,True,insider_trading
TRD0041234,TRD0360,CMP011,CGLO,2026-03-29 09:51:04,BUY,Equity,Stop-Loss,17081,43.1,736191.1,0.7771,0.4292,3,11,1.0376,406.15,2361.71,False,-0.1394,False,False,0,0.0642,0.1136,-0.33,0.155,0.1294,0.0911,13.36,Low,False,none
TRD0042204,TRD0210,CMP038,UXVA,2026-02-19 13:27:37,SELL,Equity,Stop-Loss,282114,628.15,177209909.1,11.583,3.1784,1,21,3.0878,44.99,1051.96,True,3.9402,False,False,2,0.4938,0.8977,1.91,0.8626,0.9712,0.6502,86.68,Critical,True,spoofing
TRD0086877,TRD0081,CMP015,WXZK,2026-01-21 11:27:07,SELL,ETF,Bracket Order,34282,613.02,21015551.64,0.5465,0.598,1,15,1.3098,370.19,1400.26,False,-0.2819,False,False,0,0.0812,0.233,-4.16,0.0234,0.3047,0.1439,14.68,Low,False,none
TRD0101512,TRD0131,CMP031,NGEI,2026-03-28 13:21:05,SELL,Equity,Limit,145050,463.52,67233576.0,0.9158,-0.4115,3,12,1.0703,158.04,1331.95,False,-0.1793,False,False,0,0.0077,0.3332,-4.79,0.0399,0.0412,0.0695,7.41,Low,False,none
TRD0016876,TRD0306,CMP005,QSGC,2026-02-25 09:41:20,SELL,ETF,Stop-Loss,22686,108.01,2450314.86,1.3943,0.0568,3,4,1.7357,107.4,1387.56,False,-0.1505,False,False,0,0.0328,0.078,-0.3,0.0277,0.3268,0.1851,14.61,Low,False,none
TRD0114666,TRD0233,CMP053,SVJO,2026-03-02 14:59:50,SELL,Equity,Limit,37131,61.94,2299894.14,9.6799,4.5927,5,1,2.2813,2.11,1105.53,True,2.5554,False,False,1,0.1408,0.2491,8.39,0.7857,0.7626,0.8035,72.78,High,True,wash_trading
TRD0111331,TRD0326,CMP029,OPWR,2026-05-17 10:05:09,BUY,Equity,Stop-Loss,26701,115.63,3087436.63,0.9737,-0.2715,5,17,1.9988,9999.0,240.12,False,0.2626,False,False,0,0.1456,0.391,-1.54,0.0438,0.0342,0.0009,6.92,Low,False,none
TRD0110844,TRD0331,CMP029,OPWR,2025-11-13 17:14:28,SELL,Equity,Bracket Order,11333,63.42,718738.86,0.8913,0.5074,5,16,1.5333,979.38,9999.0,False,-0.6536,False,True,2,0.0008,0.0472,4.09,0.0058,0.0123,0.0128,1.29,Low,False,none
TRD0091125,TRD0017,CMP011,CGLO,2026-02-20 15:12:32,SELL,ETF,Cover Order,188048,80.39,15117178.72,1.0811,-0.2167,3,14,1.7809,1288.79,1479.07,False,-0.3715,False,False,5,0.0012,0.2219,1.05,0.0598,0.0313,0.0261,6.24,Low,False,none
TRD0017715,TRD0377,CMP013,RXNL,2026-01-14 18:38:25,BUY,Equity,Limit,5053,117.17,592060.01,0.8059,-1.4999,5,5,1.229,1180.66,159.3,False,0.6954,False,True,0,0.1389,0.1981,-3.27,0.0847,0.0765,0.0533,8.89,Low,False,none
TRD0010490,TRD0269,CMP042,EKVN,2026-05-10 12:55:59,SELL,ETF,Stop-Loss,32953,210.65,6941549.45,1.1197,0.1911,1,1,1.5605,698.37,196.72,False,-0.4577,False,False,5,0.0158,0.1493,4.11,0.1769,0.318,0.0597,19.89,Low,False,none
TRD0074365,TRD0042,CMP059,RFEI,2026-03-04 11:32:40,BUY,ETF,Cover Order,501542,64.17,32183950.14,4.7902,5.5184,4,23,3.9279,46.65,802.17,True,2.8344,False,False,3,0.2711,0.4561,1.07,0.5912,0.8524,0.4705,63.79,Medium,True,insider_trading
TRD0054856,TRD0248,CMP040,PWVJ,2026-03-13 14:42:04,BUY,Options,Stop-Loss,558266,31.59,17635622.94,8.4,3.9097,1,6,3.8726,44.13,1048.67,True,4.773,True,False,7,0.1659,0.4378,2.41,0.4057,0.792,0.3405,51.5,Medium,True,spoofing
TRD0035109,TRD0131,CMP011,CGLO,2025-11-05 13:18:47,SELL,ETF,Stop-Loss,1678973,58.52,98253499.96,10.362,6.5423,5,1,2.2688,20.57,48.33,True,4.0784,False,False,6,0.2498,0.3332,3.15,0.6942,0.4343,0.917,61.36,Medium,True,spoofing
TRD0027613,TRD0282,CMP027,BNLN,2026-01-10 12:23:57,SELL,ETF,Bracket Order,144057,291.0,41920587.0,1.0702,-1.3623,3,2,1.414,3747.71,286.32,False,-0.2746,False,False,6,0.0639,0.2692,3.07,0.0232,0.0297,0.0337,5.13,Low,False,none
TRD0096751,TRD0484,CMP044,UDJH,2025-11-27 13:46:22,SELL,ETF,Limit,46756,65.52,3063453.12,0.8836,0.0038,1,23,0.5977,807.55,9999.0,False,0.0548,False,False,7,0.0069,0.0693,7.83,0.0468,0.0417,0.104,5.61,Low,False,none
TRD0012959,TRD0277,CMP006,XBFQ,2026-03-27 13:40:22,BUY,Equity,Cover Order,25544,75.76,1935213.44,1.1198,-1.4668,2,7,1.4635,102.13,159.36,False,-0.3184,False,False,4,0.0693,0.1718,1.7,0.0126,0.0351,0.0202,3.64,Low,False,none
TRD0046555,TRD0207,CMP032,MXGK,2026-02-25 13:06:56,BUY,Equity,Bracket Order,157670,1139.25,179625547.5,10.7586,4.7266,2,3,2.8322,41.27,658.78,True,4.7141,False,False,3,0.0863,0.5604,5.63,0.8346,0.6844,0.4766,70.84,High,True,circular_trading
TRD0031685,TRD0267,CMP034,SIHG,2025-11-08 12:17:26,BUY,Equity,Cover Order,13809,330.44,4563045.96,1.507,0.7728,3,15,1.597,467.96,173.26,False,-0.0208,False,False,3,0.111,0.0894,10.42,0.0743,0.0387,0.0033,5.45,Low,False,none
TRD0003087,TRD0197,CMP018,YGCX,2026-02-21 11:28:17,BUY,ETF,Cover Order,22285,745.92,16622827.2,1.1723,-0.7583,2,15,0.517,199.3,936.41,False,-0.2793,False,False,4,0.009,0.1615,2.03,0.0942,0.0143,0.1667,8.78,Low,False,none
TRD0083709,TRD0336,CMP024,GGME,2025-12-28 15:44:19,BUY,ETF,Bracket Order,280522,43.3,12146602.6,6.8044,5.959,4,2,3.817,7.92,9999.0,True,2.2931,False,False,6,0.5313,0.7178,7.54,0.8505,0.9737,0.7948,86.58,Critical,True,wash_trading
TRD0014748,TRD0297,CMP052,QXXS,2026-03-11 12:50:42,BUY,Equity,Stop-Loss,138324,1782.23,246525182.52,0.6103,0.121,5,13,0.8346,819.47,152.34,False,-1.1144,False,False,7,0.0164,0.44,1.14,0.0877,0.0009,0.0252,8.75,Low,False,none
TRD0115787,TRD0298,CMP058,JGPO,2025-10-31 14:32:52,BUY,Equity,Stop-Loss,12102,334.03,4042431.06,0.9314,0.2363,2,3,1.5717,795.29,9999.0,False,0.0406,False,False,1,0.0477,0.3081,0.39,0.0219,0.0451,0.0738,6.53,Low,False,none
TRD0094026,TRD0041,CMP048,JGWJ,2026-04-14 10:15:23,BUY,Equity,Limit,108800,129.78,14120064.0,5.091,6.3511,4,24,3.7468,35.41,753.35,True,4.0364,False,False,6,0.7072,0.862,0.46,0.9591,0.8303,0.6917,87.06,Critical,True,pump_and_dump
TRD0035036,TRD0413,CMP035,AQPF,2025-11-05 13:49:08,BUY,ETF,Market,46853,1053.0,49336209.0,1.0649,1.0236,3,8,1.0555,281.35,9999.0,False,1.0895,False,False,3,0.071,0.1505,4.72,0.1158,0.1064,0.0753,11.04,Low,False,none
TRD0096430,TRD0180,CMP005,QSGC,2026-04-15 12:29:58,BUY,Equity,Market,15414,85.86,1323446.04,0.8074,0.2585,1,5,1.5929,1529.72,1071.41,False,0.4278,False,False,0,0.0881,0.0771,-1.23,0.1115,0.0955,0.0349,9.18,Low,False,none
TRD0014673,TRD0009,CMP024,GGME,2026-03-08 09:15:28,BUY,ETF,Stop-Loss,3854,80.37,309745.98,1.0903,1.3557,3,15,1.3339,448.89,922.13,False,-0.3819,False,False,6,0.0773,0.0754,4.67,0.1349,0.2112,0.1214,14.98,Low,False,none
TRD0035438,TRD0465,CMP024,GGME,2026-01-27 07:06:14,BUY,Options,Market,56980,77.74,4429625.2,5.0591,4.4084,5,14,2.4623,40.03,272.45,True,2.9338,True,True,1,0.4161,0.1448,6.99,0.9365,0.7566,0.3383,71.36,High,True,front_running
TRD0022784,TRD0090,CMP019,ADNW,2026-06-21 12:53:22,BUY,Equity,Market,33288,13.24,440733.12,5.4958,6.8894,2,15,1.7876,9999.0,1.74,False,2.3642,False,False,4,1.1479,0.6416,0.06,0.9022,0.9163,0.8567,87.35,Critical,True,layering
TRD0067280,TRD0168,CMP022,TTZR,2026-02-07 15:44:48,SELL,ETF,Cover Order,7189,393.97,2832250.33,0.8576,-1.007,2,2,1.4349,179.55,1217.66,False,0.0695,False,False,0,0.0152,0.2017,-2.22,0.0329,0.0662,0.0044,5.55,Low,False,none
TRD0041088,TRD0118,CMP033,CHAM,2025-12-05 09:04:30,SELL,Equity,Cover Order,53503,1356.24,72562908.72,11.3218,4.9653,3,21,3.7892,13.38,368.0,True,4.6861,False,False,5,0.9618,0.1403,4.72,0.6819,0.6387,0.8454,63.93,Medium,True,wash_trading
TRD0022586,TRD0475,CMP057,PNYK,2025-11-11 15:57:04,BUY,ETF,Market,2735897,76.79,210089530.63,9.3122,6.3238,4,9,3.771,23.74,9999.0,True,3.2711,False,False,2,0.1513,0.8184,1.88,0.9072,0.874,0.5943,84.14,High,True,insider_trading
TRD0014192,TRD0412,CMP031,NGEI,2026-01-30 08:55:33,BUY,ETF,Market,736389,458.67,337759542.63,10.6936,3.6645,4,17,1.7536,40.47,480.72,True,2.0747,False,True,5,0.3092,0.5609,3.56,0.8528,0.9114,0.7678,82.84,High,True,pump_and_dump
TRD0113342,TRD0469,CMP024,GGME,2025-11-09 15:06:36,BUY,Equity,Cover Order,66555,61.74,4109105.7,0.7226,-1.1587,1,7,1.4328,1184.55,9999.0,False,-0.2375,False,False,7,0.0675,0.0772,4.97,0.106,0.0354,0.0174,6.86,Low,False,none
TRD0119175,TRD0250,CMP031,NGEI,2026-02-01 15:53:43,SELL,Equity,Limit,223376,460.37,102835609.12,6.5789,5.771,3,18,2.1799,1475.5,14.5,False,4.6159,False,False,4,0.3034,0.1792,8.52,0.6125,0.4707,0.7877,55.29,Medium,True,front_running
TRD0078543,TRD0252,CMP029,OPWR,2025-12-22 10:58:18,BUY,ETF,Cover Order,243866,99.78,24332949.48,6.8267,4.8893,1,22,3.9891,49.65,9999.0,False,3.8669,False,False,5,0.2013,0.7888,3.39,0.8773,0.6157,0.8496,78.58,High,True,insider_trading
TRD0038941,TRD0256,CMP012,INMT,2026-06-07 13:46:42,BUY,Equity,Cover Order,259648,174.75,45373488.0,1.3769,0.4597,1,23,1.0278,9999.0,295.53,False,-0.6088,False,False,0,0.0566,0.0896,-3.71,0.0899,0.1475,0.0714,10.44,Low,False,none
TRD0094864,TRD0075,CMP001,LMTI,2026-03-01 14:35:57,BUY,Equity,Cover Order,114999,396.44,45590203.56,4.2048,3.8581,5,8,2.6557,202.43,10.91,False,4.7601,False,False,2,0.3562,0.1644,6.57,0.6901,0.9672,0.3973,67.67,Medium,True,insider_trading
TRD0024123,TRD0111,CMP046,LUQA,2026-02-01 12:00:53,SELL,Equity,Bracket Order,191714,178.15,34153849.1,1.0626,0.0467,1,4,1.1062,1120.7,25.51,False,-1.6237,False,False,0,0.1619,0.2341,-5.2,0.0457,0.1235,0.0754,9.23,Low,False,none
TRD0023823,TRD0385,CMP008,OIUY,2026-04-24 11:18:43,BUY,ETF,Bracket Order,50418,885.95,44667827.1,5.1348,5.5929,3,23,2.7008,12.3,840.02,True,4.6299,False,False,4,0.5969,0.69,0.73,0.885,0.9682,0.6224,85.11,Critical,True,insider_trading
TRD0019114,TRD0090,CMP016,FWEI,2025-11-18 11:09:20,BUY,ETF,Bracket Order,49207,821.47,40422074.29,8.1122,4.2647,3,4,2.9726,1.92,9999.0,True,4.3321,False,False,2,0.4935,0.6416,3.34,0.8559,0.8248,0.4896,77.02,High,True,spoofing
TRD0110061,TRD0300,CMP046,LUQA,2025-10-18 15:54:59,BUY,ETF,Cover Order,10119,210.24,2127418.56,0.76,-0.3855,3,12,1.3925,1900.23,9999.0,False,-0.2428,False,False,0,0.0523,0.1297,-2.69,0.0249,0.0803,0.209,7.96,Low,False,none
TRD0009412,TRD0399,CMP004,KQZJ,2025-12-08 17:51:09,SELL,ETF,Cover Order,202528,116.69,23632992.32,3.2705,3.7111,1,13,2.4307,6.96,426.06,True,2.7989,False,True,1,0.6138,0.1297,5.35,0.7384,0.811,0.5922,67.74,Medium,True,pump_and_dump
TRD0045260,TRD0137,CMP050,MCCS,2025-12-16 12:27:45,BUY,Equity,Market,9738,90.36,879925.68,0.971,-0.403,3,18,1.972,1977.37,48.3,False,0.7504,False,False,0,0.0597,0.3613,-2.55,0.0801,0.0689,0.0724,10.37,Low,False,none
TRD0067723,TRD0222,CMP040,PWVJ,2026-03-15 14:06:22,BUY,Equity,Limit,121166,56.05,6791354.3,8.7116,6.9135,4,9,3.203,294.57,3.27,False,3.9878,False,False,7,0.2419,0.7021,7.83,0.8236,0.7974,0.7592,79.39,High,True,front_running
TRD0097130,TRD0292,CMP007,PZVF,2025-11-21 14:49:24,BUY,ETF,Cover Order,370684,49.76,18445235.84,2.1601,0.4485,5,13,1.5316,1028.85,9999.0,False,-0.2268,False,False,4,0.0508,0.3059,0.34,0.1439,0.0421,0.0717,11.87,Low,False,none
TRD0021484,TRD0110,CMP038,UXVA,2026-01-10 15:39:48,BUY,Equity,Stop-Loss,13728,629.16,8637108.48,1.0045,0.2048,2,14,0.9519,1002.78,94.17,False,0.9596,False,False,1,0.0133,0.2277,6.37,0.089,0.013,0.0404,7.28,Low,False,none
TRD0025819,TRD0376,CMP018,YGCX,2025-10-31 10:08:36,SELL,Equity,Cover Order,18334,770.16,14120113.44,1.1022,0.3575,1,16,1.7821,1464.46,9999.0,False,0.153,False,False,4,0.096,0.0421,0.6,0.018,0.0928,0.0101,4.17,Low,False,none
TRD0055222,TRD0385,CMP044,UDJH,2026-02-14 14:27:21,SELL,Futures,Market,120142,42.77,5138473.34,8.9633,2.6494,4,2,3.7397,4.71,656.24,True,2.2963,True,False,1,0.9355,0.69,1.91,0.6317,0.7633,0.7377,69.29,Medium,True,layering
TRD0035518,TRD0414,CMP059,RFEI,2025-12-11 12:02:46,SELL,Futures,Cover Order,4500,68.24,307080.0,4.7873,6.546,5,20,2.4436,17.32,575.45,True,2.1003,True,False,4,0.5311,0.8918,1.38,0.6505,0.9451,0.9101,80.19,High,True,front_running
TRD0081176,TRD0239,CMP042,EKVN,2025-12-01 13:12:59,SELL,Equity,Bracket Order,22051,216.33,4770292.83,1.0138,-1.8153,2,5,1.6169,695.94,727.99,False,-0.8903,False,False,0,0.1196,0.4011,-3.02,0.0227,0.043,0.029,6.76,Low,False,none
TRD0015466,TRD0457,CMP033,CHAM,2026-05-27 12:31:20,SELL,ETF,Stop-Loss,103307,1387.28,143315734.96,0.8698,1.0842,4,6,0.7397,9999.0,813.15,False,-0.0473,False,False,0,0.0765,0.1606,-4.3,0.1578,0.0958,0.0296,12.02,Low,False,none
TRD0018766,TRD0433,CMP049,JIRH,2026-01-31 16:08:43,BUY,Equity,Limit,13596,148.56,2019821.76,1.1616,0.0417,1,12,0.8477,9999.0,79.59,False,-0.6679,False,True,0,0.03,0.2094,-1.53,0.1357,0.1076,0.1097,13.07,Low,False,none
TRD0020591,TRD0246,CMP037,BUYO,2025-10-24 07:46:44,BUY,ETF,Market,6257,246.57,1542788.49,1.5295,-0.1811,2,17,1.4795,2453.65,9999.0,False,-0.6842,False,True,0,0.0598,0.2383,-4.93,0.1341,0.1885,0.0305,14.53,Low,False,none
TRD0051491,TRD0222,CMP043,QBPR,2026-01-27 14:57:28,BUY,Futures,Cover Order,64302,419.11,26949611.22,4.4894,3.564,3,3,3.4957,24.94,9999.0,True,2.9933,True,False,3,0.1274,0.7021,2.97,0.7035,0.8581,0.5684,72.95,High,True,layering
TRD0016723,TRD0336,CMP028,EZAB,2026-04-17 09:29:06,SELL,ETF,Cover Order,119508,1924.52,229995536.16,3.8402,2.502,2,21,1.7452,39.25,47.13,True,4.9161,False,False,4,0.3342,0.7178,1.78,0.9506,0.7958,0.8305,86.29,Critical,True,wash_trading
TRD0056765,TRD0330,CMP032,MXGK,2025-10-20 12:03:21,BUY,Equity,Stop-Loss,39501,1102.27,43540767.27,1.4881,0.8878,3,6,1.6115,403.86,9999.0,False,-1.0837,False,False,0,0.008,0.2982,-0.18,0.0395,0.1057,0.0459,8.62,Low,False,none
TRD0006100,TRD0299,CMP016,FWEI,2025-12-15 17:49:09,SELL,Options,Stop-Loss,215907,820.11,177067489.77,8.5794,5.9093,2,8,2.5865,15.5,652.74,True,3.8933,True,True,7,0.4901,0.0202,6.82,0.8035,0.7506,0.7936,70.78,High,True,pump_and_dump
TRD0051436,TRD0273,CMP037,BUYO,2026-06-11 10:24:22,SELL,Equity,Bracket Order,15105,215.28,3251804.4,0.9081,-1.6618,4,5,1.1412,9999.0,563.71,False,0.1146,False,False,0,0.0721,0.3135,-2.14,0.0414,0.0568,0.1176,8.47,Low,False,none
TRD0047149,TRD0475,CMP038,UXVA,2026-05-27 14:28:45,BUY,Futures,Cover Order,1361371,650.33,885340402.43,4.0471,6.1215,3,12,1.5168,19.49,38.28,True,4.4367,True,False,2,0.6163,0.8184,0.4,0.9075,0.7326,0.8881,84.32,High,True,insider_trading
TRD0041450,TRD0345,CMP016,FWEI,2026-05-17 11:01:52,SELL,Futures,Limit,8806,832.57,7331611.42,2.1449,-0.6,5,12,1.1183,9999.0,719.57,False,0.0252,True,False,0,0.0342,0.0676,-1.47,0.0669,0.0282,0.1262,6.43,Low,False,none
TRD0040975,TRD0056,CMP006,XBFQ,2025-10-18 10:27:25,SELL,Equity,Cover Order,1963,57.82,113500.66,1.2279,0.7209,3,20,0.6785,2906.17,9999.0,False,0.0551,False,False,0,0.0096,0.4084,-0.45,0.2371,0.1265,0.0516,19.32,Low,False,none
TRD0079216,TRD0492,CMP050,MCCS,2026-05-02 15:20:56,SELL,ETF,Market,139673,111.43,15563762.39,0.754,-0.9931,5,11,1.4736,1139.06,136.93,False,-0.4506,False,False,5,0.1059,0.0981,7.28,0.0938,0.0371,0.0478,7.03,Low,False,none
TRD0094679,TRD0221,CMP008,OIUY,2026-01-15 13:56:42,BUY,Equity,Limit,32225,877.69,28283560.25,0.8052,-0.7307,4,8,0.7555,1150.29,638.94,False,-1.0525,False,False,6,0.1218,0.4382,0.11,0.023,0.1152,0.0405,9.48,Low,False,none
TRD0021836,TRD0045,CMP022,TTZR,2026-05-14 14:08:19,SELL,Options,Limit,48354,431.98,20887960.92,4.4232,5.1862,3,6,2.1614,19.99,1660.68,True,3.6327,True,False,6,1.0553,0.788,3.14,0.6669,0.5119,0.723,64.09,Medium,True,front_running
TRD0098768,TRD0252,CMP005,QSGC,2026-03-02 17:55:39,SELL,Equity,Market,204354,135.75,27741055.5,4.426,3.7612,4,8,3.722,2580.29,20.84,False,3.5638,False,True,5,0.4791,0.7888,1.77,0.9763,0.8431,0.561,85.53,Critical,True,insider_trading
TRD0066136,TRD0045,CMP018,YGCX,2026-01-13 14:08:55,SELL,Equity,Market,76975,769.6,59239960.0,6.2388,6.8241,5,11,2.3527,1132.62,3.09,False,2.3613,False,False,2,0.6406,0.788,4.28,0.8357,0.8707,0.9603,86.01,Critical,True,pump_and_dump
TRD0029864,TRD0248,CMP033,CHAM,2026-01-15 15:08:31,SELL,Options,Limit,285004,1335.72,380685542.88,4.7039,5.716,4,18,2.5863,45.5,591.78,True,4.4872,True,False,6,0.5356,0.4378,3.03,0.9082,0.911,0.8813,85.8,Critical,True,insider_trading
TRD0113961,TRD0005,CMP037,BUYO,2026-05-18 09:00:10,SELL,Equity,Market,109559,244.03,26735682.77,7.9832,5.6025,2,6,3.0486,13.7,2491.57,True,4.2779,False,False,3,0.4429,0.2662,2.12,0.6369,0.7013,0.8386,64.94,Medium,True,insider_trading
TRD0048632,TRD0336,CMP050,MCCS,2026-06-18 08:11:38,BUY,ETF,Bracket Order,263584,103.89,27383741.76,8.2307,2.9782,1,7,3.1473,18.21,1257.78,True,4.1363,False,True,5,0.1885,0.7178,6.28,0.9002,0.9213,0.8403,87.93,Critical,True,spoofing
TRD0064659,TRD0255,CMP004,KQZJ,2026-06-15 17:02:38,SELL,ETF,Stop-Loss,309540,126.62,39193954.8,11.1844,4.0115,4,11,2.6887,40.48,895.46,True,2.9053,False,True,2,0.5128,0.8046,3.52,0.7981,0.8778,0.8117,82.47,High,True,wash_trading
TRD0107224,TRD0418,CMP059,RFEI,2025-12-10 09:37:57,BUY,ETF,Bracket Order,7500,106.9,801750.0,0.8306,1.0045,1,8,1.0466,43.73,549.04,True,0.8882,False,False,0,0.0464,0.2915,-2.23,0.0152,0.0886,0.0379,6.83,Low,False,none
TRD0045962,TRD0035,CMP024,GGME,2026-01-07 11:51:43,BUY,ETF,Stop-Loss,33914,51.42,1743857.88,1.2085,-1.5282,5,20,1.1496,202.79,228.2,False,-1.7484,False,False,0,0.0306,0.2032,-5.04,0.0535,0.0818,0.1491,9.13,Low,False,none
TRD0024374,TRD0111,CMP032,MXGK,2026-03-25 10:43:16,SELL,ETF,Bracket Order,268438,1142.12,306588408.56,1.4486,0.1439,5,15,0.7503,1341.24,628.33,False,-0.0554,False,False,0,0.0694,0.2341,-2.86,0.0211,0.0087,0.0701,4.6,Low,False,none
TRD0042398,TRD0351,CMP013,RXNL,2026-03-19 16:36:31,SELL,Equity,Stop-Loss,483879,80.36,38884516.44,9.5397,5.2584,4,1,3.1117,18.07,353.3,True,2.1054,False,True,5,0.4028,0.6234,1.02,0.7501,0.6891,0.7827,72.4,High,True,insider_trading
TRD0010298,TRD0172,CMP051,NQWS,2026-04-23 13:17:04,SELL,Equity,Cover Order,82616,5.43,448604.88,1.9219,-0.8555,3,15,1.4169,243.96,1934.84,False,-0.6273,False,False,6,0.065,0.2672,6.45,0.0703,0.0247,0.0795,7.77,Low,False,none
TRD0008616,TRD0433,CMP047,VBOF,2026-01-13 13:08:24,SELL,Equity,Bracket Order,8257,253.72,2094966.04,0.8736,-0.0561,3,16,1.6487,457.39,1719.56,False,1.7761,False,False,3,0.1127,0.2094,1.77,0.1702,0.2167,0.014,16.46,Low,False,none
TRD0030700,TRD0273,CMP014,DJHR,2026-04-28 11:25:41,BUY,Futures,Limit,87478,115.54,10107208.12,4.1596,6.2982,5,23,2.5445,9999.0,3.07,False,3.8939,True,False,6,0.9929,0.3135,3.49,0.6781,0.8159,0.7189,68.91,Medium,True,circular_trading
TRD0022137,TRD0465,CMP017,FNLM,2026-06-29 10:43:10,BUY,Equity,Limit,12029,621.17,7472053.93,0.8536,-1.617,2,23,0.9633,9999.0,597.75,False,-0.1627,False,False,0,0.0782,0.1448,-0.09,0.0748,0.0628,0.0092,6.84,Low,False,none
TRD0001248,TRD0210,CMP036,UCCA,2026-03-28 17:34:23,BUY,Equity,Limit,92065,121.26,11163801.9,3.9275,5.9856,3,21,3.0915,615.59,1.81,False,3.768,False,True,5,0.5843,0.8977,2.95,0.9651,0.8562,0.7644,89.56,Critical,True,wash_trading
TRD0061445,TRD0252,CMP002,JBDO,2026-02-19 09:25:51,BUY,ETF,Market,238017,86.79,20657495.43,6.8961,3.0255,1,14,1.6981,18.09,1881.8,True,3.7122,False,False,2,0.3542,0.7888,2.34,0.7306,0.864,0.6834,76.94,High,True,pump_and_dump
TRD0021348,TRD0438,CMP050,MCCS,2026-06-17 13:49:37,BUY,Equity,Bracket Order,27631,103.37,2856216.47,9.1248,5.0413,4,16,1.5364,36.58,1239.41,True,2.3925,False,False,5,0.6404,0.3142,4.79,0.8818,0.7145,0.4917,71.63,High,True,insider_trading
TRD0031543,TRD0063,CMP026,UGLJ,2026-05-02 13:31:15,BUY,Futures,Limit,349610,1556.65,544220406.5,9.1098,4.5615,1,20,2.9242,7.36,3036.96,True,3.2458,True,False,0,0.0069,0.6313,-0.22,0.7056,0.992,0.7516,79.1,High,True,layering
TRD0055444,TRD0027,CMP007,PZVF,2026-06-21 12:43:44,BUY,ETF,Stop-Loss,141498,8.8,1245182.4,0.9138,0.2076,2,19,1.1177,9999.0,2372.26,False,-1.9118,False,False,0,0.0294,0.2618,-4.97,0.0659,0.1033,0.2332,12.18,Low,False,none
TRD0016893,TRD0184,CMP039,JDXM,2026-03-11 09:33:01,SELL,ETF,Market,637428,82.06,52307341.68,4.8772,5.4836,2,4,3.6513,46.35,186.18,True,4.309,False,False,4,0.2933,0.8894,4.56,0.8895,0.8994,0.8066,88.0,Critical,True,layering
TRD0013836,TRD0253,CMP059,RFEI,2026-03-06 14:12:26,BUY,Options,Stop-Loss,81206,65.25,5298691.5,9.6178,3.5204,2,3,1.9137,338.25,4.01,False,3.7237,True,False,0,0.4797,0.1576,-4.57,0.7904,0.7299,0.5666,67.54,Medium,True,insider_trading
TRD0009804,TRD0182,CMP051,NQWS,2026-05-26 11:57:10,BUY,Equity,Limit,89337,16.91,1510688.67,6.0206,5.3,5,19,2.6615,7.37,402.69,True,4.2409,False,False,1,1.2487,0.2187,1.83,0.7957,0.8058,0.5281,70.09,High,True,insider_trading
TRD0005575,TRD0126,CMP019,ADNW,2026-02-14 09:52:10,SELL,Equity,Cover Order,66104,38.73,2560207.92,1.2515,-0.6393,3,15,0.8533,1611.45,1026.41,False,-0.8711,False,False,3,0.0141,0.1962,3.4,0.0926,0.1062,0.0883,10.64,Low,False,none
TRD0082651,TRD0407,CMP055,NKNY,2025-10-22 13:35:06,BUY,ETF,Stop-Loss,141469,1077.68,152458311.92,1.0956,0.814,2,18,0.844,1575.1,9999.0,False,1.2634,False,False,0,0.0474,0.0767,-4.03,0.1192,0.2125,0.0386,13.08,Low,False,none
TRD0058495,TRD0336,CMP019,ADNW,2026-06-20 11:46:56,BUY,Equity,Bracket Order,349017,11.95,4170753.15,9.4389,5.5744,2,11,3.3924,23.36,505.52,True,2.7989,False,False,5,0.2935,0.7178,5.44,0.8812,0.9795,0.777,87.87,Critical,True,wash_trading
TRD0010174,TRD0136,CMP044,UDJH,2026-03-03 15:23:08,SELL,Equity,Limit,1143,61.11,69848.73,0.4198,0.5111,4,18,1.0115,1627.47,404.22,False,-1.0712,False,False,7,0.0227,0.3098,0.72,0.3929,0.1011,0.0551,24.64,Low,False,none
TRD0104858,TRD0390,CMP004,KQZJ,2025-12-07 12:43:24,SELL,Futures,Market,110921,112.04,12427588.84,11.5895,4.1556,3,8,3.3461,36.09,396.93,True,3.1879,True,False,3,0.444,0.6803,0.59,0.8452,0.7176,0.6915,76.74,High,True,insider_trading
TRD0029138,TRD0454,CMP047,VBOF,2025-10-14 11:34:57,BUY,Options,Stop-Loss,19130,254.46,4867819.8,0.7998,0.5642,2,18,1.3535,465.99,9999.0,False,-0.3298,True,False,0,0.0666,0.1995,-1.76,0.2681,0.0978,0.0668,18.0,Low,False,none
TRD0087973,TRD0454,CMP011,CGLO,2026-01-02 08:45:04,SELL,Equity,Bracket Order,21188,55.03,1165975.64,0.9385,-0.0036,4,16,1.9422,2471.25,296.61,False,0.8265,False,True,4,0.0814,0.1995,0.94,0.2395,0.086,0.003,15.4,Low,False,none
TRD0024740,TRD0462,CMP044,UDJH,2026-05-29 15:54:36,SELL,Equity,Cover Order,251498,1.36,342037.28,8.0074,6.0297,3,24,3.0701,28.97,461.05,True,4.5442,False,False,1,0.2065,0.5748,3.43,0.8924,0.8862,0.8397,85.09,Critical,True,insider_trading
TRD0046741,TRD0043,CMP020,IARJ,2026-02-22 11:12:48,BUY,Equity,Stop-Loss,5536,1066.91,5906413.76,0.5118,-0.2123,1,2,0.7061,121.7,690.04,False,-0.7304,False,False,0,0.0341,0.1666,-1.41,0.1234,0.0474,0.0417,9.27,Low,False,none
TRD0119154,TRD0462,CMP031,NGEI,2026-04-02 15:26:55,BUY,Equity,Market,231632,478.85,110916983.2,6.4821,4.3167,1,4,3.2864,35.94,1454.05,True,3.0884,False,False,7,0.2617,0.5748,8.22,0.9085,0.5745,0.6496,73.61,High,True,layering
TRD0084587,TRD0078,CMP008,OIUY,2026-03-16 12:34:05,SELL,Equity,Limit,3572,862.94,3082421.68,0.5548,-1.82,2,24,1.7426,94.72,288.33,False,-1.3967,False,False,5,0.0688,0.1883,6.62,0.0906,0.0606,0.0706,8.84,Low,False,none
TRD0028661,TRD0153,CMP029,OPWR,2025-10-01 10:24:28,SELL,Equity,Cover Order,109621,78.17,8569073.57,0.994,-0.1593,5,12,1.4532,2018.21,9999.0,False,-0.581,False,False,0,0.0327,0.2425,-0.11,0.0144,0.0785,0.1257,7.31,Low,False,none
TRD0095643,TRD0090,CMP019,ADNW,2026-05-11 07:41:32,BUY,Futures,Stop-Loss,36134,32.87,1187724.58,5.3747,2.7805,3,3,3.3355,13.12,450.37,True,2.4866,True,True,3,0.547,0.6416,0.51,0.7903,0.6026,0.5287,67.99,Medium,True,wash_trading
TRD0020351,TRD0470,CMP002,JBDO,2026-05-15 12:57:48,BUY,Equity,Stop-Loss,1194,107.97,128916.18,0.7714,1.2516,2,13,0.8005,305.94,356.76,False,0.3613,False,False,2,0.065,0.1954,2.84,0.1023,0.0825,0.0216,9.36,Low,False,none
TRD0005184,TRD0053,CMP014,DJHR,2026-05-13 13:58:06,SELL,Equity,Cover Order,9568,115.25,1102712.0,1.2213,-0.5202,3,2,0.5086,9999.0,365.61,False,-0.0946,False,False,0,0.0494,0.2471,-0.64,0.2944,0.0006,0.162,18.17,Low,False,none
TRD0018805,TRD0426,CMP018,YGCX,2025-10-01 15:31:21,SELL,Equity,Cover Order,40458,751.65,30410255.7,0.9575,0.4505,4,15,1.0929,2179.08,9999.0,False,-0.7442,False,False,1,0.1143,0.1678,1.24,0.0038,0.1228,0.0629,6.48,Low,False,none
TRD0039447,TRD0290,CMP051,NQWS,2026-02-02 12:30:04,SELL,ETF,Market,2814,22.18,62414.52,0.6259,-0.1069,5,24,1.731,2164.74,14.06,False,-1.0836,False,False,6,0.0422,0.2851,2.0,0.038,0.1539,0.0101,9.33,Low,False,none
TRD0080808,TRD0378,CMP026,UGLJ,2026-06-03 14:17:09,BUY,Equity,Stop-Loss,10236,1550.53,15871225.08,1.2144,-0.0111,1,6,1.6008,333.42,368.71,False,-0.1512,False,False,0,0.023,0.1776,-1.81,0.0885,0.0094,0.1243,7.9,Low,False,none
TRD0018340,TRD0159,CMP059,RFEI,2026-04-06 12:12:20,BUY,ETF,Cover Order,25180,66.98,1686556.4,1.465,0.3846,2,16,1.0323,1611.01,403.74,False,0.1328,False,False,0,0.0492,0.0364,-1.93,0.0051,0.361,0.1253,13.3,Low,False,none
TRD0028582,TRD0172,CMP013,RXNL,2026-06-21 11:28:49,BUY,Equity,Limit,27537,90.91,2503388.67,0.8379,0.7984,1,23,0.9714,9999.0,872.12,False,-1.3259,False,False,0,0.041,0.2672,-1.97,0.0059,0.1984,0.0132,9.09,Low,False,none
TRD0014103,TRD0242,CMP011,CGLO,2026-04-20 09:09:06,BUY,Equity,Market,6305,76.16,480188.8,1.6972,0.3227,3,17,1.5356,370.18,121.15,False,-1.1914,False,False,0,0.2019,0.4246,-1.93,0.004,0.0876,0.0098,7.2,Low,False,none
TRD0033054,TRD0482,CMP052,QXXS,2026-05-28 08:06:50,BUY,ETF,Cover Order,7032,1797.28,12638472.96,0.7842,-0.2876,5,6,0.6531,340.77,1047.8,False,0.182,False,True,0,0.0409,0.2969,-2.75,0.0688,0.161,0.0445,11.56,Low,False,none
TRD0044505,TRD0372,CMP033,CHAM,2025-12-05 08:15:32,SELL,Futures,Market,347826,1368.31,475933794.06,10.8632,3.0567,1,10,2.3747,14.2,367.19,True,3.065,True,True,3,0.6417,0.5577,3.87,0.9221,0.9243,0.6847,85.07,Critical,True,pump_and_dump
TRD0002879,TRD0210,CMP043,QBPR,2026-05-15 18:33:18,SELL,ETF,Market,89931,420.71,37834871.01,5.0454,4.215,1,14,3.3893,5.52,2570.66,True,2.4226,False,True,7,0.8232,0.8977,2.25,0.7393,0.9064,0.6727,79.53,High,True,pump_and_dump
TRD0039987,TRD0457,CMP019,ADNW,2026-02-25 09:09:25,SELL,ETF,Stop-Loss,90089,34.89,3143205.21,0.8773,0.3351,4,4,1.2285,1348.16,1289.7,False,0.2526,False,False,5,0.01,0.1606,3.19,0.0208,0.0116,0.0313,3.36,Low,False,none
TRD0045449,TRD0369,CMP047,VBOF,2026-01-31 15:36:52,SELL,Futures,Stop-Loss,75500,240.78,18178890.0,3.6768,6.221,5,16,3.8528,22.91,2154.04,True,3.9885,True,False,6,0.4392,0.5509,6.37,0.7929,0.9317,0.822,81.47,High,True,pump_and_dump
TRD0014336,TRD0183,CMP044,UDJH,2025-12-30 12:57:33,BUY,ETF,Cover Order,9753,1.36,13264.08,1.1535,-0.1926,4,22,1.3312,16.36,9999.0,True,0.2774,False,False,2,0.0291,0.4125,4.56,0.1142,0.0168,0.1631,12.21,Low,False,none
TRD0038813,TRD0336,CMP001,LMTI,2026-03-08 07:20:41,SELL,Options,Limit,168430,371.97,62650907.1,5.5495,6.4884,2,14,3.6104,41.68,171.65,True,2.8681,True,True,0,0.2655,0.7178,-0.93,0.8815,0.9581,0.7949,87.51,Critical,True,insider_trading
TRD0078646,TRD0392,CMP028,EZAB,2025-11-17 10:06:23,BUY,Equity,Market,37158,1943.3,72209141.4,0.7851,0.7215,4,16,0.8212,3576.25,310.0,False,-0.0514,False,False,0,0.0048,0.2648,-3.68,0.0542,0.0377,0.0392,6.81,Low,False,none
TRD0113071,TRD0266,CMP016,FWEI,2026-06-26 13:03:35,SELL,Equity,Market,7601,829.27,6303281.27,1.1398,-1.0035,4,4,1.8437,9999.0,1681.59,False,0.5895,False,False,0,0.029,0.5211,-1.21,0.2208,0.047,0.0404,17.16,Low,False,none
TRD0084284,TRD0475,CMP006,XBFQ,2026-02-14 12:15:06,BUY,Equity,Market,3389454,87.78,297526272.12,11.7362,4.9263,2,22,2.1682,48.37,9999.0,False,3.0044,False,False,5,0.3594,0.8184,5.67,0.9253,0.7762,0.9083,86.73,Critical,True,wash_trading
TRD0050674,TRD0412,CMP043,QBPR,2026-05-15 09:10:27,SELL,Equity,Market,263414,417.55,109988515.7,3.8511,4.2237,2,22,3.3967,14.9,2561.28,True,4.599,False,False,4,0.0094,0.5609,3.8,0.7252,0.8058,0.7515,73.69,High,True,insider_trading
TRD0050139,TRD0222,CMP017,FNLM,2026-05-26 11:23:50,SELL,ETF,Limit,19780,626.24,12387027.2,1.0182,-0.2877,2,22,0.8611,217.57,410.8,False,-0.742,False,False,0,0.1051,0.7021,-1.59,0.0349,0.0239,0.0051,9.38,Low,False,none
TRD0059161,TRD0252,CMP055,NKNY,2026-01-21 12:00:05,SELL,Options,Market,385529,1108.31,427285645.99,9.3626,3.8046,5,16,3.6725,1472.32,3.16,False,2.7678,True,False,5,0.6164,0.7888,4.33,0.8445,0.8729,0.6134,81.28,High,True,front_running
TRD0044326,TRD0312,CMP004,KQZJ,2026-05-06 10:43:25,BUY,Equity,Cover Order,38809,111.64,4332636.76,0.6542,-0.3583,4,15,1.3043,70.86,3561.91,False,-0.3456,False,False,0,0.0605,0.7761,-0.13,0.021,0.2034,0.008,14.93,Low,False,none
TRD0020435,TRD0232,CMP049,JIRH,2026-06-22 10:31:55,BUY,Equity,Bracket Order,30097,173.64,5226043.08,0.9297,-0.8385,4,1,1.2592,9999.0,3481.98,False,0.502,False,False,1,0.0148,0.0961,0.38,0.4432,0.1911,0.074,27.75,Low,False,none
TRD0009543,TRD0185,CMP054,SCIM,2025-12-22 14:09:12,SELL,ETF,Stop-Loss,10212,145.93,1490237.16,0.9638,0.7476,4,4,1.5903,3715.56,1244.36,False,-0.1234,False,False,2,0.0438,0.1985,2.39,0.3492,0.1409,0.0997,23.42,Low,False,none
TRD0017618,TRD0351,CMP035,AQPF,2026-06-18 12:03:06,BUY,Equity,Bracket Order,576580,1031.1,594511638.0,11.2254,5.356,5,7,1.8597,15.78,276.87,True,3.4258,False,False,4,0.0558,0.6234,3.07,0.9421,0.9769,0.8885,91.26,Critical,True,insider_trading
TRD0112663,TRD0097,CMP044,UDJH,2026-01-18 16:11:28,SELL,Futures,Bracket Order,329888,21.59,7122281.92,7.0757,6.7037,4,15,3.5538,650.97,9.97,False,4.7635,True,True,6,0.719,0.8788,3.5,0.95,0.9665,0.5134,88.23,Critical,True,wash_trading
TRD0097677,TRD0041,CMP054,SCIM,2026-06-13 09:15:15,BUY,Equity,Market,115131,180.37,20766178.47,5.249,6.2392,1,22,2.7796,10.7,431.54,True,2.0976,False,False,0,0.3711,0.862,-1.2,0.9711,0.9293,0.7094,90.84,Critical,True,spoofing
TRD0089186,TRD0462,CMP013,RXNL,2025-12-15 11:39:38,BUY,ETF,Market,41756,104.93,4381457.08,1.1042,-0.1481,1,20,0.9561,567.68,784.04,False,-0.4703,False,False,1,0.0671,0.5748,2.2,0.0861,0.1005,0.0006,12.65,Low,False,none
TRD0118733,TRD0450,CMP052,QXXS,2025-11-30 09:25:05,BUY,Equity,Stop-Loss,36112,1785.92,64493143.04,0.4763,-0.1395,1,2,1.4155,2275.08,21.21,False,-0.1295,False,False,0,0.1054,0.0638,-5.22,0.0388,0.0939,0.1039,6.76,Low,False,none
TRD0016778,TRD0489,CMP056,ASGU,2026-05-30 15:15:39,BUY,Equity,Bracket Order,3850,726.49,2796986.5,0.7013,0.461,4,5,0.6887,9999.0,1856.45,False,0.5764,False,False,6,0.0501,0.2606,4.78,0.0035,0.009,0.0786,4.21,Low,False,none
TRD0064550,TRD0372,CMP017,FNLM,2026-04-05 14:11:34,SELL,Equity,Bracket Order,27737,583.52,16185094.24,0.99,0.6924,2,11,1.0719,211.63,592.93,False,-0.3654,False,False,2,0.1563,0.5577,4.07,0.067,0.0252,0.0385,9.93,Low,False,none
TRD0005520,TRD0413,CMP024,GGME,2026-03-11 13:12:40,BUY,ETF,Limit,36566,88.54,3237553.64,0.795,0.45,1,6,0.832,372.94,998.08,False,-0.5279,False,False,6,0.0709,0.1505,1.02,0.2032,0.1374,0.0712,15.84,Low,False,none
TRD0111678,TRD0135,CMP009,QWEI,2026-05-24 09:40:13,BUY,ETF,Stop-Loss,40747,120.91,4926719.77,1.9493,-0.9024,4,16,0.5904,73.14,377.56,False,1.0137,False,False,0,0.043,0.2592,-3.96,0.0385,0.4298,0.0986,18.7,Low,False,none
TRD0094648,TRD0395,CMP056,ASGU,2026-06-11 09:57:12,BUY,ETF,Cover Order,29863,749.22,22373956.86,0.9114,-0.9276,5,20,1.537,9999.0,2139.14,False,0.7006,False,False,0,0.0432,0.149,-2.55,0.0199,0.0019,0.0093,2.58,Low,False,none
TRD0099192,TRD0355,CMP039,JDXM,2026-03-29 13:20:38,BUY,Equity,Bracket Order,27206,78.98,2148729.88,1.7458,-0.9894,5,12,0.6235,903.8,389.44,False,0.2403,False,False,2,0.0118,0.1691,0.49,0.0823,0.1148,0.014,9.05,Low,False,none
TRD0090897,TRD0284,CMP013,RXNL,2026-04-16 14:06:59,BUY,Equity,Stop-Loss,78215,118.57,9273952.55,0.7171,0.4089,3,1,0.8288,709.24,651.44,False,-0.4015,False,False,7,0.1229,0.0834,0.99,0.0125,0.2018,0.0476,8.16,Low,False,none
TRD0073680,TRD0259,CMP032,MXGK,2025-12-24 10:30:48,SELL,ETF,Limit,42905,1159.7,49756928.5,0.8541,0.911,2,22,0.778,855.82,1154.6,False,-2.0857,False,False,3,0.1244,0.1922,1.17,0.0029,0.1023,0.0097,5.27,Low,False,none
TRD0049248,TRD0437,CMP026,UGLJ,2026-05-18 14:42:35,BUY,Equity,Cover Order,6053859,1523.78,9224749267.02,5.9378,3.2708,5,19,3.9779,14.86,218.79,True,4.5138,False,False,6,0.1336,0.4839,3.49,0.8822,0.4828,0.4909,66.39,Medium,True,wash_trading
TRD0098164,TRD0219,CMP058,JGPO,2026-05-10 17:29:20,BUY,ETF,Stop-Loss,23758,319.87,7599471.46,0.9126,-0.1332,3,19,0.7176,36.5,849.99,True,-0.9853,False,True,0,0.0626,0.2175,-8.34,0.0757,0.0879,0.0025,8.26,Low,False,none
TRD0007410,TRD0417,CMP030,FHSA,2025-10-28 12:04:52,BUY,Equity,Limit,23053,105.37,2429094.61,0.7812,0.7255,3,7,1.8072,1021.75,9999.0,False,-0.453,False,False,6,0.0011,0.1572,1.03,0.1796,0.0055,0.0023,9.85,Low,False,none
TRD0076181,TRD0157,CMP055,NKNY,2026-02-20 15:57:39,BUY,ETF,Cover Order,16088,1113.1,17907552.8,1.8577,0.404,3,21,1.0959,748.36,727.12,False,-0.3238,False,False,7,0.0226,0.0355,0.28,0.0136,0.0511,0.0714,3.57,Low,False,none
TRD0112118,TRD0316,CMP004,KQZJ,2025-11-19 13:41:52,SELL,Options,Bracket Order,169539,115.73,19620748.47,8.4072,3.4764,5,14,2.3136,34.09,9999.0,True,3.2304,True,False,4,0.314,0.1358,0.36,0.792,0.9027,0.5898,72.93,High,True,layering
TRD0074627,TRD0088,CMP013,RXNL,2026-02-19 12:19:08,SELL,Equity,Cover Order,37011,137.31,5081980.41,1.2479,-0.095,1,3,0.6494,322.99,1016.97,False,0.4669,False,False,0,0.0121,0.0497,-8.69,0.0409,0.1588,0.0101,7.25,Low,False,none
TRD0053549,TRD0301,CMP039,JDXM,2026-05-17 15:16:25,BUY,Equity,Market,146691,72.21,10592557.11,1.3909,-0.7403,4,20,0.5505,458.68,274.13,False,-0.1207,False,False,2,0.038,0.3262,2.35,0.0326,0.0352,0.0438,6.44,Low,False,none
TRD0039929,TRD0327,CMP018,YGCX,2026-03-15 07:29:00,BUY,ETF,Limit,58652,754.75,44267597.0,1.1019,-1.6129,4,21,1.9018,729.63,324.71,False,-0.7104,False,True,0,0.0562,0.1066,-3.85,0.0501,0.0296,0.0409,4.82,Low,False,none
TRD0012758,TRD0290,CMP027,BNLN,2025-12-17 11:13:40,BUY,Equity,Cover Order,7016,254.61,1786343.76,1.1286,0.5766,3,24,1.5556,290.85,29.51,False,-0.1412,False,False,0,0.0959,0.2851,-1.16,0.1173,0.0253,0.002,8.92,Low,False,none
TRD0090948,TRD0045,CMP033,CHAM,2025-12-13 16:05:15,BUY,Options,Bracket Order,128976,1352.75,174472284.0,10.2486,3.2811,5,9,3.1475,34.88,185.63,True,4.3047,True,True,0,0.3787,0.788,-3.69,0.6445,0.7524,0.7103,70.11,High,True,circular_trading
TRD0085516,TRD0445,CMP028,EZAB,2026-04-17 09:20:30,SELL,Equity,Stop-Loss,191536,1938.28,371250398.08,6.6053,5.7708,2,20,2.6571,39.4,46.99,True,3.5774,False,False,0,0.4186,0.1605,-3.12,0.8699,0.7998,0.5169,72.5,High,True,layering
TRD0091839,TRD0180,CMP022,TTZR,2026-01-12 10:15:17,BUY,Equity,Cover Order,25200,387.45,9763740.0,1.2052,0.5304,5,13,0.7823,809.04,588.17,False,1.0924,False,False,0,0.0121,0.0771,-0.36,0.0169,0.1209,0.1429,7.3,Low,False,none
TRD0092140,TRD0250,CMP008,OIUY,2026-01-02 12:03:05,BUY,Futures,Cover Order,35789,881.49,31547645.61,1.1822,1.4365,5,9,0.6648,1464.19,325.05,False,-0.255,True,False,0,0.0122,0.1792,-5.33,0.0186,0.1799,0.1075,9.64,Low,False,none
TRD0061741,TRD0427,CMP056,ASGU,2026-02-11 10:33:26,BUY,Equity,Limit,116924,764.17,89349813.08,1.1709,-0.7441,2,19,1.131,740.25,2089.31,False,-0.9817,False,False,0,0.0143,0.107,-3.58,0.034,0.1594,0.057,8.24,Low,False,none
TRD0112207,TRD0045,CMP026,UGLJ,2025-12-23 15:49:33,BUY,ETF,Cover Order,73141,1575.28,115217554.48,5.1828,4.3579,3,2,1.7563,3.36,1271.74,True,4.8341,False,False,1,0.2774,0.788,3.47,0.7507,0.7206,0.8754,76.41,High,True,pump_and_dump
TRD0076704,TRD0425,CMP015,WXZK,2026-02-24 10:54:17,SELL,ETF,Market,27596,557.15,15375111.4,1.3375,-0.1558,2,7,0.8224,68.38,445.26,False,-1.025,False,False,2,0.0358,0.1572,1.72,0.0396,0.0747,0.1284,7.52,Low,False,none
TRD0004411,TRD0244,CMP003,NCBQ,2026-01-28 15:28:17,SELL,Equity,Market,1327,131.67,174726.09,1.4792,1.1957,1,14,1.9136,313.08,9999.0,False,0.1654,False,False,0,0.0838,0.056,-0.51,0.1879,0.1321,0.0098,13.13,Low,False,none
TRD0109212,TRD0257,CMP026,UGLJ,2026-05-11 18:06:12,SELL,Equity,Cover Order,51700,1581.31,81753727.0,0.9829,0.2067,5,16,1.0535,179.47,54.18,False,0.3878,False,True,0,0.0338,0.2253,-1.94,0.0377,0.0941,0.1036,8.33,Low,False,none
TRD0072950,TRD0344,CMP042,EKVN,2025-10-12 11:42:57,SELL,ETF,Bracket Order,22044,225.14,4962986.16,1.164,1.1082,4,19,1.1202,473.51,9999.0,False,-0.2972,False,False,0,0.0301,0.08,-0.66,0.0634,0.0843,0.0652,7.16,Low,False,none
TRD0085509,TRD0066,CMP004,KQZJ,2025-11-25 13:24:53,SELL,Equity,Cover Order,13007,109.57,1425176.99,1.1518,-1.1517,3,7,0.887,323.4,109.62,False,-1.3271,False,False,2,0.0202,0.1866,1.29,0.0326,0.0562,0.0656,6.0,Low,False,none
TRD0057292,TRD0369,CMP010,VTWH,2025-11-14 12:52:13,BUY,ETF,Market,191646,101.85,19519145.1,8.5311,5.0665,1,6,3.1142,33.8,9999.0,True,3.0627,False,False,3,0.736,0.5509,4.2,0.9479,0.964,0.6022,86.12,Critical,True,spoofing
TRD0058202,TRD0386,CMP053,SVJO,2026-04-27 10:37:42,SELL,Options,Bracket Order,12984,75.75,983538.0,1.0409,1.001,3,13,1.3824,1044.88,1096.92,False,-0.6747,True,False,6,0.0882,0.1229,0.44,0.2849,0.1316,0.0662,18.99,Low,False,none
TRD0068423,TRD0045,CMP019,ADNW,2026-04-22 09:54:47,BUY,ETF,Stop-Loss,8873,48.21,427767.33,0.915,0.2978,3,2,0.7994,3.4,2634.46,True,0.7402,False,False,0,0.0007,0.788,-8.16,0.0922,0.0256,0.0173,13.06,Low,False,none
TRD0014428,TRD0372,CMP021,TXFE,2025-11-22 17:06:28,SELL,ETF,Limit,271869,56.58,15382348.02,9.8234,6.1743,2,7,2.0006,21.46,360.94,True,4.55,False,True,4,0.045,0.5577,3.08,0.9214,0.7687,0.5874,78.91,High,True,layering
TRD0099165,TRD0312,CMP059,RFEI,2026-06-11 10:08:22,BUY,Equity,Bracket Order,222830,62.91,14018235.3,3.5153,6.3514,3,3,3.9495,29.07,1985.68,True,2.6249,False,False,4,0.6547,0.7761,1.36,0.8172,0.6837,0.6438,74.7,High,True,front_running
TRD0052951,TRD0483,CMP021,TXFE,2026-02-15 12:20:48,SELL,Options,Market,15741,63.35,997192.35,0.6886,0.308,4,3,1.1504,2435.9,849.94,False,0.0031,True,False,6,0.0088,0.1801,0.51,0.3138,0.016,0.0291,16.84,Low,False,none
TRD0048853,TRD0090,CMP014,DJHR,2026-04-27 09:09:46,BUY,Options,Cover Order,36079,124.87,4505184.73,6.4638,6.2254,4,21,3.0538,23.2,246.81,True,3.3839,True,False,4,0.0537,0.6416,2.66,0.9402,0.7591,0.5851,80.27,High,True,wash_trading
TRD0012851,TRD0414,CMP045,BPXM,2026-05-31 12:39:17,SELL,Equity,Stop-Loss,3946,236.56,933465.76,4.6156,4.1565,2,1,3.245,14.57,947.31,True,2.2991,False,False,6,0.3193,0.8918,3.61,0.9363,0.9175,0.6096,87.72,Critical,True,layering
TRD0005829,TRD0060,CMP031,NGEI,2026-03-20 11:33:33,BUY,ETF,Stop-Loss,55519,456.87,25364965.53,0.593,0.8465,2,20,1.5559,351.83,1138.16,False,-1.1634,False,False,0,0.0088,0.1379,-0.91,0.0449,0.0862,0.1686,8.51,Low,False,none
TRD0028075,TRD0015,CMP050,MCCS,2025-11-25 14:25:42,SELL,ETF,Bracket Order,23309,75.06,1749573.54,0.9577,0.7241,1,2,0.6301,453.74,9999.0,False,-0.8008,False,False,0,0.0159,0.1579,-5.79,0.0414,0.0652,0.0344,5.91,Low,False,none
TRD0117442,TRD0343,CMP054,SCIM,2026-05-25 08:09:14,BUY,ETF,Stop-Loss,84175,125.43,10558070.25,11.504,3.1533,2,24,1.7085,25.56,4934.36,True,3.8045,False,True,5,0.5655,0.2526,3.68,0.733,0.6733,0.5984,64.69,Medium,True,insider_trading
TRD0114250,TRD0323,CMP017,FNLM,2026-01-24 17:49:23,BUY,Equity,Stop-Loss,2068,620.72,1283648.96,1.4101,0.7005,1,8,1.0043,1107.44,9999.0,False,0.2235,False,True,6,0.0009,0.0769,5.64,0.0523,0.0757,0.0318,5.87,Low,False,none
TRD0089585,TRD0189,CMP049,JIRH,2026-01-27 14:33:44,BUY,Options,Bracket Order,124120,141.45,17556774.0,8.421,5.1089,2,6,3.6506,17.99,9999.0,True,2.0585,True,False,4,0.5511,0.3276,4.08,0.7896,0.7953,0.8163,74.91,High,True,wash_trading
TRD0017393,TRD0349,CMP003,NCBQ,2026-04-06 14:39:31,SELL,Equity,Limit,61910,140.44,8694640.4,0.8006,1.7748,3,15,1.3247,857.38,218.41,False,-0.1995,False,False,0,0.0239,0.1307,-6.39,0.066,0.085,0.0786,8.01,Low,False,none
TRD0087543,TRD0063,CMP011,CGLO,2025-11-26 17:25:34,BUY,Equity,Bracket Order,345845,61.18,21158797.1,8.3824,6.188,3,15,1.8531,10.44,487.55,True,4.851,False,True,3,0.1725,0.6313,4.12,0.9763,0.7622,0.842,85.74,Critical,True,pump_and_dump
TRD0090078,TRD0336,CMP034,SIHG,2026-02-11 10:02:21,BUY,Equity,Bracket Order,382634,301.64,115417719.76,10.0013,6.6009,4,20,2.9644,7.33,1809.79,True,2.2959,False,False,7,0.6739,0.7178,5.62,0.7201,0.5954,0.6387,67.02,Medium,True,wash_trading
TRD0016823,TRD0331,CMP053,SVJO,2025-12-31 12:01:00,BUY,Equity,Limit,16267,55.37,900703.79,1.0807,0.313,5,1,1.4828,361.45,9999.0,False,1.4051,False,False,0,0.0715,0.0472,-0.17,0.0258,0.1377,0.0712,6.83,Low,False,none
TRD0043121,TRD0442,CMP058,JGPO,2026-05-24 10:48:59,SELL,ETF,Limit,217204,340.84,74031811.36,7.3162,6.3455,5,24,2.4054,0.94,38.58,True,3.6616,False,False,3,0.4668,0.116,2.85,0.7787,0.8112,0.7984,72.51,High,True,front_running
TRD0085831,TRD0462,CMP006,XBFQ,2026-02-16 10:30:43,BUY,Futures,Market,228429,71.81,16403486.49,8.0988,5.1847,2,13,3.3162,2.11,9999.0,True,3.0677,True,False,1,0.422,0.5748,1.49,0.9448,0.7461,0.6253,80.03,High,True,pump_and_dump
TRD0031029,TRD0222,CMP004,KQZJ,2026-05-09 15:04:48,SELL,ETF,Limit,85129,94.02,8003828.58,4.5465,4.9409,1,13,3.5164,930.44,5.5,False,2.8014,False,False,6,0.0485,0.7021,1.26,0.7861,0.9221,0.5561,78.4,High,True,insider_trading
TRD0037746,TRD0045,CMP025,JXOT,2026-01-07 13:40:32,SELL,Equity,Limit,14527,259.51,3769901.77,1.1999,-0.0968,4,8,1.7361,587.62,924.08,False,1.9234,False,False,0,0.0236,0.788,-0.31,0.0804,0.0962,0.1529,16.68,Low,False,none
TRD0045273,TRD0255,CMP039,JDXM,2026-03-12 09:32:49,SELL,Options,Stop-Loss,101910,86.01,8765279.1,3.6032,6.213,3,15,3.3015,22.36,210.18,True,2.5297,True,False,1,0.7654,0.8046,3.26,0.9745,0.8785,0.8535,91.06,Critical,True,insider_trading
TRD0000470,TRD0336,CMP032,MXGK,2026-06-19 18:13:41,SELL,Equity,Bracket Order,149519,1158.74,173253646.06,3.8227,5.9549,1,12,2.9724,5.28,36.31,True,2.2469,False,True,2,0.5241,0.7178,5.17,0.8258,0.8838,0.8562,83.7,High,True,circular_trading
TRD0069652,TRD0496,CMP027,BNLN,2026-02-05 10:42:52,BUY,Equity,Market,716,247.64,177310.24,0.8868,0.0342,4,22,0.6481,3125.39,908.64,False,-0.2645,False,False,0,0.0709,0.0343,-0.94,0.0919,0.1751,0.1703,12.29,Low,False,none
TRD0053391,TRD0211,CMP012,INMT,2026-03-14 12:47:37,BUY,Equity,Market,1885,231.09,435604.65,1.2685,-1.7139,3,12,0.5673,523.73,973.38,False,-0.7821,False,False,0,0.0255,0.4793,-0.38,0.0981,0.0763,0.001,11.51,Low,False,none
TRD0012635,TRD0432,CMP004,KQZJ,2026-05-12 11:44:06,SELL,ETF,Bracket Order,41364,121.9,5042271.6,1.0111,-0.9437,4,8,1.7557,861.78,74.15,False,0.1362,False,False,6,0.022,0.1924,3.58,0.0124,0.2708,0.0548,11.43,Low,False,none
TRD0091744,TRD0180,CMP045,BPXM,2026-06-27 14:30:30,SELL,ETF,Stop-Loss,11740,265.73,3119670.2,0.6074,-1.029,2,15,1.0159,9999.0,635.28,False,0.5387,False,False,0,0.0465,0.0771,-7.95,0.1059,0.2206,0.037,12.71,Low,False,none
TRD0059288,TRD0397,CMP033,CHAM,2026-03-23 11:00:12,SELL,Equity,Limit,145827,1370.69,199883610.63,0.9488,0.007,4,13,1.9256,748.37,1558.37,False,-0.1367,False,False,2,0.1186,0.3764,3.04,0.0412,0.0497,0.1308,9.07,Low,False,none
TRD0105041,TRD0268,CMP023,OTXX,2026-05-16 14:59:48,BUY,Equity,Market,36725,3198.83,117477031.75,0.8211,1.3098,3,1,1.759,9999.0,379.82,False,0.4951,False,False,6,0.1668,0.2993,3.93,0.003,0.1931,0.0149,9.14,Low,False,none
TRD0016695,TRD0094,CMP040,PWVJ,2025-10-27 09:55:14,SELL,ETF,Bracket Order,48061,22.88,1099635.68,1.6679,0.3236,4,6,0.911,2244.11,9999.0,False,-0.6091,False,False,0,0.0991,0.0596,-0.91,0.0841,0.1028,0.0471,8.17,Low,False,none
TRD0035161,TRD0415,CMP033,CHAM,2025-10-08 15:18:03,SELL,ETF,Cover Order,27516,1354.04,37257764.64,0.8924,-1.1132,4,5,1.9727,1017.77,9999.0,False,-2.0519,False,False,0,0.0146,0.1044,-0.51,0.0241,0.0555,0.0388,4.38,Low,False,none
TRD0079652,TRD0486,CMP003,NCBQ,2025-11-11 10:10:13,BUY,ETF,Limit,58706,96.08,5640472.48,0.7537,0.2023,4,24,1.9703,2190.39,9999.0,False,0.2816,False,False,0,0.0822,0.1954,-3.68,0.0765,0.1834,0.0286,11.33,Low,False,none
TRD0009039,TRD0210,CMP024,GGME,2026-03-26 15:40:11,BUY,Equity,Bracket Order,233291,85.77,20009369.07,10.3907,6.4208,4,24,3.175,10.48,1360.54,True,4.767,False,False,1,0.6734,0.8977,0.35,0.912,0.9097,0.7805,89.02,Critical,True,layering
TRD0088249,TRD0210,CMP026,UGLJ,2026-06-16 15:52:47,BUY,Options,Stop-Loss,160946,1552.01,249789801.46,7.817,4.3079,1,21,3.0116,19.82,682.31,True,2.6977,True,False,6,0.5077,0.8977,2.95,0.9111,0.8475,0.7233,86.25,Critical,True,insider_trading
TRD0012140,TRD0320,CMP008,OIUY,2026-03-19 15:44:57,BUY,Equity,Cover Order,2596,906.45,2353144.2,0.9526,-0.8901,1,24,0.6325,19.54,363.51,True,0.7663,False,False,4,0.014,0.0591,3.04,0.0671,0.0121,0.0283,4.4,Low,False,none
TRD0000734,TRD0385,CMP016,FWEI,2026-04-16 17:38:20,BUY,ETF,Bracket Order,130699,823.34,107609714.66,10.0241,5.5614,2,7,1.6585,17.83,847.67,True,2.1696,False,True,6,0.3351,0.69,4.69,0.9668,0.7259,0.8895,85.53,Critical,True,pump_and_dump
TRD0013800,TRD0264,CMP045,BPXM,2026-02-13 12:04:25,BUY,ETF,Market,6021,222.18,1337745.78,1.3757,-0.9624,3,9,1.1449,1621.28,324.66,False,-1.3104,False,False,5,0.0093,0.0429,7.97,0.0933,0.0069,0.0419,5.46,Low,False,none
TRD0109034,TRD0331,CMP041,LXML,2026-02-09 10:52:45,BUY,Futures,Market,11966,494.34,5915272.44,0.9263,-0.488,2,24,1.4215,1624.15,152.38,False,-0.6845,True,False,1,0.0296,0.0472,5.68,0.0574,0.1017,0.0023,6.14,Low,False,none
TRD0111640,TRD0312,CMP018,YGCX,2026-05-09 15:16:16,BUY,Equity,Stop-Loss,586069,736.72,431768753.68,11.5519,4.1593,3,6,3.5568,962.25,12.25,False,4.4294,False,False,2,0.6712,0.7761,2.14,0.9102,0.9234,0.9053,90.0,Critical,True,insider_trading
TRD0065535,TRD0482,CMP024,GGME,2025-10-20 10:08:01,BUY,ETF,Market,11862,56.45,669609.9,1.0858,0.6984,5,14,1.6571,1669.53,9999.0,False,-0.6858,False,False,0,0.0479,0.2969,-0.04,0.1336,0.2376,0.0677,17.12,Low,False,none
TRD0029870,TRD0210,CMP052,QXXS,2026-05-04 14:55:46,SELL,ETF,Limit,31145,1779.86,55433739.7,1.3115,0.1449,5,13,0.7054,909.95,478.62,False,-0.5747,False,False,0,0.0772,0.8977,-2.05,0.0805,0.1651,0.0778,18.72,Low,False,none
TRD0040919,TRD0369,CMP018,YGCX,2026-06-18 13:53:49,BUY,Equity,Market,78556,782.2,61446503.2,3.6403,5.4901,3,24,3.3556,3.63,970.88,True,3.1283,False,False,1,0.1798,0.5509,1.2,0.9248,0.9688,0.662,86.12,Critical,True,insider_trading
TRD0116759,TRD0210,CMP041,LXML,2026-01-07 12:31:43,BUY,Options,Market,202214,474.29,95908078.06,8.877,6.622,5,5,3.2166,0.59,460.58,True,2.6439,True,False,6,0.8453,0.8977,2.82,0.9379,0.898,0.9116,91.8,Critical,True,layering
TRD0100764,TRD0296,CMP036,UCCA,2026-04-21 09:10:50,SELL,ETF,Stop-Loss,113493,114.9,13040345.7,5.8134,4.8278,4,11,1.9189,47.98,569.42,True,4.9469,False,False,6,0.3004,0.2512,7.06,0.5646,0.8699,0.5343,62.03,Medium,True,insider_trading
TRD0035753,TRD0446,CMP011,CGLO,2025-11-13 10:40:46,BUY,ETF,Limit,24658,58.63,1445698.54,1.4354,-1.1349,3,1,1.0297,329.18,168.8,False,0.1677,False,False,4,0.1022,0.0713,0.21,0.05,0.011,0.1175,5.06,Low,False,none
TRD0049323,TRD0318,CMP019,ADNW,2026-05-19 14:02:07,BUY,Equity,Stop-Loss,362862,37.84,13730698.08,1.4908,1.0416,5,8,1.9482,260.23,185.22,False,-0.9107,False,False,4,0.0381,0.2249,0.61,0.0046,0.0634,0.0999,5.86,Low,False,none
TRD0024775,TRD0235,CMP014,DJHR,2026-06-02 11:15:10,SELL,Equity,Limit,12985,96.61,1254480.85,1.2079,-0.6189,3,11,1.075,9999.0,842.89,False,-0.1813,False,False,4,0.0098,0.3386,3.92,0.0465,0.0848,0.0655,9.01,Low,False,none
TRD0091040,TRD0252,CMP039,JDXM,2026-05-05 15:07:15,SELL,ETF,Stop-Loss,107095,60.75,6506021.25,3.1582,4.7195,1,15,1.6983,14.03,1279.22,True,3.6853,False,False,4,0.2427,0.7888,6.76,0.8289,0.7436,0.7917,79.37,High,True,layering
TRD0071178,TRD0309,CMP041,LXML,2026-04-17 15:12:50,BUY,Equity,Cover Order,243155,470.9,114501689.5,5.2504,5.2262,4,11,2.5378,11.81,1764.72,True,2.1905,False,False,7,0.2234,0.2159,5.52,0.8376,0.8893,0.9514,80.8,High,True,front_running
TRD0095295,TRD0045,CMP029,OPWR,2026-01-07 16:49:31,SELL,Futures,Cover Order,108453,85.61,9284661.33,10.5589,5.9814,4,24,3.508,1303.43,6.8,False,2.7627,True,True,3,0.263,0.788,4.23,0.8493,0.966,0.7103,85.73,Critical,True,pump_and_dump
TRD0073539,TRD0041,CMP031,NGEI,2026-01-30 12:55:03,BUY,Equity,Market,98860,492.15,48653949.0,3.746,4.0703,5,11,2.8102,36.48,484.71,True,3.9461,False,False,3,0.787,0.862,5.66,0.8469,0.5605,0.7422,74.68,High,True,insider_trading
TRD0094594,TRD0255,CMP021,TXFE,2026-01-01 07:15:26,SELL,Options,Cover Order,363341,83.14,30208170.74,10.5223,2.9155,2,14,2.8555,34.52,796.54,True,3.7635,True,True,0,0.6233,0.8046,-1.1,0.7549,0.7315,0.9001,77.46,High,True,front_running
TRD0103268,TRD0043,CMP035,AQPF,2026-05-21 09:52:10,SELL,ETF,Cover Order,9795,1070.26,10483196.7,0.7653,0.087,3,2,1.4536,397.31,735.68,False,0.2592,False,False,1,0.03,0.1666,1.5,0.0561,0.0236,0.0693,5.94,Low,False,none
TRD0026489,TRD0282,CMP056,ASGU,2026-05-10 13:36:48,BUY,ETF,Bracket Order,120143,773.78,92964250.54,0.7497,-1.4649,2,24,1.6115,9999.0,1374.8,False,0.117,False,False,5,0.1343,0.2692,3.53,0.0412,0.005,0.0646,5.67,Low,False,none
TRD0066960,TRD0153,CMP017,FNLM,2026-06-26 15:00:12,SELL,Equity,Bracket Order,114559,612.7,70190299.3,0.8461,-0.3206,5,22,1.4328,9999.0,530.04,False,0.6726,False,False,7,0.0565,0.2425,0.77,0.253,0.2174,0.1152,22.06,Low,False,none
TRD0071027,TRD0184,CMP026,UGLJ,2025-12-22 14:41:34,BUY,Futures,Market,1435517,1545.4,2218447971.8,9.4252,3.4818,4,9,1.8032,28.49,1246.61,True,3.13,True,False,2,0.7141,0.8894,5.91,0.8239,0.9369,0.8387,86.66,Critical,True,layering
TRD0019722,TRD0103,CMP050,MCCS,2025-12-31 14:15:23,SELL,ETF,Bracket Order,56561,97.8,5531665.8,0.7496,-0.8685,4,22,1.8097,1615.58,410.09,False,-0.1025,False,False,0,0.0283,0.221,-0.56,0.0157,0.0466,0.0624,5.25,Low,False,none
TRD0039468,TRD0222,CMP051,NQWS,2026-05-04 10:25:41,BUY,Equity,Market,109926,59.62,6553788.12,8.216,3.5612,2,6,1.561,44.04,17.18,True,4.6005,False,False,5,0.346,0.7021,3.18,0.9027,0.9085,0.7488,86.13,Critical,True,wash_trading
TRD0092739,TRD0344,CMP005,QSGC,2026-02-11 11:27:13,BUY,ETF,Market,14626,132.09,1931948.34,0.7985,1.4847,3,4,1.0171,441.63,1053.33,False,0.8711,False,False,0,0.0953,0.08,-5.38,0.0317,0.1029,0.1432,7.46,Low,False,none
TRD0004658,TRD0033,CMP004,KQZJ,2026-05-12 09:32:20,SELL,ETF,Cover Order,24575,80.4,1975830.0,1.0769,0.1091,4,10,1.8032,863.98,71.96,False,-0.9465,False,False,0,0.0455,0.0846,-3.72,0.0161,0.0162,0.0123,2.24,Low,False,none
TRD0034802,TRD0406,CMP031,NGEI,2026-04-02 09:02:49,BUY,Options,Limit,60843,465.24,28306597.32,5.358,5.2704,3,4,3.3413,42.34,1447.65,True,2.2931,True,False,6,0.3854,0.0986,0.69,0.7387,0.9226,0.4495,68.65,Medium,True,front_running
TRD0035448,TRD0041,CMP026,UGLJ,2026-05-18 07:22:38,BUY,Equity,Cover Order,124823,1531.15,191122736.45,6.037,3.6305,2,21,3.0988,22.2,211.45,True,3.9583,False,True,7,1.0044,0.862,3.6,0.904,0.97,0.856,91.24,Critical,True,front_running
TRD0092549,TRD0441,CMP052,QXXS,2025-11-28 14:07:19,BUY,Options,Bracket Order,234649,1787.51,419437433.99,8.7278,4.5289,2,15,1.9881,22.09,235.42,True,3.9027,True,False,6,0.3613,0.0671,2.31,0.726,0.7349,0.6587,65.27,Medium,True,layering
TRD0089105,TRD0210,CMP038,UXVA,2026-05-24 09:26:57,SELL,ETF,Bracket Order,139525,634.52,88531403.0,7.5593,5.4596,1,22,2.5752,38.75,382.15,True,3.3908,False,False,5,0.9289,0.8977,1.77,0.9793,0.7252,0.7746,86.42,Critical,True,insider_trading
TRD0104155,TRD0412,CMP022,TTZR,2025-12-18 11:17:41,BUY,Equity,Cover Order,420377,421.42,177155275.34,6.3644,5.7688,2,12,2.3372,10.79,9999.0,True,3.5568,False,False,3,0.4291,0.5609,6.32,0.7285,0.637,0.6923,67.89,Medium,True,insider_trading
TRD0024308,TRD0210,CMP054,SCIM,2025-10-31 12:21:43,BUY,ETF,Bracket Order,172317,156.68,26998627.56,7.4586,2.7639,4,20,1.9391,5.43,9999.0,True,3.3399,False,False,3,0.8417,0.8977,6.74,0.8509,0.9398,0.7496,86.71,Critical,True,wash_trading
TRD0117667,TRD0288,CMP036,UCCA,2026-01-13 11:12:48,SELL,Options,Market,313291,166.71,52228742.61,11.6556,2.8084,5,18,2.5285,1780.55,2.12,False,2.1762,True,False,1,0.8837,0.2615,4.95,0.8799,0.508,0.5536,65.75,Medium,True,wash_trading
TRD0105525,TRD0266,CMP042,EKVN,2025-12-28 16:17:14,SELL,Equity,Stop-Loss,8834,218.7,1931995.8,1.2106,-1.8857,1,2,1.3975,44.87,1379.06,True,-0.1455,False,True,4,0.1103,0.5211,3.4,0.1847,0.0233,0.0039,14.28,Low,False,none
TRD0074832,TRD0207,CMP005,QSGC,2025-12-28 09:01:11,BUY,Equity,Cover Order,37467,158.34,5932524.78,3.0671,6.0201,1,14,2.7335,29.11,9999.0,True,3.9381,False,False,2,0.7236,0.5604,1.65,0.9349,0.8313,0.584,81.37,High,True,insider_trading
TRD0044943,TRD0152,CMP015,WXZK,2026-04-15 13:03:55,BUY,Equity,Limit,14971,592.98,8877503.58,1.2775,0.4805,4,11,1.8287,367.71,1133.78,False,0.9773,False,False,0,0.0563,0.4359,-1.08,0.0609,0.1367,0.054,12.01,Low,False,none
TRD0028014,TRD0414,CMP057,PNYK,2025-12-27 09:47:28,SELL,Equity,Market,7198,27.4,197225.2,7.8887,3.5454,2,7,2.3257,25.21,427.74,True,2.4123,False,False,1,0.697,0.8918,1.59,0.7885,0.8805,0.9769,85.47,Critical,True,spoofing
TRD0029196,TRD0133,CMP015,WXZK,2026-01-07 16:29:53,BUY,Equity,Stop-Loss,44780,558.88,25026646.4,0.7186,-1.3135,1,7,1.2106,701.15,1069.3,False,-0.1107,False,True,6,0.1013,0.3838,0.36,0.0194,0.0779,0.1067,8.65,Low,False,none
TRD0083742,TRD0412,CMP042,EKVN,2025-12-30 17:48:31,SELL,ETF,Cover Order,635275,266.67,169408784.25,9.5413,2.836,2,17,2.8955,767.89,4.65,False,4.2244,False,True,4,0.4234,0.5609,4.9,0.9321,0.6076,0.5307,73.74,High,True,spoofing
TRD0029677,TRD0276,CMP045,BPXM,2026-01-29 09:35:17,SELL,Options,Stop-Loss,172667,271.5,46879090.5,9.5481,6.5619,1,7,2.3003,37.82,9999.0,True,3.4084,True,False,7,0.7555,0.5356,4.29,0.9016,0.7582,0.5317,76.65,High,True,pump_and_dump
TRD0052716,TRD0097,CMP014,DJHR,2026-04-15 14:25:39,SELL,Futures,Market,211072,130.16,27473131.52,4.6404,6.7271,5,11,2.6605,35.92,1447.72,True,3.5096,True,False,6,0.3101,0.8788,5.27,0.9034,0.8611,0.6813,85.49,Critical,True,insider_trading
TRD0106625,TRD0356,CMP042,EKVN,2025-11-05 09:01:28,BUY,ETF,Bracket Order,42263,246.31,10409799.53,1.1289,-0.1469,2,2,1.2343,1324.14,99.8,False,-0.6603,False,False,0,0.1008,0.0922,-5.86,0.0074,0.0304,0.0079,2.29,Low,False,none
TRD0107067,TRD0045,CMP001,LMTI,2026-04-24 15:14:32,BUY,ETF,Bracket Order,29908,308.11,9214953.88,3.1332,4.884,4,6,3.875,7.58,1094.22,True,4.3234,False,False,2,0.3612,0.788,4.79,0.9177,0.8806,0.7992,87.58,Critical,True,layering
TRD0086049,TRD0436,CMP001,LMTI,2026-02-12 12:01:22,BUY,ETF,Bracket Order,13416,318.06,4267092.96,1.3,0.9118,3,10,1.5237,399.67,1223.56,False,0.9037,False,False,0,0.0279,0.0827,-1.54,0.1204,0.1314,0.3669,15.69,Low,False,none
TRD0102567,TRD0183,CMP003,NCBQ,2025-10-20 10:25:52,SELL,Options,Limit,13030,125.98,1641519.4,1.2407,-0.48,1,5,1.9065,2718.13,9999.0,False,1.1229,True,False,0,0.0663,0.4125,-8.25,0.0763,0.2146,0.0105,14.15,Low,False,none
TRD0057419,TRD0136,CMP058,JGPO,2026-04-05 17:50:01,BUY,ETF,Limit,15457,326.14,5041145.98,5.4856,6.1737,3,20,2.7504,876.16,10.33,False,2.4684,False,True,2,0.7383,0.3098,4.46,0.7853,0.6497,0.5998,66.92,Medium,True,spoofing
TRD0024102,TRD0083,CMP001,LMTI,2025-12-21 15:01:36,BUY,Equity,Bracket Order,311760,335.52,104601715.2,8.7291,4.9002,3,20,2.9379,45.44,9999.0,True,3.4569,False,False,2,0.7658,0.1354,4.04,0.7192,0.3101,0.638,52.59,Medium,True,circular_trading
TRD0095224,TRD0414,CMP021,TXFE,2026-05-27 07:11:26,BUY,ETF,Stop-Loss,9804,69.34,679809.36,11.5967,6.1561,3,4,3.697,17.05,3268.79,True,2.0258,False,True,5,0.0619,0.8918,6.6,0.92,0.7841,0.5856,82.62,High,True,front_running
TRD0065185,TRD0263,CMP036,UCCA,2026-01-08 10:17:20,BUY,Equity,Cover Order,24335,108.63,2643511.05,1.1112,-1.0186,2,15,1.8567,118.8,797.17,False,-0.7427,False,False,0,0.1238,0.3414,-2.45,0.0258,0.1676,0.0727,10.69,Low,False,none
TRD0079234,TRD0151,CMP006,XBFQ,2026-01-04 09:38:41,BUY,Equity,Market,78296,45.91,3594569.36,0.7488,2.1908,4,1,1.5003,1034.98,9999.0,False,1.6206,False,False,6,0.0122,0.0345,0.95,0.136,0.0533,0.1949,10.99,Low,False,none
TRD0025715,TRD0385,CMP040,PWVJ,2026-03-14 14:23:56,BUY,Options,Stop-Loss,58888,52.14,3070420.32,5.894,2.6711,5,7,3.1824,20.44,1072.37,True,4.0609,True,False,5,0.5721,0.69,0.06,0.839,0.8997,0.5885,80.47,High,True,wash_trading
TRD0047725,TRD0198,CMP003,NCBQ,2026-05-11 12:09:05,BUY,Equity,Stop-Loss,328349,139.34,45752149.66,4.1825,5.9374,4,15,3.0293,19.88,1055.9,True,3.5556,False,False,1,0.3245,0.0175,8.64,0.9704,0.9729,0.7216,83.85,High,True,insider_trading
TRD0051398,TRD0412,CMP040,PWVJ,2026-03-27 15:36:02,SELL,Options,Stop-Loss,354444,60.16,21323351.04,5.8239,4.8964,3,15,3.0338,5.08,292.77,True,2.5366,True,False,7,0.2497,0.5609,4.74,0.9206,0.9377,0.7839,86.93,Critical,True,layering
TRD0108863,TRD0497,CMP049,JIRH,2025-12-08 14:48:30,SELL,Equity,Bracket Order,49072,167.05,8197477.6,0.8254,0.0354,3,3,0.8841,1217.74,9999.0,False,-0.1811,False,False,0,0.069,0.4946,-3.8,0.0135,0.0551,0.0431,7.85,Low,False,none
TRD0077191,TRD0081,CMP021,TXFE,2026-05-05 11:51:43,SELL,Equity,Market,46276,79.26,3667835.76,0.7788,-0.2194,3,4,1.2295,540.38,2745.46,False,0.3124,False,False,0,0.0065,0.233,-2.33,0.0428,0.1061,0.4934,14.84,Low,False,none
TRD0106914,TRD0041,CMP004,KQZJ,2025-12-07 13:27:29,SELL,ETF,Stop-Loss,173690,138.59,24071697.1,7.0178,6.8593,1,11,1.741,35.35,397.67,True,2.2165,False,False,2,0.4017,0.862,4.33,0.9558,0.7756,0.845,87.57,Critical,True,insider_trading
TRD0067414,TRD0097,CMP000,SPDZ,2026-03-02 11:57:34,BUY,Options,Market,322147,485.34,156350824.98,6.0727,6.5037,3,8,1.9418,5.12,857.99,True,2.2958,True,False,4,0.4739,0.8788,6.11,0.8033,0.8352,0.5939,78.9,High,True,layering
TRD0084760,TRD0462,CMP032,MXGK,2026-06-16 07:33:30,BUY,Equity,Bracket Order,198029,1141.6,226069906.4,6.9754,5.299,5,21,2.6656,46.36,647.6,True,4.1511,False,True,6,0.7476,0.5748,4.12,0.7315,0.7369,0.8603,73.68,High,True,layering
TRD0112762,TRD0412,CMP032,MXGK,2025-11-06 11:45:53,SELL,ETF,Bracket Order,635981,1133.27,720738187.87,9.5197,6.0517,1,2,2.164,2006.57,3.85,False,4.6565,False,False,4,0.4091,0.5609,5.2,0.9069,0.9028,0.8538,86.31,Critical,True,circular_trading
TRD0029374,TRD0157,CMP038,UXVA,2026-04-21 10:29:34,SELL,Equity,Cover Order,4857,649.43,3154281.51,0.5414,0.1388,1,7,1.1312,408.8,1416.04,False,-0.4751,False,False,3,0.0209,0.0355,0.35,0.0285,0.0431,0.0794,4.12,Low,False,none
TRD0040577,TRD0385,CMP002,JBDO,2026-05-27 10:00:21,BUY,ETF,Cover Order,59026,125.78,7424290.28,4.8378,4.5736,1,10,3.9753,20.9,641.8,True,4.6433,False,False,3,0.2751,0.69,2.29,0.4178,0.895,0.7782,64.22,Medium,True,front_running
TRD0002633,TRD0487,CMP042,EKVN,2026-05-02 15:47:21,BUY,Equity,Stop-Loss,102878,217.55,22381108.9,6.0469,4.8225,3,12,2.0962,887.52,7.57,False,4.337,False,False,5,0.9978,0.1843,5.52,0.9453,0.7843,0.7023,78.44,High,True,wash_trading
TRD0026038,TRD0455,CMP047,VBOF,2025-10-16 09:56:11,BUY,Equity,Bracket Order,73671,286.46,21103794.66,1.1608,0.3288,3,19,1.2703,419.64,9999.0,False,-1.9056,False,False,0,0.0442,0.2517,-6.73,0.0746,0.0234,0.0162,6.82,Low,False,none
TRD0103037,TRD0207,CMP030,FHSA,2025-12-09 08:47:01,BUY,Options,Bracket Order,73211,93.91,6875245.01,4.9696,3.9266,3,16,3.8396,17.04,9999.0,True,3.9235,True,True,5,0.5003,0.5604,2.49,0.9468,0.9403,0.7006,86.93,Critical,True,insider_trading
TRD0045170,TRD0432,CMP038,UXVA,2026-06-05 15:57:46,BUY,ETF,Market,48595,661.39,32140247.05,1.2271,-0.3579,4,9,1.5411,9999.0,197.99,False,0.8949,False,False,3,0.0967,0.1924,3.84,0.138,0.1662,0.0595,14.01,Low,False,none
TRD0052914,TRD0475,CMP009,QWEI,2026-05-26 07:25:53,BUY,Equity,Bracket Order,2425136,102.24,247945904.64,9.3934,2.9527,3,8,3.1775,27.38,423.33,True,2.1656,False,True,4,0.6064,0.8184,2.66,0.9795,0.9101,0.6858,89.85,Critical,True,wash_trading
TRD0059954,TRD0212,CMP029,OPWR,2026-05-05 07:57:26,SELL,Options,Cover Order,10667,67.77,722902.59,4.1728,6.1248,1,21,2.8651,50.01,1519.7,False,2.486,True,True,3,0.3495,0.2943,3.28,0.7728,0.8174,0.7037,72.8,High,True,insider_trading
TRD0009433,TRD0372,CMP040,PWVJ,2025-11-09 14:02:23,BUY,Equity,Limit,21768,22.3,485426.4,0.8126,0.0811,1,15,0.5269,1927.99,9999.0,False,-1.1775,False,False,0,0.0785,0.5577,-0.16,0.0002,0.2153,0.0482,12.77,Low,False,none
TRD0023913,TRD0372,CMP033,CHAM,2025-11-18 13:59:59,BUY,Equity,Bracket Order,259324,1374.7,356492702.8,8.0242,5.2143,1,9,2.8102,35.07,9999.0,True,2.5315,False,False,5,0.4052,0.5577,2.92,0.895,0.9063,0.6162,82.28,High,True,spoofing
TRD0052075,TRD0412,CMP013,RXNL,2026-05-15 17:53:50,SELL,Equity,Cover Order,524128,160.11,83918134.08,10.4563,5.5328,5,11,1.6713,9.46,1351.22,True,2.9876,False,True,0,0.3168,0.5609,-0.71,0.8306,0.4157,0.7873,67.27,Medium,True,pump_and_dump
TRD0068956,TRD0041,CMP027,BNLN,2025-12-14 09:36:25,SELL,Equity,Bracket Order,265007,285.55,75672748.85,11.1606,6.2229,2,11,1.7109,44.11,869.4,True,3.5304,False,False,5,0.4947,0.862,3.11,0.9104,0.7662,0.8366,85.12,Critical,True,layering
TRD0080096,TRD0385,CMP025,JXOT,2025-11-08 09:27:56,SELL,Equity,Limit,102736,257.84,26489450.24,8.898,6.3328,4,7,3.0533,41.11,9999.0,True,3.1599,False,False,3,0.8906,0.69,1.21,0.9172,0.7381,0.6195,79.61,High,True,insider_trading
TRD0076952,TRD0090,CMP047,VBOF,2026-02-20 15:35:26,BUY,Equity,Cover Order,34075,253.29,8630856.75,5.5693,4.416,4,23,2.5064,32.62,286.94,True,3.107,False,False,0,0.9679,0.6416,-3.12,0.8901,0.7684,0.5758,78.16,High,True,spoofing
TRD0091868,TRD0135,CMP003,NCBQ,2026-06-27 15:17:40,SELL,ETF,Cover Order,26218,115.76,3034995.68,0.9477,-1.0189,5,20,1.4972,9999.0,1111.26,False,0.7505,False,False,0,0.0537,0.2592,-1.35,0.1422,0.0258,0.043,10.41,Low,False,none
TRD0118650,TRD0045,CMP031,NGEI,2026-01-08 11:24:11,BUY,Options,Bracket Order,116465,447.13,52074995.45,8.6637,4.6948,2,17,2.3699,44.8,9999.0,True,2.1845,True,False,1,0.7231,0.788,1.14,0.939,0.8725,0.6173,85.57,Critical,True,front_running
TRD0098422,TRD0351,CMP013,RXNL,2026-03-19 09:47:24,SELL,ETF,Stop-Loss,539594,132.63,71566352.22,11.135,3.6302,3,16,1.7014,24.89,346.49,True,2.4445,False,False,7,0.5986,0.6234,10.41,0.8114,0.9206,0.4636,77.32,High,True,front_running
TRD0100549,TRD0363,CMP027,BNLN,2026-05-15 13:44:32,BUY,ETF,Limit,3902,306.76,1196977.52,0.612,0.0765,2,10,0.8708,746.37,3287.66,False,0.0477,False,False,0,0.0219,0.0525,-5.18,0.0178,0.0251,0.2315,5.55,Low,False,none
TRD0011176,TRD0462,CMP058,JGPO,2026-06-14 13:47:40,BUY,ETF,Stop-Loss,168767,311.64,52594547.88,5.2985,2.9689,4,6,3.5228,29.15,506.03,True,2.5326,False,False,5,0.5408,0.5748,2.53,0.8585,0.6853,0.697,75.39,High,True,insider_trading
TRD0058691,TRD0148,CMP017,FNLM,2026-04-13 10:33:40,SELL,Futures,Cover Order,128299,612.52,78585703.48,11.3418,5.5644,2,2,1.7631,23.26,781.29,True,3.7609,True,False,4,0.0445,0.1353,3.15,0.705,0.877,0.7527,70.68,High,True,insider_trading
TRD0080352,TRD0321,CMP055,NKNY,2026-03-09 15:44:18,BUY,ETF,Limit,27926,1063.23,29691760.98,0.7799,0.4593,4,2,1.3469,340.59,1134.9,False,0.3188,False,False,0,0.1051,0.1224,-4.46,0.1527,0.0126,0.1907,11.33,Low,False,none
TRD0113045,TRD0412,CMP043,QBPR,2026-05-20 14:06:31,BUY,Equity,Bracket Order,456708,418.27,191027255.16,7.9091,3.3232,5,24,2.2489,34.06,110.03,True,4.1652,False,False,7,0.092,0.5609,2.18,0.6941,0.869,0.3605,68.32,Medium,True,front_running
TRD0067461,TRD0462,CMP030,FHSA,2025-12-28 10:30:37,BUY,Options,Stop-Loss,424535,140.96,59842453.6,11.1593,4.9164,3,19,2.2094,4.52,440.68,True,4.4835,True,False,2,0.3984,0.5748,7.44,0.7059,0.782,0.8127,73.16,High,True,wash_trading
TRD0067335,TRD0082,CMP004,KQZJ,2026-06-17 12:51:17,BUY,Equity,Market,584730,90.12,52695867.6,10.3215,2.8341,3,1,3.3616,9999.0,3.33,False,2.7733,False,False,0,0.6893,0.0876,-0.7,0.8265,0.8187,0.3795,68.32,Medium,True,spoofing
TRD0091402,TRD0252,CMP038,UXVA,2026-01-05 11:13:25,SELL,ETF,Bracket Order,186586,656.88,122564611.68,5.3219,5.6317,3,11,3.4428,30.27,9999.0,True,4.2346,False,False,4,0.5264,0.7888,3.21,0.8491,0.9064,0.8216,85.61,Critical,True,insider_trading
TRD0050490,TRD0007,CMP051,NQWS,2026-03-17 15:12:55,BUY,ETF,Market,41715,8.39,349988.85,1.0779,-0.184,5,13,0.8723,1130.03,1048.78,False,-1.843,False,False,4,0.0666,0.1944,0.69,0.0855,0.0322,0.0225,7.1,Low,False,none
TRD0007762,TRD0252,CMP024,GGME,2026-01-27 14:49:09,BUY,Options,Market,235351,61.2,14403481.2,6.3099,3.8763,5,20,3.8131,32.31,280.17,True,4.3709,True,False,6,0.7473,0.7888,3.65,0.8279,0.7405,0.8294,79.8,High,True,wash_trading
TRD0080220,TRD0199,CMP006,XBFQ,2025-12-15 15:23:56,SELL,ETF,Cover Order,5510,66.46,366194.6,1.3246,0.7894,1,18,0.6521,1509.22,9999.0,False,-1.3418,False,False,0,0.1447,0.0179,-5.37,0.0142,0.0623,0.0037,2.74,Low,False,none
TRD0098716,TRD0022,CMP002,JBDO,2025-11-20 09:36:28,BUY,Equity,Stop-Loss,19656,108.86,2139752.16,1.3769,0.5826,4,13,0.635,302.03,9999.0,False,1.1567,False,False,4,0.0467,0.3839,6.69,0.1492,0.0521,0.0443,12.78,Low,False,none
TRD0011145,TRD0191,CMP012,INMT,2026-05-31 15:52:21,BUY,ETF,Bracket Order,41740,226.35,9447849.0,1.0346,-0.8229,2,16,1.9119,9999.0,129.63,False,-0.421,False,False,0,0.1743,0.0305,-0.63,0.0364,0.0979,0.0476,5.59,Low,False,none
TRD0108354,TRD0372,CMP006,XBFQ,2026-02-15 11:45:20,BUY,Equity,Stop-Loss,265725,34.39,9138282.75,10.1298,3.6358,5,22,3.7244,24.87,9999.0,True,2.1371,False,False,1,0.1887,0.5577,6.05,0.9278,0.9735,0.7615,87.96,Critical,True,layering
TRD0105654,TRD0090,CMP046,LUQA,2026-04-04 07:35:53,BUY,Futures,Bracket Order,33371,184.85,6168629.35,6.9413,3.4035,4,4,2.4679,32.5,362.88,True,2.721,True,True,1,0.2665,0.6416,1.02,0.8387,0.8491,0.48,76.83,High,True,insider_trading
TRD0078982,TRD0349,CMP024,GGME,2026-03-08 15:11:18,SELL,ETF,Bracket Order,124200,55.1,6843420.0,1.2703,0.4422,2,7,1.923,442.96,928.06,False,-0.703,False,False,6,0.0402,0.1307,6.09,0.0012,0.0537,0.0213,3.29,Low,False,none
TRD0036236,TRD0110,CMP041,LXML,2025-12-09 12:51:41,BUY,Equity,Limit,9809,472.72,4636910.48,0.9155,-0.8192,2,15,1.4354,27.97,9999.0,True,0.1659,False,False,6,0.0496,0.2277,0.84,0.0247,0.0076,0.129,5.55,Low,False,none
TRD0111198,TRD0195,CMP053,SVJO,2026-04-21 13:26:12,SELL,ETF,Cover Order,252969,31.96,8084889.24,1.8992,-1.034,1,11,1.2795,1186.08,955.73,False,0.6005,False,False,2,0.0294,0.1846,2.05,0.0058,0.0813,0.0573,5.41,Low,False,none
TRD0048292,TRD0417,CMP057,PNYK,2026-02-01 09:50:32,BUY,ETF,Limit,17368,57.88,1005259.84,0.6493,-0.3593,4,16,1.275,2039.67,229.53,False,-0.1322,False,False,0,0.1018,0.1572,-1.22,0.1306,0.0598,0.0427,9.88,Low,False,none
TRD0048581,TRD0069,CMP030,FHSA,2025-10-26 10:56:09,BUY,ETF,Limit,54714,152.68,8353733.52,0.8059,-1.3519,5,11,0.6578,1070.89,9999.0,False,-0.4044,False,False,4,0.0862,0.3824,3.53,0.0455,0.0583,0.0962,9.06,Low,False,none
TRD0022373,TRD0440,CMP054,SCIM,2025-10-14 15:33:05,BUY,ETF,Limit,6140,153.42,941998.8,1.0716,1.2816,4,15,0.5858,410.24,9999.0,False,-1.5035,False,False,4,0.0528,0.4866,4.35,0.0121,0.0438,0.0948,8.15,Low,False,none
TRD0054779,TRD0483,CMP030,FHSA,2025-10-09 15:28:06,BUY,ETF,Stop-Loss,18940,117.81,2231321.4,0.8553,-1.1753,2,20,0.723,1474.36,9999.0,False,1.6866,False,False,0,0.0456,0.1801,-0.77,0.006,0.061,0.0422,4.53,Low,False,none
TRD0034058,TRD0255,CMP038,UXVA,2026-02-20 09:00:55,SELL,Futures,Bracket Order,251193,606.16,152263148.88,8.2894,6.9349,3,16,2.5776,25.43,1071.52,True,3.8677,True,False,7,1.1456,0.8046,3.44,0.946,0.8392,0.8503,88.55,Critical,True,layering
TRD0023994,TRD0097,CMP039,JDXM,2026-03-12 07:06:09,SELL,Equity,Cover Order,363137,114.14,41448457.18,6.9634,2.6728,4,23,2.8949,24.8,207.74,True,2.4302,False,True,6,0.7741,0.8788,5.99,0.2467,0.8912,0.71,57.28,Medium,True,spoofing
TRD0092370,TRD0412,CMP045,BPXM,2026-05-30 17:54:51,SELL,Futures,Bracket Order,186315,258.2,48106533.0,3.0761,5.3577,5,5,3.3921,33.31,928.56,True,4.0653,True,True,4,0.5226,0.5609,2.21,0.8513,0.6805,0.7627,75.77,High,True,spoofing
TRD0026426,TRD0351,CMP038,UXVA,2026-05-07 12:29:23,SELL,Equity,Limit,475087,665.34,316094384.58,9.6608,6.1825,2,17,2.6364,22.81,1802.04,True,4.4843,False,False,3,0.543,0.6234,5.41,0.8837,0.479,0.741,71.49,High,True,insider_trading
TRD0049258,TRD0063,CMP027,BNLN,2026-06-15 12:39:59,BUY,Options,Cover Order,186804,250.21,46740228.84,4.9227,4.2293,1,20,2.2274,3.44,4030.59,True,4.2459,True,False,0,0.2647,0.6313,-0.3,0.9635,0.7226,0.5389,79.43,High,True,insider_trading
TRD0090177,TRD0252,CMP058,JGPO,2026-05-10 16:28:15,SELL,Futures,Limit,359342,344.26,123707076.92,10.3895,6.4464,2,6,2.2259,37.52,848.97,True,4.5605,True,True,3,0.5566,0.7888,5.59,0.9125,0.9425,0.7994,89.22,Critical,True,front_running
TRD0055221,TRD0376,CMP001,LMTI,2026-02-08 09:09:58,SELL,ETF,Market,12037,347.58,4183820.46,0.6293,0.1192,2,21,1.251,498.53,1124.7,False,-0.0469,False,False,3,0.2016,0.0421,3.2,0.0582,0.0025,0.089,4.45,Low,False,none
TRD0019015,TRD0390,CMP051,NQWS,2026-05-26 18:50:17,BUY,Equity,Market,30861,7.62,235160.82,3.7539,3.0673,2,24,2.8263,0.49,409.58,True,4.2465,False,True,0,0.4817,0.6803,-0.6,0.7142,0.7803,0.5552,70.68,High,True,pump_and_dump
TRD0028659,TRD0390,CMP015,WXZK,2026-06-14 15:12:19,SELL,Equity,Market,50260,560.55,28173243.0,5.9702,4.0285,5,2,1.6655,15.08,1074.43,True,2.8006,False,False,1,0.3358,0.6803,7.21,0.7392,0.8122,0.5953,73.36,High,True,insider_trading
TRD0054210,TRD0261,CMP029,OPWR,2025-10-14 12:24:02,SELL,Equity,Bracket Order,17892,60.3,1078887.6,1.0599,0.0828,1,22,1.7001,1704.22,9999.0,False,-0.7817,False,False,1,0.0272,0.1468,2.47,0.0139,0.0283,0.0503,3.7,Low,False,none
TRD0101599,TRD0154,CMP054,SCIM,2025-10-30 12:59:09,BUY,Equity,Cover Order,51454,180.76,9300825.04,10.4535,2.6964,1,2,1.5853,28.81,9999.0,True,2.0427,False,False,4,0.2303,0.3488,0.42,0.5533,0.7806,0.7735,63.41,Medium,True,front_running
TRD0097081,TRD0462,CMP044,UDJH,2026-05-30 14:24:41,SELL,ETF,Stop-Loss,318895,47.62,15185779.9,7.9597,3.8553,5,24,2.8413,6.47,483.56,True,3.6426,False,False,2,0.6171,0.5748,3.45,0.9316,0.896,0.915,88.28,Critical,True,spoofing
TRD0119770,TRD0145,CMP051,NQWS,2025-11-10 12:05:44,SELL,Equity,Limit,4942,2.07,10229.94,0.8476,0.6974,1,5,1.0019,419.5,9999.0,False,-0.6876,False,False,1,0.0949,0.1415,3.04,0.039,0.0147,0.0214,3.93,Low,False,none
TRD0032705,TRD0129,CMP005,QSGC,2026-05-26 09:46:48,SELL,Equity,Stop-Loss,4732,122.65,580379.8,1.3404,0.1846,3,23,1.3503,548.44,2052.69,False,1.6704,False,False,1,0.0257,0.2007,1.07,0.0693,0.1181,0.0367,9.22,Low,False,none
TRD0027015,TRD0207,CMP016,FWEI,2026-03-10 11:58:12,BUY,Equity,Bracket Order,99876,838.75,83770995.0,6.1,4.5646,2,17,1.7895,46.0,723.6,True,2.475,False,False,5,0.5211,0.5604,6.64,0.9328,0.9892,0.6567,87.11,Critical,True,wash_trading
TRD0017012,TRD0257,CMP034,SIHG,2026-05-30 10:00:11,BUY,ETF,Stop-Loss,85449,319.5,27300955.5,1.3274,0.5725,4,17,1.0597,9999.0,312.16,False,0.3232,False,False,3,0.0584,0.2253,2.7,0.0225,0.048,0.0504,5.46,Low,False,none
TRD0108977,TRD0351,CMP006,XBFQ,2026-04-01 08:28:13,SELL,Equity,Bracket Order,421874,75.69,31931643.06,6.9378,4.0008,4,17,1.917,9999.0,12.67,False,2.1011,False,True,0,0.5006,0.6234,-1.73,0.944,0.8196,0.7522,84.58,High,True,wash_trading
TRD0090773,TRD0481,CMP022,TTZR,2026-05-14 17:22:46,BUY,Equity,Market,897354,401.74,360502995.96,6.0888,4.3725,4,1,1.5867,16.74,1663.93,True,3.4933,False,True,6,0.2457,0.4861,8.88,0.7394,0.736,0.5997,69.21,Medium,True,wash_trading
TRD0017344,TRD0222,CMP018,YGCX,2026-06-17 14:40:54,BUY,Options,Market,92299,741.26,68417556.74,5.5658,6.4431,2,21,3.243,26.84,947.66,True,2.5273,True,False,1,1.2654,0.7021,3.89,0.9475,0.8257,0.8655,87.41,Critical,True,layering
TRD0086569,TRD0025,CMP036,UCCA,2025-11-27 18:12:56,BUY,Futures,Stop-Loss,191306,107.44,20553916.64,9.6597,3.1145,1,14,2.2003,39.15,317.5,True,3.5542,True,True,6,0.8466,0.0427,1.99,0.8144,0.7837,0.5936,69.49,Medium,True,spoofing
TRD0118586,TRD0372,CMP059,RFEI,2026-01-28 09:32:10,SELL,Futures,Bracket Order,195978,94.17,18455248.26,7.4996,6.7618,2,3,2.7538,39.84,1132.17,True,2.3474,True,False,6,0.3582,0.5577,3.04,0.9033,0.7399,0.4593,75.31,High,True,wash_trading
TRD0078787,TRD0165,CMP025,JXOT,2026-04-04 15:56:58,BUY,ETF,Limit,85876,249.05,21387417.8,0.9089,0.2364,3,19,1.4819,586.83,1502.65,False,-0.8867,False,False,1,0.0222,0.3813,0.78,0.0538,0.183,0.3257,16.61,Low,False,none
TRD0010648,TRD0475,CMP049,JIRH,2026-01-27 17:43:32,BUY,Futures,Cover Order,3811947,203.21,774625749.87,10.4077,6.4319,4,13,2.9601,14.83,9999.0,True,3.2826,True,True,4,0.1638,0.8184,2.93,0.8937,0.8701,0.8795,87.7,Critical,True,insider_trading
TRD0043562,TRD0336,CMP058,JGPO,2026-04-03 17:41:39,BUY,ETF,Bracket Order,168876,351.26,59319383.76,4.8415,4.3632,1,9,3.6678,37.81,181.8,True,4.1085,False,True,5,0.7832,0.7178,4.41,0.7749,0.717,0.6753,73.69,High,True,circular_trading
TRD0084642,TRD0462,CMP052,QXXS,2025-11-08 13:20:42,SELL,Futures,Stop-Loss,339204,1775.41,602226173.64,8.3228,6.027,5,20,2.3566,19.02,9999.0,True,2.1004,True,False,1,0.4026,0.5748,4.34,0.9331,0.8468,0.7629,84.58,High,True,wash_trading
TRD0099891,TRD0307,CMP026,UGLJ,2025-11-11 12:43:19,SELL,Equity,Market,7749,1574.1,12197700.9,0.9904,-1.258,4,12,1.0383,1014.46,260.64,False,-0.1062,False,False,4,0.0881,0.2444,3.49,0.0688,0.117,0.0904,10.41,Low,False,none
TRD0010692,TRD0432,CMP008,OIUY,2025-10-04 14:48:08,SELL,ETF,Cover Order,30712,875.74,26895726.88,0.6853,-0.4353,1,10,1.8867,1832.2,9999.0,False,-1.3121,False,False,0,0.097,0.1924,-4.48,0.0084,0.0016,0.1065,3.95,Low,False,none
TRD0061247,TRD0041,CMP038,UXVA,2026-01-06 11:04:06,SELL,ETF,Market,198596,664.27,131921364.92,7.4373,2.585,4,12,3.9786,6.43,9999.0,True,4.8241,False,False,5,0.912,0.862,3.7,0.6156,0.6879,0.8264,69.35,Medium,True,insider_trading
TRD0010788,TRD0346,CMP042,EKVN,2025-10-20 11:06:51,SELL,ETF,Cover Order,20641,195.68,4039030.88,1.0091,-1.5515,3,2,1.0377,282.11,9999.0,False,1.396,False,False,0,0.0391,0.0967,-4.67,0.0031,0.1272,0.0035,4.97,Low,False,none
TRD0043577,TRD0406,CMP055,NKNY,2026-01-31 09:56:32,BUY,ETF,Cover Order,10076,1106.89,11153023.64,0.7061,0.5405,2,8,1.5382,1234.38,241.1,False,-0.6072,False,False,1,0.1458,0.0986,0.69,0.0293,0.1427,0.0821,7.82,Low,False,none
TRD0059496,TRD0184,CMP028,EZAB,2025-11-04 10:57:15,SELL,Equity,Stop-Loss,1253019,1938.12,2428501184.28,9.4913,5.0781,3,10,3.5938,1.15,9999.0,True,2.6443,False,False,4,0.7985,0.8894,4.6,0.5673,0.7003,0.4769,62.58,Medium,True,front_running
TRD0090691,TRD0312,CMP055,NKNY,2026-01-05 14:21:00,SELL,ETF,Limit,252606,1109.1,280165314.6,3.9286,6.2572,1,5,2.493,44.42,225.66,True,2.556,False,False,0,0.489,0.7761,-2.23,0.6743,0.7592,0.4871,68.19,Medium,True,layering
TRD0031880,TRD0419,CMP039,JDXM,2026-05-05 13:02:09,BUY,Equity,Stop-Loss,62821,127.29,7996485.09,0.7383,-0.2857,1,7,1.4567,16.11,1277.13,True,1.4046,False,False,5,0.1747,0.0961,5.89,0.0255,0.0504,0.0703,4.68,Low,False,none
TRD0006476,TRD0312,CMP004,KQZJ,2026-06-15 08:22:11,SELL,Options,Cover Order,461489,87.39,40329523.71,8.199,3.7736,4,12,2.0526,49.15,886.79,False,4.2983,True,True,5,0.537,0.7761,3.2,0.6072,0.6428,0.9208,68.18,Medium,True,pump_and_dump
TRD0043568,TRD0359,CMP053,SVJO,2026-06-08 16:58:41,BUY,Futures,Stop-Loss,55730,29.14,1623972.2,7.6511,2.9305,2,2,2.5042,30.53,2111.27,True,4.5081,True,True,7,0.3085,0.3502,5.08,0.8518,0.7602,0.5868,73.44,High,True,pump_and_dump
TRD0087280,TRD0027,CMP004,KQZJ,2025-11-16 09:02:41,SELL,ETF,Cover Order,112669,147.37,16604030.53,0.8861,-0.5065,4,18,1.2377,110.75,9999.0,False,0.3448,False,False,0,0.0658,0.2618,-1.48,0.1031,0.0071,0.0361,8.01,Low,False,none
TRD0040888,TRD0041,CMP039,JDXM,2026-06-13 12:33:30,SELL,ETF,Stop-Loss,99728,65.29,6511241.12,4.5556,4.5344,5,8,3.4438,33.31,186.6,True,2.4771,False,False,7,0.3808,0.862,1.15,0.675,0.9064,0.1376,68.25,Medium,True,insider_trading
TRD0045833,TRD0336,CMP011,CGLO,2026-06-05 11:23:39,SELL,ETF,Stop-Loss,149072,77.44,11544135.68,4.2815,5.6206,4,18,1.5854,4.2,736.06,True,3.0401,False,False,4,0.2952,0.7178,6.08,0.7507,0.4779,0.5467,63.5,Medium,True,layering
TRD0028957,TRD0052,CMP038,UXVA,2026-02-21 12:53:40,BUY,Equity,Limit,61551,614.95,37850787.45,4.7322,2.5204,3,20,3.0841,1822.4,2.45,False,2.3939,False,False,3,0.121,0.2251,4.86,0.7111,0.5394,0.6127,59.62,Medium,True,insider_trading
TRD0025071,TRD0255,CMP039,JDXM,2026-03-03 14:54:42,BUY,Equity,Limit,276696,102.6,28389009.6,9.937,2.881,4,3,3.8691,0.45,1425.26,True,3.8942,False,False,2,0.4389,0.8046,3.42,0.9041,0.8153,0.8196,85.48,Critical,True,insider_trading
TRD0011461,TRD0196,CMP039,JDXM,2026-03-13 15:47:05,BUY,Equity,Limit,52975,112.17,5942205.75,5.8069,4.0497,2,9,1.9316,1285.36,7.88,False,3.5459,False,False,1,0.4561,0.4032,4.38,0.6181,0.7677,0.9201,68.68,Medium,True,insider_trading
TRD0030759,TRD0397,CMP036,UCCA,2026-03-27 14:12:11,BUY,ETF,Cover Order,1401058,139.36,195251442.88,9.2574,2.7287,1,13,2.7278,25.56,1757.11,True,2.5595,False,False,6,0.638,0.3764,1.87,0.7221,0.874,0.5054,70.06,High,True,insider_trading
TRD0113903,TRD0351,CMP042,EKVN,2026-06-09 14:41:06,BUY,Futures,Cover Order,322074,215.47,69397284.78,7.4264,4.2671,1,21,3.5972,24.56,23.38,True,4.0779,True,False,0,0.0069,0.6234,-0.58,0.7221,0.6637,0.4773,65.8,Medium,True,pump_and_dump
TRD0106049,TRD0463,CMP015,WXZK,2025-10-31 11:35:18,SELL,ETF,Limit,83818,559.63,46907067.34,8.398,5.3976,2,22,1.6584,510.1,6.2,False,4.3241,False,False,1,0.5645,0.3469,7.16,0.8915,0.8478,0.6851,79.3,High,True,front_running
TRD0108349,TRD0196,CMP022,TTZR,2026-06-17 09:49:36,BUY,Options,Bracket Order,34360,423.08,14537028.8,3.7048,3.7126,4,24,1.5106,19.47,791.7,True,4.7086,True,False,3,0.4232,0.4032,5.88,0.7324,0.6814,0.7803,69.14,Medium,True,front_running
TRD0087031,TRD0336,CMP019,ADNW,2026-05-10 12:23:36,BUY,Equity,Limit,265338,34.0,9021492.0,7.3269,5.2777,2,17,2.8895,32.42,431.08,True,3.451,False,False,3,0.2921,0.7178,4.25,0.9226,0.8202,0.7798,85.0,Critical,True,insider_trading
TRD0071404,TRD0414,CMP027,BNLN,2026-06-17 17:53:26,BUY,Futures,Limit,3662,297.47,1089335.14,4.036,4.4138,1,17,3.2849,34.27,49.78,True,4.5365,True,True,6,0.3377,0.8918,3.24,0.8128,0.976,0.9222,88.61,Critical,True,insider_trading
TRD0030303,TRD0041,CMP013,RXNL,2026-03-03 09:21:27,BUY,Futures,Bracket Order,116539,117.31,13671190.09,4.7516,6.5426,4,20,2.1059,37.95,1302.01,True,3.0535,True,False,7,0.5254,0.862,3.79,0.9091,0.5683,0.5322,74.56,High,True,insider_trading
TRD0065837,TRD0158,CMP026,UGLJ,2026-02-12 14:00:29,BUY,Equity,Bracket Order,21425,1511.95,32393528.75,1.2832,-1.1338,2,17,1.4595,1902.88,1141.45,False,0.0334,False,False,0,0.0392,0.0919,-1.39,0.1738,0.1332,0.076,13.88,Low,False,none
TRD0014669,TRD0289,CMP047,VBOF,2026-04-02 07:57:34,BUY,ETF,Cover Order,8584,243.79,2092693.36,1.2082,-0.537,2,20,0.5447,370.4,943.75,False,-0.201,False,True,0,0.0383,0.165,-2.59,0.0105,0.0173,0.092,4.02,Low,False,none
TRD0056474,TRD0255,CMP010,VTWH,2026-03-16 14:36:36,SELL,ETF,Market,262298,71.81,18835619.38,10.0539,4.0737,5,18,2.594,15.27,397.75,True,2.1651,False,False,7,0.4952,0.8046,1.68,0.7796,0.3746,0.5906,63.22,Medium,True,layering
TRD0104238,TRD0211,CMP054,SCIM,2025-10-29 16:37:39,SELL,ETF,Bracket Order,9234,179.63,1658703.42,5.5096,6.5039,4,16,3.5923,49.17,9999.0,False,4.6696,False,True,7,0.3527,0.4793,2.28,0.9163,0.6593,0.4016,71.83,High,True,front_running
TRD0013755,TRD0097,CMP039,JDXM,2026-01-02 09:29:17,BUY,Futures,Stop-Loss,416793,94.29,39299411.97,9.2704,5.6301,2,7,3.5787,20.17,9999.0,True,2.3085,True,False,4,0.6103,0.8788,1.52,0.8101,0.7298,0.8704,80.19,High,True,layering
TRD0050704,TRD0483,CMP024,GGME,2026-02-24 11:58:14,SELL,Equity,Limit,47231,60.6,2862198.6,1.8024,-2.1221,4,9,1.6148,734.18,636.84,False,-1.1259,False,False,7,0.1049,0.1801,4.23,0.0251,0.0823,0.0559,6.24,Low,False,none
TRD0004752,TRD0047,CMP036,UCCA,2026-03-13 14:56:50,SELL,Options,Bracket Order,16457,145.82,2399759.74,1.2804,0.0894,4,12,1.6743,360.82,1421.86,False,0.9443,True,False,0,0.1012,0.3376,-4.11,0.1024,0.1664,0.0506,13.74,Low,False,none
TRD0017055,TRD0079,CMP030,FHSA,2026-03-05 08:22:45,BUY,ETF,Limit,5546,131.58,729742.68,1.037,0.3564,2,2,1.8668,2556.68,1601.35,False,-0.008,False,True,0,0.0773,0.0359,-4.44,0.0728,0.2243,0.0042,10.43,Low,False,none
TRD0059855,TRD0085,CMP056,ASGU,2026-03-13 14:13:01,BUY,Options,Bracket Order,108692,764.1,83051557.2,11.5115,3.1533,4,22,1.9801,16.59,2812.97,True,3.6275,True,False,1,0.6341,0.0785,3.47,0.8149,0.7344,0.745,70.66,High,True,circular_trading
TRD0029186,TRD0097,CMP036,UCCA,2025-11-28 14:01:00,BUY,Equity,Stop-Loss,342858,106.62,36555519.96,7.0985,5.5696,1,23,2.6395,19.34,337.3,True,2.1461,False,False,4,1.0566,0.8788,2.38,0.8801,0.9315,0.6486,86.07,Critical,True,wash_trading
TRD0001964,TRD0210,CMP036,UCCA,2025-11-13 09:04:08,BUY,ETF,Cover Order,218862,120.14,26294080.68,10.1727,2.5826,2,20,2.7379,27.65,9999.0,True,3.6521,False,False,5,0.7128,0.8977,1.83,0.8438,0.8893,0.5358,81.66,High,True,insider_trading
TRD0111659,TRD0090,CMP044,UDJH,2026-05-29 15:52:00,SELL,Equity,Stop-Loss,54860,41.94,2300828.4,10.7501,2.8969,2,24,3.8723,29.01,461.01,True,2.1951,False,False,3,0.4177,0.6416,8.28,0.8323,0.7732,0.5136,74.77,High,True,layering
TRD0087616,TRD0048,CMP026,UGLJ,2025-12-10 14:32:37,BUY,Equity,Market,15969,1567.39,25029650.91,1.5906,0.396,1,7,1.9986,316.64,958.46,False,0.3609,False,False,0,0.0257,0.0957,-0.47,0.0107,0.0769,0.0648,4.72,Low,False,none
TRD0110002,TRD0205,CMP000,SPDZ,2026-01-01 15:16:52,BUY,Futures,Cover Order,47235,468.28,22119205.8,0.9186,-0.3218,2,14,1.6391,535.97,9999.0,False,-0.1415,True,False,2,0.0456,0.2051,10.13,0.0804,0.0101,0.0481,6.69,Low,False,none
TRD0109841,TRD0420,CMP016,FWEI,2026-05-23 17:07:19,SELL,Equity,Limit,2120,845.59,1792650.8,1.2874,0.0026,5,21,0.8187,9999.0,869.66,False,-0.3257,False,True,7,0.0452,0.1695,2.46,0.0029,0.0431,0.0661,4.11,Low,False,none
TRD0073391,TRD0384,CMP016,FWEI,2025-11-14 12:11:07,BUY,ETF,Stop-Loss,15477,824.26,12757072.02,1.227,0.6701,3,4,0.7017,96.89,9999.0,False,0.2758,False,False,6,0.0865,0.1359,0.41,0.0919,0.0295,0.0487,7.11,Low,False,none
TRD0063945,TRD0119,CMP000,SPDZ,2026-02-28 08:33:36,BUY,ETF,Cover Order,160861,449.1,72242675.1,11.4162,5.8109,3,22,2.3677,56.52,806.6,False,2.7694,False,True,7,0.1621,0.1704,4.03,0.5008,0.7128,0.4974,53.09,Medium,True,insider_trading
TRD0040050,TRD0077,CMP057,PNYK,2025-12-09 15:43:12,BUY,Equity,Stop-Loss,156519,64.0,10017216.0,4.66,5.9247,3,15,3.9123,451.28,1.67,False,2.8768,False,False,4,0.4986,0.4257,4.13,0.8782,0.7833,0.7712,78.84,High,True,layering
TRD0063745,TRD0043,CMP036,UCCA,2025-10-15 10:14:43,SELL,Equity,Market,10398,129.84,1350076.32,0.8607,-0.1208,1,8,1.4129,722.47,9999.0,False,0.222,False,False,5,0.0193,0.1666,0.82,0.067,0.03,0.014,5.79,Low,False,none
TRD0099628,TRD0053,CMP051,NQWS,2025-12-20 15:43:53,BUY,Options,Market,5716,40.82,233327.12,0.7173,-0.1252,4,5,0.8129,1038.71,544.13,False,-0.1891,True,False,0,0.0738,0.2471,-1.31,0.1328,0.013,0.078,10.01,Low,False,none
TRD0001039,TRD0346,CMP020,IARJ,2026-05-28 12:47:08,SELL,Equity,Stop-Loss,31652,1080.84,34210747.68,1.4448,1.1359,3,4,0.6413,9999.0,883.71,False,-0.6688,False,False,2,0.0987,0.0967,0.41,0.0296,0.04,0.2011,6.52,Low,False,none
TRD0016787,TRD0266,CMP058,JGPO,2026-02-23 11:33:31,BUY,ETF,Market,9134,321.9,2940234.6,1.3008,1.5654,3,13,1.3897,760.34,349.91,False,0.5085,False,False,0,0.104,0.5211,-1.77,0.0823,0.0087,0.063,10.12,Low,False,none
TRD0004986,TRD0174,CMP032,MXGK,2026-02-11 15:15:30,SELL,Equity,Cover Order,21320,1167.74,24896216.8,1.3009,-0.3892,2,1,0.8845,375.13,324.92,False,0.7626,False,False,0,0.0244,0.0981,-5.4,0.0679,0.0171,0.0433,5.2,Low,False,none
TRD0000627,TRD0312,CMP034,SIHG,2026-03-09 13:43:08,BUY,Equity,Market,290393,300.57,87283424.01,4.6299,2.6496,5,13,3.1783,1652.12,7.51,False,2.8522,False,False,4,0.1301,0.7761,2.17,0.8949,0.8782,0.7879,86.2,Critical,True,insider_trading
TRD0004775,TRD0236,CMP028,EZAB,2025-11-04 14:47:22,SELL,Equity,Bracket Order,27986,1941.87,54345173.82,1.2264,-1.5488,5,18,1.1485,3883.57,2.68,False,-0.4124,False,False,0,0.1163,0.671,-2.47,0.0435,0.222,0.078,16.5,Low,False,none
TRD0043519,TRD0271,CMP038,UXVA,2026-02-19 08:42:33,BUY,Equity,Market,69445,640.53,44481605.85,4.242,5.6943,2,18,1.6567,49.74,1047.21,False,2.6432,False,True,7,0.0671,0.4495,3.09,0.3238,0.6854,0.3603,45.03,Medium,True,circular_trading
TRD0108351,TRD0442,CMP047,VBOF,2026-03-15 12:28:45,BUY,ETF,Market,32172,258.61,8320000.92,1.4107,0.9615,3,1,1.4736,797.88,516.27,False,-0.9268,False,False,0,0.0961,0.116,-7.99,0.0656,0.0224,0.0894,6.12,Low,False,none
TRD0054383,TRD0090,CMP038,UXVA,2026-05-24 13:10:27,SELL,Equity,Bracket Order,48367,622.9,30127804.3,9.1033,4.7681,5,1,1.6612,35.03,385.88,True,4.516,False,False,4,0.899,0.6416,3.18,0.7758,0.4877,0.7398,67.05,Medium,True,spoofing
TRD0044619,TRD0369,CMP000,SPDZ,2026-03-02 15:32:35,BUY,Equity,Stop-Loss,117357,454.57,53346971.49,5.4614,5.3065,2,12,3.8685,1.53,861.58,True,4.8237,False,False,3,0.62,0.5509,0.38,0.927,0.8559,0.4386,79.48,High,True,wash_trading
TRD0018821,TRD0042,CMP045,BPXM,2026-01-30 13:38:37,SELL,Futures,Cover Order,721035,274.78,198125997.3,6.5886,6.6488,1,8,2.0515,9.77,9999.0,True,2.6425,True,False,1,0.5897,0.4561,3.52,0.9801,0.8931,0.7829,87.2,Critical,True,layering
TRD0100614,TRD0133,CMP007,PZVF,2026-05-10 15:31:55,SELL,Equity,Bracket Order,87075,58.74,5114785.5,1.5121,1.2483,1,23,1.3742,9999.0,1367.06,False,0.2514,False,False,0,0.073,0.3838,-1.37,0.0878,0.0584,0.0806,10.75,Low,False,none
TRD0096876,TRD0180,CMP011,CGLO,2025-11-04 15:27:08,SELL,Futures,Limit,210535,28.31,5960245.85,7.9067,6.9337,1,13,1.6912,42.43,26.47,True,4.4137,True,False,2,0.5323,0.0771,3.25,0.7933,0.9402,0.7093,75.32,High,True,insider_trading
TRD0021992,TRD0177,CMP048,JGWJ,2026-03-16 13:39:52,BUY,Equity,Stop-Loss,92277,143.59,13250054.43,1.4815,-0.7104,1,5,1.153,728.0,60.76,False,0.7386,False,False,7,0.0568,0.2999,0.84,0.0215,0.0851,0.0058,6.61,Low,False,none
TRD0056910,TRD0152,CMP011,CGLO,2026-04-02 12:53:13,BUY,ETF,Stop-Loss,9005,59.62,536878.1,0.7509,-0.6031,3,18,1.7383,307.11,2460.75,False,0.5886,False,False,0,0.0427,0.4359,-0.42,0.0026,0.0283,0.0184,5.6,Low,False,none
TRD0110551,TRD0072,CMP059,RFEI,2026-01-29 12:42:16,SELL,Equity,Market,202315,71.07,14378527.05,6.2813,3.3188,5,3,3.9245,12.67,1159.34,True,4.0565,False,False,4,0.7106,0.179,2.58,0.9803,0.7686,0.8728,82.05,High,True,pump_and_dump
TRD0004050,TRD0399,CMP025,JXOT,2026-05-17 09:12:24,SELL,ETF,Limit,33548,252.22,8461476.56,0.7706,1.2438,1,14,0.6564,695.79,438.43,False,1.1189,False,False,4,0.0714,0.1297,5.86,0.0091,0.0823,0.0071,4.28,Low,False,none
TRD0076773,TRD0222,CMP047,VBOF,2026-04-16 13:59:12,SELL,Equity,Cover Order,96599,240.03,23186657.97,5.0332,3.1009,4,20,3.6106,28.38,1285.78,True,3.7093,False,False,6,0.4452,0.7021,5.29,0.9642,0.8914,0.7575,88.51,Critical,True,wash_trading
TRD0066514,TRD0329,CMP011,CGLO,2025-10-31 08:27:53,SELL,Futures,Stop-Loss,68201,63.86,4355315.86,6.4411,5.359,1,18,3.2685,76.52,1.19,False,3.6331,True,True,4,0.5691,0.2294,8.26,0.8803,0.8933,0.906,82.3,High,True,insider_trading
TRD0009303,TRD0210,CMP021,TXFE,2025-11-06 12:45:49,BUY,ETF,Limit,188693,105.74,19952397.82,8.192,3.3711,1,2,3.0495,27.41,9999.0,True,4.1299,False,False,0,0.6502,0.8977,-1.24,0.9481,0.8515,0.7658,88.67,Critical,True,insider_trading
TRD0083164,TRD0397,CMP039,JDXM,2026-01-03 07:07:05,BUY,Futures,Stop-Loss,853156,105.79,90255373.24,4.925,4.2211,4,16,1.723,1424.25,1.46,False,4.075,True,True,7,0.8557,0.3764,4.02,0.7609,0.8641,0.7399,75.03,High,True,insider_trading
TRD0073179,TRD0155,CMP018,YGCX,2026-01-13 10:32:59,SELL,Equity,Market,5791,749.19,4338559.29,0.8169,0.6869,5,2,1.5283,0.51,311.94,True,0.5637,False,False,6,0.0354,0.023,5.15,0.0528,0.123,0.109,7.93,Low,False,none
TRD0048487,TRD0414,CMP009,QWEI,2025-12-01 15:32:54,SELL,Equity,Market,7734,108.78,841304.52,11.7422,6.1066,1,15,3.678,32.49,433.76,True,2.947,False,False,1,0.3641,0.8918,1.2,0.8744,0.9439,0.767,88.09,Critical,True,layering
TRD0054967,TRD0390,CMP029,OPWR,2026-05-14 14:20:22,SELL,ETF,Limit,14189,84.88,1204362.32,1.6086,-0.4698,3,6,1.6283,9999.0,172.37,False,-0.7107,False,False,0,0.0212,0.6803,-2.87,0.0832,0.2015,0.0288,17.02,Low,False,none
TRD0005162,TRD0317,CMP027,BNLN,2026-06-15 12:17:35,BUY,Equity,Stop-Loss,147822,270.95,40052370.9,10.6988,6.0512,2,5,3.3862,3.82,4030.21,True,2.0257,False,False,6,0.1335,0.2666,2.9,0.7705,0.8213,0.7549,73.3,High,True,insider_trading
TRD0090012,TRD0222,CMP025,JXOT,2025-12-04 15:42:17,BUY,ETF,Cover Order,23808,226.22,5385845.76,1.4742,-1.6148,3,16,1.1664,1401.59,110.11,False,-0.6529,False,False,5,0.0382,0.7021,2.12,0.185,0.0077,0.1572,17.94,Low,False,none
TRD0113061,TRD0222,CMP022,TTZR,2025-12-17 11:52:22,BUY,ETF,Stop-Loss,71809,461.14,33114002.26,4.1614,6.2801,4,11,2.5512,34.21,9999.0,True,4.4373,False,False,4,0.4658,0.7021,5.4,0.7959,0.5366,0.3784,64.61,Medium,True,insider_trading
TRD0034390,TRD0237,CMP039,JDXM,2026-06-04 14:37:00,SELL,Equity,Stop-Loss,33423,113.59,3796518.57,1.4152,-0.6204,2,17,1.8591,27.34,705.47,True,0.0593,False,False,0,0.0963,0.0194,-2.68,0.1204,0.2624,0.011,13.65,Low,False,none
TRD0013119,TRD0344,CMP007,PZVF,2026-01-28 09:16:03,SELL,ETF,Bracket Order,142879,24.37,3481961.23,8.5061,4.4754,5,12,1.9105,8.76,597.59,True,3.2381,False,False,7,0.375,0.08,2.77,0.9357,0.459,0.6038,65.73,Medium,True,front_running
TRD0054109,TRD0336,CMP035,AQPF,2025-12-10 16:30:57,SELL,Options,Limit,186485,1060.97,197854990.45,5.199,5.1422,1,24,2.2205,14.47,561.34,True,3.4014,True,True,4,1.0193,0.7178,1.62,0.9442,0.6402,0.9134,82.57,High,True,pump_and_dump
TRD0105852,TRD0385,CMP031,NGEI,2026-02-16 13:48:09,BUY,ETF,Stop-Loss,13041,436.88,5697352.08,0.9848,-0.7942,1,7,1.8518,1117.59,372.4,False,-0.3167,False,False,4,0.073,0.69,2.91,0.0609,0.0116,0.0888,11.32,Low,False,none
TRD0020647,TRD0126,CMP028,EZAB,2026-04-15 08:00:39,BUY,Equity,Limit,576330,1922.59,1108046294.7,9.8166,5.1355,4,4,2.2065,2.34,3883.9,True,4.2814,False,True,1,0.3495,0.1962,3.42,0.8562,0.5799,0.5957,66.82,Medium,True,insider_trading
TRD0026797,TRD0036,CMP034,SIHG,2025-11-22 14:34:46,BUY,Equity,Bracket Order,31221,287.83,8986340.43,1.4431,-0.4671,4,12,1.317,129.67,511.55,False,-0.4079,False,False,3,0.0782,0.1991,0.82,0.0729,0.0881,0.2704,11.97,Low,False,none
TRD0012293,TRD0486,CMP002,JBDO,2025-12-02 14:40:51,BUY,ETF,Market,708324,108.38,76768155.12,10.6078,5.4309,1,2,3.9398,8.96,9999.0,True,2.9848,False,False,5,0.5339,0.1954,9.45,0.951,0.7274,0.5184,74.35,High,True,insider_trading
TRD0039206,TRD0079,CMP008,OIUY,2025-12-25 13:47:10,SELL,ETF,Cover Order,7889,847.99,6689793.11,1.0485,0.0046,2,4,1.0172,1654.45,134.78,False,0.6348,False,False,0,0.0506,0.0359,-1.88,0.0138,0.257,0.0179,8.96,Low,False,none
TRD0002520,TRD0363,CMP019,ADNW,2025-12-01 13:04:45,BUY,ETF,Stop-Loss,3355,49.63,166508.65,0.6473,0.4393,4,14,1.4297,770.38,9999.0,False,-0.2805,False,False,0,0.0566,0.0525,-0.98,0.0176,0.0274,0.1298,4.09,Low,False,none
TRD0099618,TRD0414,CMP005,QSGC,2026-02-25 15:29:22,BUY,ETF,Limit,1257,134.92,169594.44,1.8291,1.313,3,1,0.5292,101.6,1393.36,False,-0.1853,False,False,0,0.0038,0.8918,-4.06,0.0339,0.0199,0.1018,12.57,Low,False,none
TRD0077542,TRD0369,CMP055,NKNY,2026-01-07 18:34:31,SELL,Equity,Market,145471,1082.55,157479631.05,6.7584,2.5622,4,24,1.5418,326.26,7.81,False,3.6821,False,True,0,1.0711,0.5509,-5.18,0.8929,0.9271,0.9612,87.92,Critical,True,insider_trading
TRD0093477,TRD0333,CMP044,UDJH,2025-10-16 09:51:21,BUY,ETF,Stop-Loss,78373,12.82,1004741.86,0.5805,-0.588,3,1,0.6407,1819.46,9999.0,False,0.3763,False,False,4,0.1313,0.0642,4.05,0.0844,0.1396,0.0797,9.82,Low,False,none
TRD0058684,TRD0414,CMP056,ASGU,2025-11-14 16:41:00,SELL,ETF,Stop-Loss,6289,733.69,4614176.41,7.6001,3.9946,2,1,2.9629,40.56,9999.0,True,2.7547,False,True,2,1.1432,0.8918,4.7,0.9421,0.7759,0.7252,85.47,Critical,True,front_running
TRD0098985,TRD0122,CMP017,FNLM,2025-11-12 13:33:49,SELL,Equity,Market,58177,625.58,36394367.66,0.9673,-0.6426,5,12,0.9257,2863.7,9999.0,False,0.238,False,False,0,0.0516,0.112,-3.84,0.0118,0.1461,0.0327,6.52,Low,False,none
TRD0042196,TRD0449,CMP045,BPXM,2026-02-19 18:59:39,SELL,Equity,Market,18234,241.81,4409163.54,1.381,0.9242,4,5,1.5286,1470.36,475.58,False,0.2955,False,True,0,0.0494,0.1964,-3.89,0.019,0.1114,0.0542,6.97,Low,False,none
TRD0105296,TRD0014,CMP001,LMTI,2026-05-09 13:43:21,SELL,ETF,Cover Order,127611,348.44,44464776.84,1.1979,0.2398,5,5,0.6361,1043.99,350.9,False,-0.3643,False,False,3,0.0683,0.2128,0.47,0.0504,0.174,0.0048,9.69,Low,False,none
TRD0106895,TRD0138,CMP050,MCCS,2025-12-13 13:43:44,BUY,ETF,Bracket Order,4772,55.13,263080.36,0.8708,-0.532,5,3,1.1829,22.44,9999.0,True,1.3397,False,False,1,0.0915,0.1919,2.4,0.0763,0.0086,0.0886,6.94,Low,False,none
TRD0002736,TRD0210,CMP002,JBDO,2026-02-20 17:29:35,SELL,Futures,Stop-Loss,191560,111.67,21391505.2,9.046,6.9401,3,16,3.9517,117.08,13.97,False,2.8302,True,True,3,0.424,0.8977,1.8,0.8407,0.8945,0.8088,85.78,Critical,True,front_running
TRD0106015,TRD0072,CMP027,BNLN,2026-05-05 13:49:34,SELL,ETF,Cover Order,33070,265.66,8785376.2,1.1912,-0.4516,5,5,0.5182,986.28,3047.75,False,-0.431,False,False,6,0.0809,0.179,1.85,0.0303,0.0364,0.0764,5.39,Low,False,none
TRD0097735,TRD0256,CMP020,IARJ,2026-04-19 15:14:36,BUY,Equity,Bracket Order,2093598,1052.87,2204286526.26,9.1457,6.1949,3,9,2.708,49.84,66.59,False,2.5557,False,False,6,1.0192,0.0896,7.46,0.6286,0.9541,0.369,63.34,Medium,True,pump_and_dump
TRD0025028,TRD0073,CMP008,OIUY,2025-12-20 09:01:48,SELL,Equity,Bracket Order,4186,868.03,3633573.58,1.0333,-0.163,4,14,1.1411,1779.21,10.03,False,-1.9963,False,False,6,0.1013,0.1504,2.29,0.0071,0.0224,0.0163,2.74,Low,False,none
TRD0101685,TRD0406,CMP025,JXOT,2026-02-12 12:50:14,BUY,Equity,Market,15323,235.59,3609945.57,1.2843,-0.1197,2,3,0.941,1813.94,275.54,False,-0.1302,False,False,0,0.0479,0.0986,-3.63,0.1538,0.3135,0.1095,18.95,Low,False,none
TRD0021542,TRD0412,CMP043,QBPR,2026-01-27 09:03:59,BUY,Options,Market,740657,431.56,319637934.92,11.1587,4.0206,2,1,3.4586,30.83,9999.0,True,4.5336,True,False,2,0.5793,0.5609,8.2,0.9473,0.8962,0.7431,86.27,Critical,True,front_running
TRD0042018,TRD0452,CMP005,QSGC,2026-05-26 09:53:47,BUY,ETF,Bracket Order,9812,115.5,1133286.0,0.5019,-2.1157,1,20,1.5685,548.32,2052.81,False,-0.5428,False,False,7,0.0439,0.0701,1.7,0.2057,0.0587,0.0094,11.86,Low,False,none
TRD0110380,TRD0248,CMP049,JIRH,2026-01-26 18:08:59,BUY,ETF,Bracket Order,552224,180.98,99941499.52,11.2444,4.3612,1,23,3.4475,38.4,9999.0,True,4.5697,False,True,7,0.6988,0.4378,6.48,0.8938,0.9057,0.7166,82.52,High,True,spoofing
TRD0105958,TRD0415,CMP008,OIUY,2026-02-17 15:54:11,BUY,ETF,Limit,37049,879.62,32589041.38,0.9901,-1.7679,3,2,1.4958,356.34,1432.9,False,0.0675,False,False,1,0.0858,0.1044,1.56,0.05,0.0466,0.0074,4.8,Low,False,none
TRD0109002,TRD0312,CMP009,QWEI,2025-10-01 12:03:15,BUY,Options,Stop-Loss,37059,181.12,6712126.08,0.754,-0.1731,1,23,1.9101,1033.73,9999.0,False,1.3285,True,False,0,0.0094,0.7761,-3.77,0.0065,0.1147,0.1295,13.44,Low,False,none
TRD0113579,TRD0222,CMP052,QXXS,2025-11-28 13:38:27,BUY,Futures,Bracket Order,191643,1788.77,342805249.11,11.9942,4.4392,1,18,2.8647,22.57,234.94,True,3.5344,True,False,4,0.8775,0.7021,0.19,0.7875,0.6089,0.5388,68.81,Medium,True,spoofing
TRD0007707,TRD0132,CMP002,JBDO,2025-10-20 12:53:33,BUY,Equity,Bracket Order,27724,108.24,3000845.76,0.7602,0.2243,4,10,1.6671,1042.74,9999.0,False,0.2437,False,False,0,0.0863,0.0439,-2.62,0.0543,0.0845,0.0188,5.7,Low,False,none
TRD0082864,TRD0412,CMP046,LUQA,2026-05-14 12:15:14,BUY,Equity,Cover Order,396201,197.86,78392329.86,5.823,4.5759,1,21,1.8531,27.91,424.18,True,3.8479,False,False,2,0.5355,0.5609,0.18,0.7013,0.8121,0.5016,69.05,Medium,True,insider_trading
TRD0023317,TRD0444,CMP039,JDXM,2026-02-02 10:39:37,SELL,Equity,Bracket Order,42722,123.38,5271040.36,1.0175,0.6258,1,16,1.0837,700.7,725.0,False,0.3768,False,False,2,0.1213,0.2163,8.27,0.1417,0.2402,0.0836,17.0,Low,False,none
TRD0045345,TRD0188,CMP058,JGPO,2026-04-27 12:35:25,SELL,ETF,Cover Order,23593,341.47,8056301.71,1.059,1.0767,1,14,1.726,353.4,533.09,False,-0.5333,False,False,0,0.019,0.2666,-10.41,0.0546,0.0249,0.0081,5.99,Low,False,none
TRD0078097,TRD0248,CMP003,NCBQ,2026-03-26 15:38:41,BUY,ETF,Bracket Order,222786,92.44,20594337.84,3.8649,5.6939,5,21,3.7085,44.6,942.31,True,2.66,False,False,3,0.4647,0.4378,2.68,0.6612,0.7224,0.4717,62.88,Medium,True,pump_and_dump
TRD0084383,TRD0097,CMP036,UCCA,2025-11-27 15:43:05,BUY,ETF,Limit,308635,105.16,32456056.6,6.8671,3.9663,3,4,2.5142,41.64,315.0,True,2.388,False,False,4,0.5755,0.8788,1.27,0.8612,0.7197,0.5415,77.26,High,True,pump_and_dump
TRD0027209,TRD0184,CMP011,CGLO,2025-12-19 15:04:49,BUY,Equity,Bracket Order,962581,44.88,43200635.28,6.156,6.9887,2,9,2.0951,33.06,539.22,True,2.1113,False,False,5,0.2569,0.8894,6.46,0.9673,0.7264,0.759,85.6,Critical,True,layering
TRD0091322,TRD0309,CMP026,UGLJ,2026-01-02 14:44:56,SELL,ETF,Bracket Order,32630,1539.65,50238779.5,0.5861,-0.1561,5,5,1.3331,2886.14,158.19,False,-0.3931,False,False,3,0.0312,0.2159,1.4,0.0104,0.0644,0.042,5.19,Low,False,none
TRD0069779,TRD0466,CMP026,UGLJ,2025-11-18 10:22:15,SELL,Equity,Limit,8879,1531.46,13597833.34,1.1959,0.743,4,10,1.0759,848.82,426.29,False,-0.4987,False,False,3,0.022,0.1445,0.5,0.0838,0.2246,0.0498,12.7,Low,False,none
TRD0052642,TRD0267,CMP016,FWEI,2026-04-16 11:27:09,BUY,Options,Stop-Loss,94243,820.76,77350884.68,9.2739,6.3471,4,2,2.7538,24.01,841.48,True,2.5847,True,False,0,0.7957,0.0894,-1.21,0.8238,0.7755,0.5214,69.05,Medium,True,layering
TRD0082939,TRD0248,CMP050,MCCS,2026-03-21 17:07:44,SELL,Futures,Limit,591360,92.79,54872294.4,8.9394,3.4718,5,6,2.0259,869.29,3.22,False,3.7247,True,True,0,0.382,0.4378,-2.26,0.5644,0.8598,0.7729,67.16,Medium,True,insider_trading
TRD0012128,TRD0390,CMP033,CHAM,2026-04-23 15:01:47,BUY,ETF,Bracket Order,105644,1357.69,143431802.36,11.6538,2.5805,5,17,1.9513,0.34,2306.39,True,2.1067,False,False,0,0.2823,0.6803,-3.49,0.9412,0.8755,0.9269,89.33,Critical,True,circular_trading
TRD0079528,TRD0248,CMP002,JBDO,2026-05-27 09:16:49,BUY,Futures,Limit,454743,110.2,50112678.6,9.1011,2.5701,4,11,2.9459,21.63,641.08,True,4.9298,True,False,2,1.144,0.4378,7.59,0.3714,0.8918,0.5971,56.8,Medium,True,wash_trading
TRD0116034,TRD0097,CMP045,BPXM,2026-04-20 10:30:03,BUY,Futures,Bracket Order,389127,245.08,95367245.16,8.3689,2.9617,4,12,2.0752,38.85,1907.09,True,2.4474,True,False,3,0.1691,0.8788,6.78,0.8565,0.8183,0.7697,83.42,High,True,front_running
TRD0074178,TRD0053,CMP007,PZVF,2026-02-09 14:41:46,BUY,Equity,Cover Order,13322,35.31,470399.82,1.5474,0.6026,2,16,1.3774,793.77,284.67,False,-1.3179,False,False,0,0.0536,0.2471,-0.71,0.0155,0.0711,0.0905,6.66,Low,False,none
TRD0049667,TRD0414,CMP011,CGLO,2025-11-26 12:58:14,BUY,Options,Limit,3667,40.46,148366.82,3.8781,3.6962,1,3,2.2679,14.89,483.09,True,2.3066,True,False,6,0.5338,0.8918,6.22,0.8212,0.7183,0.7323,78.41,High,True,wash_trading
TRD0004423,TRD0385,CMP044,UDJH,2025-12-29 08:29:36,BUY,ETF,Bracket Order,98688,13.81,1362881.28,8.0912,5.1811,2,13,2.2702,44.82,9999.0,True,4.2995,False,True,4,0.5434,0.69,7.03,0.9466,0.9124,0.7984,88.84,Critical,True,insider_trading
TRD0006999,TRD0189,CMP023,OTXX,2026-01-04 12:59:55,SELL,Equity,Stop-Loss,13537,3175.53,42987149.61,0.8766,0.5195,3,21,0.6154,2790.18,67.6,False,0.3035,False,False,0,0.0427,0.3276,-3.68,0.0022,0.048,0.0105,4.97,Low,False,none
TRD0089887,TRD0042,CMP018,YGCX,2025-12-31 07:12:07,SELL,ETF,Stop-Loss,1011455,776.14,785030683.7,7.8085,4.6005,4,11,3.2777,3.41,9999.0,True,3.0147,False,True,3,0.1338,0.4561,0.04,0.9208,0.8774,0.8522,85.1,Critical,True,insider_trading
TRD0062121,TRD0286,CMP053,SVJO,2026-03-10 17:14:10,BUY,Options,Bracket Order,77877,1.21,94231.17,8.993,4.7208,3,11,1.5885,48.47,182.73,False,3.3429,True,True,7,0.4505,0.0501,1.05,0.7403,0.7707,0.5048,64.51,Medium,True,pump_and_dump
TRD0048612,TRD0207,CMP018,YGCX,2026-02-28 12:21:18,BUY,Options,Stop-Loss,131253,766.43,100596236.79,7.2009,6.3846,5,13,3.6345,30.41,1105.29,True,4.2014,True,False,2,0.5988,0.5604,2.6,0.9589,0.8292,0.8189,85.91,Critical,True,layering
TRD0028939,TRD0041,CMP044,UDJH,2025-12-31 12:55:37,BUY,ETF,Bracket Order,141472,41.21,5830061.12,5.0718,4.0662,5,14,3.693,425.29,7.61,False,4.2492,False,False,2,0.5299,0.862,0.94,0.7435,0.7538,0.6454,74.37,High,True,wash_trading
TRD0067356,TRD0208,CMP000,SPDZ,2026-03-02 13:51:16,BUY,Equity,Cover Order,263217,457.36,120384927.12,1.5987,-0.4075,4,8,1.8827,3.22,859.89,True,-1.486,False,False,2,0.0505,0.2359,3.0,0.0159,0.2574,0.031,11.26,Low,False,none
TRD0100193,TRD0252,CMP013,RXNL,2025-11-12 14:30:19,BUY,Options,Market,286037,126.6,36212284.2,6.7509,5.7287,1,11,2.3263,5.12,9999.0,True,3.8785,True,False,2,0.041,0.7888,3.01,0.6307,0.7349,0.7197,69.11,Medium,True,insider_trading
TRD0105469,TRD0150,CMP006,XBFQ,2026-03-19 16:01:53,SELL,ETF,Bracket Order,73333,40.96,3003719.68,8.1224,6.63,1,3,3.7779,30.29,747.41,True,3.9437,False,True,6,0.4789,0.2223,5.39,0.6966,0.8916,0.6449,69.99,Medium,True,spoofing
TRD0040257,TRD0475,CMP014,DJHR,2026-04-26 08:49:22,BUY,Options,Bracket Order,2706837,104.17,281971210.29,7.3944,2.7215,5,17,3.6676,47.54,222.47,True,2.4283,True,True,5,0.8668,0.8184,5.03,0.6031,0.8344,0.9301,74.31,High,True,front_running
TRD0001815,TRD0291,CMP059,RFEI,2026-05-07 13:33:47,BUY,Equity,Limit,23943,91.08,2180728.44,1.2183,-0.5758,2,22,0.5517,865.65,1149.1,False,0.2606,False,False,0,0.0329,0.1156,-1.29,0.0153,0.001,0.1034,3.43,Low,False,none
TRD0068736,TRD0158,CMP007,PZVF,2026-02-11 09:03:11,SELL,ETF,Cover Order,22616,5.92,133886.72,1.101,0.2343,3,18,0.5509,751.42,327.03,False,-1.282,False,False,4,0.0179,0.0919,7.3,0.0358,0.0028,0.0725,3.7,Low,False,none
TRD0045503,TRD0362,CMP052,QXXS,2026-06-10 07:25:04,BUY,Equity,Bracket Order,116436,1824.35,212420016.6,3.2464,6.2776,4,10,2.4416,29.46,1359.11,True,3.4635,False,True,0,0.5597,0.1275,-0.2,0.6854,0.9161,0.7334,70.6,High,True,pump_and_dump
TRD0057897,TRD0319,CMP058,JGPO,2025-12-12 13:19:46,SELL,Equity,Stop-Loss,193005,414.36,79973551.8,0.8766,0.5602,2,3,0.5882,394.66,211.49,False,0.3807,False,False,3,0.0001,0.3621,1.59,0.045,0.0701,0.1137,9.45,Low,False,none
TRD0010791,TRD0222,CMP041,LXML,2025-12-19 09:27:21,BUY,ETF,Bracket Order,139047,451.2,62738006.4,7.5316,6.9071,1,6,3.9217,459.66,1.51,False,2.5906,False,False,0,0.9918,0.7021,-0.41,0.734,0.808,0.5776,72.96,High,True,wash_trading
TRD0066091,TRD0203,CMP028,EZAB,2026-01-28 10:39:54,SELL,ETF,Bracket Order,7367,1961.58,14450959.86,1.2586,-0.6508,1,15,0.9514,1847.69,2038.56,False,-0.4472,False,False,0,0.0904,0.1169,-0.09,0.0091,0.0885,0.0184,4.51,Low,False,none
TRD0081993,TRD0258,CMP011,CGLO,2026-05-18 14:59:33,SELL,ETF,Limit,7191,56.9,409167.9,1.0367,0.0522,2,3,0.6461,432.6,307.66,False,-1.0413,False,False,0,0.1315,0.2195,-4.0,0.2379,0.0861,0.0728,16.58,Low,False,none
TRD0026975,TRD0209,CMP048,JGWJ,2026-06-15 15:59:44,BUY,Equity,Market,36696,130.52,4789561.92,1.478,-0.3172,5,13,1.1437,9999.0,443.48,False,-0.7616,False,False,0,0.0886,0.2285,-5.11,0.0069,0.0004,0.1237,4.46,Low,False,none
TRD0032932,TRD0369,CMP058,JGPO,2026-05-23 10:29:28,SELL,ETF,Cover Order,72371,320.9,23223853.9,3.4902,6.6977,2,1,2.5597,25.27,14.26,True,2.3395,False,False,0,0.1518,0.5509,-2.7,0.9791,0.9672,0.4626,85.52,Critical,True,pump_and_dump
TRD0047039,TRD0032,CMP010,VTWH,2026-02-04 15:47:33,SELL,ETF,Stop-Loss,11491,76.12,874694.92,0.7392,0.09,1,19,0.7887,561.07,1937.13,False,0.2589,False,False,0,0.0283,0.2562,-0.98,0.0357,0.1561,0.0657,9.84,Low,False,none
TRD0065560,TRD0107,CMP016,FWEI,2026-01-13 12:26:37,SELL,Equity,Stop-Loss,168896,874.47,147694485.12,1.6557,-0.8088,1,24,1.1067,619.92,675.13,False,0.3115,False,False,7,0.123,0.2606,0.8,0.0187,0.0377,0.0159,4.82,Low,False,none
TRD0047221,TRD0117,CMP033,CHAM,2025-11-08 14:48:26,SELL,Equity,Bracket Order,56841,1385.22,78737290.02,0.9672,0.7177,2,19,0.8058,274.27,9999.0,False,0.8382,False,False,1,0.0119,0.0414,5.35,0.0416,0.0245,0.0351,3.55,Low,False,none
TRD0091603,TRD0041,CMP050,MCCS,2026-03-19 09:54:24,SELL,Equity,Stop-Loss,87257,115.35,10065094.95,3.3108,4.6073,3,21,2.7632,9.6,252.07,True,4.9525,False,False,3,0.6034,0.862,5.25,0.9609,0.8911,0.7963,90.54,Critical,True,circular_trading
TRD0023975,TRD0007,CMP024,GGME,2026-01-21 13:09:40,SELL,Futures,Cover Order,61701,21.61,1333358.61,1.3912,0.0002,5,24,1.0669,177.97,134.51,False,0.6486,True,False,6,0.0285,0.1944,0.11,0.0059,0.0356,0.0666,4.28,Low,False,none
TRD0044322,TRD0063,CMP014,DJHR,2026-06-28 13:18:53,SELL,Equity,Bracket Order,33553,134.07,4498450.71,0.9348,-0.0655,1,9,0.8049,9999.0,1468.95,False,-1.1284,False,False,3,0.0447,0.6313,6.83,0.0123,0.1385,0.1384,13.1,Low,False,none
TRD0035639,TRD0090,CMP014,DJHR,2026-04-27 10:47:59,BUY,Equity,Bracket Order,22707,72.41,1644213.87,4.6075,3.3958,4,13,3.4518,21.56,248.45,True,4.0838,False,False,2,0.3012,0.6416,6.22,0.968,0.8653,0.9017,89.46,Critical,True,insider_trading
TRD0016832,TRD0414,CMP050,MCCS,2026-03-18 13:03:28,SELL,ETF,Stop-Loss,8026,102.09,819374.34,8.4735,2.6921,2,5,1.6872,30.45,231.22,True,4.191,False,False,7,1.0289,0.8918,4.36,0.5526,0.7548,0.9012,69.95,Medium,True,layering
TRD0015541,TRD0255,CMP015,WXZK,2025-11-23 13:22:40,BUY,Equity,Bracket Order,224607,629.85,141468718.95,8.4648,4.3011,4,9,2.7837,13.82,43.69,True,2.8539,False,False,2,0.6379,0.8046,3.34,0.8578,0.9526,0.8156,87.46,Critical,True,insider_trading
TRD0099104,TRD0187,CMP025,JXOT,2025-11-13 11:50:31,BUY,Futures,Bracket Order,16852,251.97,4246198.44,1.4402,1.5991,1,9,0.9809,397.75,81.26,False,0.4669,True,False,0,0.014,0.0742,-0.51,0.0604,0.0712,0.0086,5.72,Low,False,none
TRD0041019,TRD0336,CMP059,RFEI,2026-06-12 15:11:33,BUY,Equity,Cover Order,341806,74.15,25344914.9,9.2356,2.6357,3,20,2.8324,0.02,2014.73,True,3.8602,False,False,1,1.0102,0.7178,5.12,0.8283,0.7944,0.8643,81.25,High,True,insider_trading
TRD0087256,TRD0207,CMP034,SIHG,2026-06-22 18:12:50,SELL,ETF,Stop-Loss,13765,351.73,4841563.45,0.7886,-1.1467,5,24,1.7899,9999.0,872.38,False,-0.6839,False,True,0,0.0442,0.5604,-1.87,0.2265,0.0309,0.0279,17.14,Low,False,none
TRD0021939,TRD0252,CMP042,EKVN,2026-06-08 14:30:10,BUY,Equity,Cover Order,266736,222.68,59396772.48,6.2836,6.1205,2,7,3.0564,0.8,894.29,True,2.6868,False,False,5,0.5148,0.7888,4.25,0.9119,0.8195,0.8051,85.58,Critical,True,layering
TRD0076985,TRD0350,CMP022,TTZR,2026-06-16 15:32:12,BUY,ETF,Cover Order,160851,440.57,70866125.07,9.816,4.5927,1,19,3.3355,37.76,773.41,True,3.3022,False,False,7,0.1219,0.2726,3.55,0.6896,0.5387,0.4178,56.19,Medium,True,pump_and_dump
TRD0027278,TRD0051,CMP041,LXML,2026-05-06 10:29:31,SELL,Equity,Bracket Order,14710,447.65,6584931.5,0.9626,1.204,5,7,0.6617,9999.0,439.47,False,1.1027,False,False,2,0.0451,0.1998,4.53,0.1711,0.0778,0.0858,13.32,Low,False,none
TRD0090909,TRD0023,CMP045,BPXM,2025-11-11 09:12:16,SELL,ETF,Limit,15297,266.48,4076344.56,0.9216,-0.4821,5,12,1.5009,1934.21,9999.0,False,0.3089,False,False,3,0.0097,0.1899,1.51,0.1428,0.0689,0.0392,10.98,Low,False,none
TRD0084022,TRD0194,CMP031,NGEI,2025-11-12 14:14:28,SELL,Equity,Limit,17464,433.21,7565579.44,0.7807,-0.3665,4,3,1.1722,1409.96,9999.0,False,0.1193,False,False,0,0.0262,0.4073,-4.98,0.2143,0.052,0.0005,15.28,Low,False,none
TRD0046399,TRD0184,CMP001,LMTI,2026-04-24 12:21:46,BUY,Futures,Bracket Order,1252072,362.88,454351887.36,7.1594,5.0068,4,11,1.9378,10.46,1091.34,True,2.9082,True,False,2,0.9412,0.8894,4.47,0.8984,0.9071,0.7108,87.2,Critical,True,layering
TRD0063491,TRD0253,CMP005,QSGC,2025-12-29 14:08:34,BUY,ETF,Limit,57011,84.33,4807737.63,7.1041,3.5081,2,17,2.8327,1494.95,0.02,False,3.336,False,False,0,0.5219,0.1576,-0.23,0.9119,0.853,0.6649,78.18,High,True,wash_trading
TRD0025987,TRD0217,CMP039,JDXM,2025-12-30 09:32:34,BUY,ETF,Cover Order,12452,97.3,1211579.6,1.2764,0.1705,3,23,1.6159,92.11,9999.0,False,0.1439,False,False,5,0.0778,0.3467,4.07,0.2735,0.2732,0.0895,25.31,Low,False,none
TRD0072158,TRD0396,CMP026,UGLJ,2025-12-23 10:45:46,BUY,Equity,Bracket Order,82618,1560.2,128900603.6,1.3098,-0.6742,1,6,1.4448,8.42,1266.68,True,-0.2223,False,False,4,0.0892,0.4176,4.33,0.0465,0.0747,0.035,9.03,Low,False,none
TRD0117408,TRD0423,CMP021,TXFE,2026-05-27 09:36:26,BUY,ETF,Cover Order,64058,91.05,5832480.9,7.6259,3.5141,3,4,2.4381,14.64,3271.2,True,3.9689,False,False,7,0.2999,0.1385,1.4,0.8115,0.5524,0.668,64.49,Medium,True,layering
TRD0077528,TRD0474,CMP020,IARJ,2025-11-15 13:36:09,SELL,Equity,Cover Order,9737,1086.48,10579055.76,1.3866,-1.088,2,16,1.9586,30.29,9999.0,True,0.0631,False,False,7,0.1234,0.4314,0.87,0.0199,0.0031,0.1463,7.5,Low,False,none
